Employee_ID,Employee_Name,Department,Role,Salary,Experience_Years,Age,Location,Performance_Rating,Attrition,Joining_Date,Exit_Date,Bonus,Promotion
1,VihaanSharma,Marketing,Manager,321958,19,49-,Mumbai,Low,Yes,18-07-2018,09-03-2022,66303,Yes
2,AnikaNair,HR,Executive,932180,6,39-,Delhi,Low,Yes,23-05-2018,04-11-2019,132229,Yes
3,MyraMehta,Legal,Manager,1112756,3,44,Hyderabad,High,No,11-05-2015,,60218,Yes
4,SaiNair,Operations,Analyst,987201,11,50,Mumbai,Low,No,24-10-2022,,49513,Yes
5,AdityaNair,Finance,Analyst,303355,0,32,Kolkata,Average,No,08-04-2024,,47005,Yes
6,KiaraKapoor,Finance,Specialist,1507371,16,47,Delhi,High,No,18-12-2017,,195916,No
7,AnikaMehta,Finance,Executive,1398079,15,35,Pune,Low,No,09-07-2015,,95238,Yes
Employee_ID,Employee_Name,Department,Role,Salary,Experience_Years,Age,Location,Performance_Rating,Attrition,Joining_Date,Exit_Date,Bonus,Promotion
8,AyaanVerma,Legal,Analyst,1153277,18,23,Hyderabad,High,No,26-09-2024,,197797,Yes
9,DiyaReddy,Sales,Consultant,689492,8,59,Bangalore,High,Yes,21-07-2018,28-02-2020,164402,Yes
10,MyraMehta,IT,Specialist,1488205,17,29,Hyderabad,Average,Yes,10-05-2024,13-06-2026,143133,No
11,VivaanMehta,HR,Analyst,1500571,14,27,Hyderabad,Average,Yes,31-07-2024,09-07-2026,325082,Yes
12,AnikaReddy,Sales,Consultant,306530,13,37,Hyderabad,Average,No,09-05-2020,,26498,Yes
13,KrishnaGupta,Sales,Consultant,1005889,5,24,Chennai,High,No,09-02-2019,,245353,No
14,AnikaNair,Operations,Manager,1189913,11,54-,Mumbai,High,No,21-07-2015,,272448,Yes
15,VivaanVerma,IT,Consultant,1246797,15,35,Mumbai,High,No,31-03-2016,,204585,Yes
16,SaanviNair,Admin,Lead,1602107,7,41,Bangalore,High,Yes,30-07-2022,23-12-2027,167051,Yes
,,,,,,,,,,,,,
17,MyraPatel,Operations,Executive,733556,12,49,Bangalore,Average,Yes,24-08-2020,15-05-2021,38971,No
18,AaravPatel,IT,Lead,464712,0,28,Delhi,High,No,04-02-2019,,24544,Yes
19,ArjunReddy,IT,Lead,680754,16,28,Kolkata,High,Yes,26-08-2019,05-05-2021,139046,No
20,IraSharma,Finance,Analyst,1549380,9,59,Kolkata,Average,Yes,24-05-2023,19-01-2024,360993,Yes
21,AyaanSingh,Finance,Executive,1279111,11,54,Pune,Average,Yes,02-07-2023,24-12-2026,158819,Yes
22,ArjunIyer,IT,Analyst,1850237,4,55,Chennai,High,No,24-06-2022,,328438,Yes
23,MyraMehta,Marketing,Specialist,224538,2,21,Pune,High,No,14-04-2022,,54864,No
24,NavyaIyer,Finance,Manager,1406914,0,25,Mumbai,Low,No,03-01-2024,,136747,Yes
25,AnikaKapoor,Sales,Lead,1097421,6,47,Mumbai,Low,Yes,28-01-2016,09-03-2017,148709,Yes
26,AyaanVerma,HR,Analyst,322409,12,52,Delhi,High,Yes,22-08-2022,25-08-2026,36390,No
27,IraMehta,IT,Consultant,1359263,3,50,Chennai,High,No,07-12-2021,,135733,Yes
28,IraNair,Sales,Executive,1173548,14,49,Delhi,High,No,25-11-2017,,279974,No
29,AadhyaNair,Admin,Consultant,1199238,18,42,Delhi,High,Yes,25-12-2019,09-02-2022,209711,Yes
30,SaanviReddy,Finance,Manager,1160061,5,48,Mumbai,Low,No,17-11-2017,,108683,Yes
31,AadhyaGupta,Marketing,Specialist,225939,10,48-,Mumbai,Low,No,05-02-2019,,25666,Yes
32,VivaanKapoor,HR,Executive,1010208,0,47,Kolkata,Low,Yes,04-05-2022,08-08-2024,121743,No
33,IraIyer,Sales,Specialist,602690,6,26,Delhi,Low,No,19-01-2019,,94512,Yes
34,SaanviPatel,Admin,Analyst,428576,18,44,Hyderabad,High,No,21-06-2020,,35853,Yes
35,ReyanshPatel,Sales,Executive,261087,8,32,Chennai,High,Yes,21-10-2024,18-03-2029,50247,No
36,VivaanSharma,Admin,Lead,791460,16,37,Kolkata,High,Yes,29-11-2016,07-10-2017,194163,Yes
37,NavyaVerma,IT,Executive,1885723,4,52,Chennai,Low,Yes,10-01-2024,16-08-2025,184635,No
38,VihaanSingh,Sales,Lead,1761729,11,46,Chennai,Low,Yes,23-08-2019,07-12-2024,173373,No
39,AnikaSingh,Operations,Analyst,1319043,10,37,Mumbai,High,No,05-02-2017,,277827,Yes
40,KrishnaNair,IT,Consultant,568452,19,54,Pune,Average,No,17-07-2015,,73765,No
41,AdityaSharma,Admin,Lead,310078,15,36,Chennai,Low,Yes,31-08-2016,25-07-2020,35397,Yes
42,NavyaPatel,IT,Analyst,251663,2,40,Delhi,Low,No,12-09-2022,,46686,No
43,SaiIyer,Marketing,Lead,1110681,2,39,Kolkata,High,Yes,25-10-2023,22-09-2026,76898,No
44,VihaanGupta,Marketing,Executive,601896,0,59,Delhi,High,Yes,13-07-2021,18-06-2024,46649,No
45,IshaanSingh,Sales,Consultant,1256731,17,43,Bangalore,Low,No,09-12-2018,,283352,No
46,KrishnaSharma,Finance,Consultant,754594,6,36,Hyderabad,Average,Yes,21-07-2021,22-10-2023,121519,Yes
47,AnanyaGupta,Marketing,Manager,1719163,16,22,Pune,Average,No,23-01-2023,,117969,Yes
48,VihaanVerma,IT,Lead,1244107,4,57,Delhi,Average,Yes,29-03-2018,25-07-2021,146563,No
49,ArjunSharma,Marketing,Analyst,580002,18,36,Kolkata,Low,No,28-02-2018,,128334,Yes
50,AyaanVerma,Operations,Lead,1107317,0,44,Kolkata,Average,Yes,19-09-2016,14-11-2018,262574,Yes
51,SaiGupta,Legal,Executive,991971,5,40,Mumbai,High,No,11-09-2015,,51423,No
52,AyaanPatel,IT,Consultant,1906493,2,45-,Delhi,Average,Yes,28-02-2020,17-03-2023,156640,No
53,AyaanMehta,Admin,Analyst,1891985,1,55,Bangalore,Low,Yes,14-08-2017,31-10-2022,161168,Yes
54,ReyanshNair,Operations,Analyst,238467,0,34,Kolkata,Low,No,24-07-2018,,20452,No
55,NavyaNair,Operations,Executive,1307447,7,27,Delhi,Average,Yes,03-05-2018,24-12-2019,145926,No
56,VivaanVerma,Legal,Analyst,456687,11,42,Pune,Average,No,08-06-2024,,45710,Yes
57,SaanviSingh,Sales,Analyst,316381,5,58,Delhi,High,No,29-05-2024,,46618,Yes
58,NavyaKapoor,Sales,Analyst,1647687,1,41,Hyderabad,Low,No,08-03-2017,,294970,No
59,VihaanPatel,Marketing,Consultant,1618175,0,25,Hyderabad,Average,No,26-05-2023,,314719,No
60,MyraGupta,Sales,Specialist,245714,3,55,Pune,Average,Yes,30-04-2018,23-10-2021,14428,No
61,SaanviKapoor,HR,Analyst,1960427,13,26,Bangalore,Low,No,16-11-2020,,391190,No
62,KiaraIyer,Admin,Consultant,611927,16,51,Mumbai,High,No,06-09-2023,,150574,Yes
63,AdityaPatel,Operations,Executive,848307,0,23,Kolkata,Low,No,08-05-2015,,105645,Yes
64,ReyanshGupta,HR,Executive,888105,2,44,Mumbai,Average,Yes,17-09-2016,06-11-2020,163614,No
65,AadhyaSingh,Sales,Consultant,1266646,1,47,Pune,Average,No,12-12-2021,,285596,No
66,AyaanGupta,HR,Executive,397392,7,53,Kolkata,Average,Yes,26-06-2024,14-09-2025,48441,Yes
67,NavyaIyer,HR,Lead,779036,9,46,Mumbai,Low,No,05-03-2020,,78870,Yes
68,KiaraKapoor,Operations,Specialist,997079,12,27,Chennai,High,No,05-02-2015,,209046,No
69,SaiIyer,Admin,Analyst,464512,7,36,Kolkata,Low,No,25-05-2022,,105909,No
70,AyaanPatel,Admin,Executive,648982,14,48,Pune,Average,Yes,18-05-2024,17-03-2027,89361,No
71,AnanyaReddy,Finance,Manager,849150,18,45,Mumbai,Low,No,28-07-2016,,209203,Yes
72,ReyanshVerma,Legal,Specialist,484821,16,26,Bangalore,High,No,13-12-2017,,76318,No
73,VivaanMehta,Legal,Specialist,1362208,7,25,Kolkata,High,Yes,31-01-2018,20-12-2021,297512,No
74,IraSharma,Operations,Analyst,389407,19,50,Kolkata,Average,No,16-02-2015,,73949,Yes
75,IraMehta,Marketing,Specialist,927975,19,36,Hyderabad,Low,No,26-09-2015,,226339,No
76,SaanviGupta,Admin,Manager,1229225,18,37,Chennai,High,Yes,30-04-2015,23-02-2018,168040,No
77,AnikaSingh,HR,Executive,1876345,4,46,Pune,Average,Yes,27-04-2015,11-01-2018,254550,No
78,SaiSharma,Marketing,Specialist,300235,0,21,Bangalore,Low,No,20-10-2022,,29410,No
79,AnanyaNair,Marketing,Specialist,729525,15,45,Bangalore,Low,No,02-05-2016,,172841,Yes
80,MyraSharma,Operations,Manager,573632,15,59,Pune,Low,Yes,04-12-2016,01-07-2021,78664,Yes
81,AyaanMehta,HR,Lead,452764,2,32,Mumbai,Low,Yes,03-06-2015,25-07-2020,37004,No
82,VihaanSingh,Sales,Specialist,403861,13,48,Pune,Average,No,28-12-2017,,27798,Yes
83,RiyaSingh,Finance,Manager,1824157,13,25-,Bangalore,Low,Yes,12-05-2018,27-05-2021,126900,No
84,AnikaNair,Legal,Consultant,1939183,6,56,Mumbai,Low,Yes,05-08-2018,21-08-2022,265222,Yes
85,IshaanSingh,Finance,Lead,488790,9,25,Kolkata,Low,No,07-09-2023,,28868,No
86,DiyaVerma,Operations,Executive,633374,9,39,Kolkata,Average,No,25-10-2021,,95137,Yes
87,AadhyaReddy,Admin,Consultant,1552695,4,24,Mumbai,Average,Yes,15-06-2023,02-03-2026,370749,No
88,RiyaKapoor,Admin,Specialist,1934913,16,48,Hyderabad,High,No,14-06-2017,,343022,No
89,AyaanVerma,Marketing,Specialist,921747,11,55,Mumbai,Average,No,24-08-2021,,69776,No
90,AaravIyer,Operations,Manager,925948,18,57,Hyderabad,Low,No,15-07-2018,,117799,No
91,AnanyaPatel,Marketing,Lead,1286880,7,30,Delhi,High,Yes,02-12-2017,16-10-2022,134855,Yes
92,AyaanNair,Admin,Lead,1203531,13,22,Kolkata,Low,No,07-02-2024,,82909,No
93,KiaraSharma,Finance,Analyst,1873250,16,46,Mumbai,Average,Yes,14-02-2017,29-04-2019,410195,No
94,AnikaReddy,Admin,Lead,1586073,1,27,Chennai,Average,No,12-12-2023,,299098,No
95,DiyaIyer,Marketing,Analyst,1024945,12,31,Bangalore,Low,Yes,17-02-2016,04-07-2020,201928,Yes
96,AnanyaVerma,IT,Manager,1309268,3,30,Mumbai,High,No,07-03-2020,,262014,No
97,AnikaKapoor,Marketing,Executive,1033727,2,55,Kolkata,Low,No,21-04-2019,,128599,Yes
98,DiyaGupta,Marketing,Executive,396582,4,32,Pune,High,Yes,02-06-2024,02-09-2029,79385,No
99,VivaanSharma,Marketing,Consultant,837144,2,50,Mumbai,High,No,20-07-2018,,131319,Yes
100,AaravSingh,Marketing,Specialist,1426607,12,39,Hyderabad,Average,No,02-02-2021,,86590,Yes
101,VivaanPatel,Admin,Executive,395004,8,39,Kolkata,Low,No,17-03-2015,,47787,No
102,AdityaSingh,HR,Manager,1307739,13,51,Mumbai,High,No,17-06-2024,,191589,Yes
103,AyaanVerma,Legal,Lead,1702713,14,36,Chennai,High,Yes,03-06-2017,16-12-2020,184986,No
104,KiaraIyer,Marketing,Lead,420184,19,41,Hyderabad,Average,Yes,25-09-2024,18-08-2029,87530,Yes
105,ReyanshMehta,Marketing,Consultant,489336,6,59,Delhi,Low,Yes,11-09-2021,27-08-2025,29934,Yes
106,MyraVerma,IT,Executive,1141218,10,31,Hyderabad,Average,No,29-05-2022,,278149,No
107,VivaanMehta,Marketing,Consultant,379208,9,37,Bangalore,High,No,07-02-2024,,82552,Yes
108,AyaanPatel,Sales,Specialist,1532397,12,29,Delhi,High,Yes,13-03-2023,01-12-2025,293068,Yes
109,KrishnaGupta,Finance,Executive,1463108,4,58,Mumbai,Average,No,14-07-2021,,243257,No
110,VihaanIyer,Marketing,Consultant,1684140,0,42,Hyderabad,Average,No,14-05-2016,,163929,No
111,AdityaSingh,HR,Specialist,892440,12,24,Pune,Average,No,02-01-2020,,111779,Yes
112,AdityaMehta,HR,Consultant,219870,18,59,Kolkata,Average,Yes,01-04-2015,30-09-2017,50849,Yes
113,IraKapoor,Admin,Analyst,1736038,2,33,Mumbai,High,No,23-01-2017,,249524,No
114,AdityaIyer,Operations,Specialist,848249,19,48,Bangalore,Average,Yes,31-03-2016,23-01-2019,181998,Yes
115,AnanyaNair,Admin,Analyst,505062,0,23,Pune,Average,Yes,19-06-2020,18-12-2021,122444,No
116,AdityaReddy,Marketing,Analyst,1741310,16,45,Delhi,Average,Yes,03-04-2017,05-05-2020,164935,No
117,AadhyaSharma,Sales,Lead,1625541,11,52,Bangalore,High,No,29-01-2021,,95308,No
118,VivaanMehta,Marketing,Lead,328148,15,41,Mumbai,Average,No,22-07-2015,,76728,No
119,VihaanSharma,Sales,Consultant,459747,2,39,Mumbai,Average,Yes,05-04-2019,25-10-2023,71085,No
120,AdityaMehta,Finance,Specialist,217640,16,34,Delhi,High,Yes,12-03-2018,05-09-2022,54228,No
121,IshaanKapoor,Marketing,Specialist,834421,2,36,Kolkata,Average,No,15-04-2016,,49305,Yes
122,KiaraKapoor,IT,Specialist,1065291,9,52,Mumbai,High,Yes,02-10-2022,12-12-2025,137320,Yes
123,KrishnaNair,Operations,Lead,1534679,7,48,Bangalore,Low,No,16-06-2022,,219059,No
124,AnikaSingh,Admin,Manager,1595385,17,48,Hyderabad,High,No,11-08-2022,,194747,No
125,AnanyaKapoor,Legal,Specialist,991267,16,29,Bangalore,Low,Yes,17-07-2017,15-11-2022,169066,No
126,AyaanNair,HR,Analyst,282844,12,55,Pune,Average,No,07-02-2024,,67346,No
127,ArjunIyer,HR,Manager,780466,4,45,Chennai,High,No,02-11-2021,,51939,Yes
128,KiaraVerma,Admin,Executive,1044573,17,25,Pune,Low,No,26-09-2023,,138145,Yes
129,AdityaIyer,Marketing,Analyst,1310389,0,38,Chennai,High,No,12-08-2015,,323741,Yes
130,AnanyaKapoor,Legal,Analyst,1377354,16,33,Pune,High,No,22-06-2019,,79011,Yes
131,RiyaVerma,Sales,Consultant,470846,0,41,Pune,Average,Yes,10-11-2022,27-10-2024,88680,Yes
132,AadhyaVerma,Finance,Specialist,915460,4,58,Mumbai,High,No,19-09-2022,,147468,Yes
133,VivaanReddy,HR,Analyst,400244,4,30,Bangalore,Average,No,30-08-2024,,50258,Yes
134,AyaanKapoor,Legal,Lead,1755540,13,29,Pune,Low,Yes,16-03-2020,02-10-2020,422751,Yes
135,AdityaSingh,Legal,Lead,1134604,3,21,Pune,Low,No,30-05-2017,,228509,Yes
136,AyaanIyer,Marketing,Specialist,292193,7,59,Bangalore,High,Yes,10-01-2021,04-04-2022,45015,No
137,IshaanKapoor,IT,Executive,1684917,2,32,Hyderabad,Average,No,07-06-2020,,270229,No
138,KrishnaIyer,Marketing,Manager,1879748,16,43,Hyderabad,Average,Yes,23-12-2023,14-12-2027,327192,Yes
139,SaanviSingh,Operations,Lead,1734026,18,59,Bangalore,High,No,25-07-2024,,300771,Yes
140,SaanviPatel,HR,Lead,206949,17,54,Kolkata,High,Yes,16-10-2022,21-01-2027,28454,No
141,IshaanMehta,Operations,Manager,1703678,1,58,Pune,Low,No,22-09-2024,,352202,Yes
142,VihaanSharma,Marketing,Specialist,450875,9,37,Delhi,High,No,20-12-2020,,94365,Yes
143,AdityaPatel,Operations,Consultant,1756617,16,30,Hyderabad,Low,Yes,03-10-2022,30-06-2027,111101,Yes
144,MyraReddy,Marketing,Manager,423777,5,22,Bangalore,Average,No,24-07-2015,,38913,No
145,VihaanIyer,Finance,Manager,458090,15,31,Kolkata,Low,No,21-03-2020,,72127,No
146,AdityaNair,HR,Analyst,879574,15,51,Chennai,Low,No,17-06-2020,,68400,No
147,KrishnaSingh,Legal,Consultant,1272647,3,24,Bangalore,Low,Yes,16-09-2019,08-01-2021,291891,No
148,AaravSingh,Operations,Lead,1612290,17,39,Mumbai,High,Yes,25-10-2017,10-06-2022,170448,No
149,IshaanNair,Finance,Manager,1285244,5,21,Delhi,Low,No,16-05-2022,,182704,No
150,VihaanVerma,Sales,Lead,1398425,13,54,Mumbai,Average,No,22-05-2020,,210719,No
151,MyraNair,IT,Specialist,1461466,8,46,Pune,Low,No,15-04-2021,,213708,No
152,KrishnaSharma,Operations,Manager,1422869,14,50,Hyderabad,Average,Yes,17-04-2015,10-02-2018,178509,No
153,VihaanReddy,Operations,Executive,859792,3,21,Hyderabad,Average,Yes,17-08-2020,19-11-2022,145696,Yes
154,KiaraVerma,Sales,Consultant,1991667,14,42,Pune,High,Yes,09-06-2016,13-04-2018,402298,Yes
155,AnanyaMehta,IT,Lead,267661,1,46,Mumbai,Low,Yes,09-06-2016,24-11-2018,26896,Yes
156,AyaanReddy,IT,Lead,860482,14,43,Delhi,Average,Yes,29-08-2022,13-03-2024,134598,Yes
157,MyraPatel,IT,Executive,1223980,17,58,Pune,Low,Yes,18-08-2022,07-01-2026,86870,Yes
158,DiyaMehta,Operations,Executive,631734,4,48,Mumbai,Average,Yes,14-12-2016,29-05-2020,72280,Yes
159,AadhyaKapoor,Finance,Consultant,295462,11,45,Delhi,Average,No,01-01-2021,,35037,No
160,NavyaSingh,Finance,Specialist,1647960,3,30,Chennai,Low,Yes,08-03-2015,13-05-2016,246680,No
161,KiaraSharma,HR,Specialist,226734,3,42,Kolkata,Average,No,12-09-2020,,36628,Yes
162,IraIyer,Finance,Executive,670951,16,39,Bangalore,High,Yes,04-12-2024,20-08-2026,78829,Yes
163,ArjunPatel,Operations,Specialist,1202163,1,26,Chennai,High,No,10-06-2024,,117145,No
164,NavyaSingh,Legal,Executive,1144789,5,26,Kolkata,High,Yes,07-03-2019,07-06-2021,94028,Yes
165,AadhyaIyer,Sales,Specialist,387210,8,23,Bangalore,Average,No,31-08-2015,,20773,No
166,VihaanReddy,Legal,Analyst,990756,3,44,Pune,Average,No,31-05-2018,,227202,Yes
167,IraVerma,Finance,Executive,1552147,10,24,Delhi,Average,Yes,14-02-2020,08-06-2022,380296,No
168,ArjunKapoor,HR,Lead,312221,5,22,Chennai,High,No,26-04-2017,,49020,Yes
169,AadhyaReddy,Legal,Consultant,444761,18,25,Delhi,Average,No,01-07-2021,,108343,No
170,VihaanSingh,Sales,Manager,264323,18,40,Pune,Average,Yes,13-08-2015,13-08-2017,26031,Yes
171,DiyaKapoor,Operations,Executive,589678,0,46,Kolkata,Average,Yes,15-10-2016,18-03-2018,39778,No
172,MyraSingh,HR,Lead,1250493,10,56,Pune,High,No,02-12-2022,,195724,Yes
173,SaiPatel,Marketing,Analyst,482272,5,30,Bangalore,Low,Yes,18-09-2015,03-11-2020,119599,Yes
174,AnikaNair,Finance,Manager,578892,7,22,Pune,High,Yes,08-06-2019,09-11-2020,45017,Yes
175,NavyaMehta,Legal,Specialist,1357448,16,29,Hyderabad,Average,Yes,17-06-2020,02-07-2023,195900,No
176,IshaanReddy,Finance,Executive,1144118,2,50,Mumbai,Low,Yes,23-01-2018,01-01-2023,247271,Yes
177,KrishnaIyer,Legal,Specialist,986667,17,34,Chennai,Average,No,23-03-2020,,193557,No
178,ReyanshKapoor,Finance,Analyst,1712584,1,32,Hyderabad,Low,No,20-04-2019,,402953,No
179,NavyaPatel,HR,Manager,1940095,7,31,Hyderabad,High,Yes,22-05-2017,13-05-2021,175239,Yes
180,ReyanshPatel,Sales,Manager,551005,2,41,Kolkata,Average,No,11-11-2023,,117317,No
181,VihaanSharma,Admin,Consultant,879290,13,46,Hyderabad,Low,Yes,06-03-2022,31-01-2023,99570,No
182,MyraMehta,Operations,Executive,1986921,17,28,Hyderabad,High,Yes,11-08-2018,03-11-2020,249137,No
183,AaravIyer,Finance,Analyst,1391602,5,53,Chennai,Average,No,12-11-2017,,191691,No
184,IshaanVerma,Legal,Executive,1650976,16,53,Bangalore,Low,No,13-05-2023,,209307,No
185,AdityaNair,Finance,Manager,611597,7,59,Hyderabad,High,No,24-05-2020,,83364,Yes
186,SaanviPatel,Operations,Manager,1472386,6,28,Bangalore,Low,Yes,14-02-2022,12-09-2026,122717,Yes
187,NavyaKapoor,Sales,Analyst,1106862,0,50,Bangalore,High,Yes,08-06-2018,04-07-2021,229916,Yes
188,VihaanGupta,Marketing,Manager,1521509,0,57,Mumbai,High,Yes,14-07-2024,07-09-2027,119629,Yes
189,SaiIyer,Admin,Lead,481173,1,30,Kolkata,High,No,31-05-2016,,108433,No
190,AnanyaGupta,Admin,Executive,1423520,5,33,Hyderabad,Average,No,05-11-2023,,179028,No
191,AnikaSharma,Operations,Lead,402967,19,35,Delhi,Average,No,03-11-2023,,63657,No
192,VivaanSharma,Operations,Analyst,326108,14,24,Delhi,High,Yes,01-12-2022,21-02-2028,63267,No
193,KiaraSingh,HR,Specialist,347550,18,56,Kolkata,High,Yes,17-03-2024,05-12-2026,34880,No
194,RiyaIyer,IT,Executive,795603,10,30,Hyderabad,Low,No,29-12-2022,,132609,Yes
195,NavyaGupta,HR,Manager,1303894,14,46,Pune,Average,No,07-06-2021,,225560,Yes
196,DiyaReddy,Marketing,Specialist,1193497,12,38,Hyderabad,Average,Yes,11-09-2017,16-12-2020,63997,No
197,AdityaReddy,Finance,Lead,430203,10,32,Pune,Average,No,10-05-2023,,70134,No
198,RiyaGupta,Operations,Executive,1753731,4,57,Chennai,High,Yes,07-02-2020,29-12-2020,141189,No
199,IshaanNair,IT,Lead,700315,8,49,Pune,Low,No,03-09-2024,,165885,No
200,AnanyaGupta,Finance,Consultant,1383445,10,43,Pune,Average,No,28-11-2019,,100503,Yes
,,,,,,,,,,,,,
201,DiyaPatel,IT,Manager,332717,3,43,Bangalore,Average,Yes,12-11-2022,20-03-2026,74521,Yes
202,ArjunGupta,Finance,Analyst,1417078,18,35,Kolkata,Low,Yes,01-06-2022,11-12-2026,86374,No
203,RiyaGupta,Legal,Manager,1214920,9,46,Mumbai,Low,Yes,25-07-2017,07-09-2019,161463,No
204,VivaanNair,Operations,Consultant,1217433,10,58,Pune,Low,No,21-01-2016,,174263,No
205,KiaraMehta,Sales,Analyst,1781530,1,47,Kolkata,Average,Yes,09-11-2024,26-02-2027,169104,No
206,AnikaIyer,Admin,Analyst,1450155,18,44,Kolkata,Average,No,25-01-2015,,217049,Yes
207,ReyanshSingh,IT,Analyst,1006388,0,49,Delhi,High,No,04-03-2015,,106191,No
208,MyraVerma,Finance,Analyst,1791961,17,41,Delhi,Low,No,18-07-2023,,153404,No
209,NavyaGupta,Legal,Executive,770451,8,40,Mumbai,Average,No,08-12-2015,,51674,Yes
210,AadhyaSharma,Legal,Lead,1455100,7,27,Bangalore,Low,No,28-11-2019,,162952,Yes
211,DiyaMehta,HR,Analyst,1683741,18,39,Delhi,High,No,12-04-2024,,153267,Yes
212,ArjunSharma,Marketing,Specialist,1308252,16,49,Pune,Low,No,13-10-2015,,284300,No
213,RiyaSharma,Finance,Executive,420178,17,21,Bangalore,Low,Yes,22-03-2022,02-08-2026,59101,No
214,VihaanPatel,Sales,Analyst,1386293,16,50,Delhi,Low,Yes,29-08-2019,18-10-2022,112356,No
215,RiyaIyer,Finance,Executive,1434816,7,49,Kolkata,Average,Yes,24-02-2015,04-04-2020,178866,Yes
216,ArjunPatel,Legal,Executive,1217289,18,54,Chennai,Average,Yes,13-06-2024,26-03-2025,299192,No
217,SaiVerma,Operations,Executive,852465,6,49,Chennai,High,Yes,07-06-2023,04-04-2026,136688,No
218,IraSharma,Legal,Analyst,705815,7,57,Bangalore,High,Yes,11-03-2022,05-09-2025,127434,No
219,AdityaReddy,Sales,Consultant,1874222,7,54,Pune,High,Yes,13-11-2020,16-06-2024,364448,No
220,ArjunSharma,Operations,Lead,1178039,13,36,Bangalore,High,Yes,27-03-2016,14-12-2020,216308,No
221,IraGupta,IT,Executive,1894164,13,51,Pune,Average,Yes,02-04-2017,19-05-2020,127638,No
222,ReyanshSharma,Sales,Executive,454726,0,43,Bangalore,Average,No,23-08-2023,,25149,No
223,KrishnaSharma,Sales,Analyst,1415868,18,56,Bangalore,Low,No,01-08-2018,,190129,No
224,VihaanReddy,Legal,Specialist,601921,0,25,Pune,Average,No,23-04-2020,,70528,No
225,SaiIyer,Admin,Analyst,1919294,1,23,Kolkata,High,No,15-04-2016,,109103,Yes
226,AadhyaVerma,Legal,Lead,578387,4,57,Kolkata,Low,No,22-07-2017,,118434,No
227,VihaanVerma,Operations,Consultant,592417,11,55,Bangalore,Average,No,04-03-2019,,145088,No
228,SaiIyer,Operations,Specialist,1505289,13,43,Delhi,High,No,08-05-2015,,130089,No
229,KrishnaSharma,Finance,Consultant,1932465,18,37,Pune,Average,No,17-01-2022,,383280,Yes
230,AaravGupta,Admin,Executive,695553,12,45,Mumbai,Low,Yes,23-05-2024,16-04-2028,54163,No
231,DiyaNair,HR,Lead,1562413,3,46,Mumbai,High,No,17-03-2016,,359533,No
232,DiyaIyer,Finance,Lead,1505185,4,31,Mumbai,High,No,25-11-2022,,350497,No
233,AnanyaPatel,Sales,Executive,523412,9,56,Delhi,High,Yes,10-02-2015,19-03-2018,33202,No
234,NavyaNair,Finance,Analyst,428504,5,32,Kolkata,Average,No,11-06-2019,,30559,Yes
235,RiyaPatel,Admin,Manager,1789589,5,47,Delhi,Low,Yes,17-06-2015,03-09-2017,304415,No
236,SaiIyer,Finance,Consultant,772212,6,30,Kolkata,Average,No,05-09-2019,,168049,Yes
237,MyraKapoor,Marketing,Analyst,563476,13,22,Kolkata,Low,Yes,26-05-2023,28-09-2027,48951,No
238,NavyaMehta,Finance,Manager,221172,3,46,Kolkata,Low,Yes,29-01-2015,12-01-2016,48086,No
239,AaravReddy,Operations,Specialist,980298,3,59,Kolkata,High,Yes,23-08-2022,12-08-2026,235135,Yes
240,AdityaPatel,Legal,Consultant,908662,14,44,Pune,Average,No,27-01-2017,,69967,No
241,AnikaVerma,IT,Analyst,1731191,0,56,Pune,Low,No,20-01-2017,,177365,No
242,NavyaReddy,IT,Lead,1709090,19,37,Pune,High,Yes,25-03-2023,19-12-2027,289466,Yes
243,AadhyaKapoor,HR,Executive,1314593,8,46,Chennai,Low,No,22-08-2024,,93756,Yes
244,SaiReddy,Sales,Analyst,893264,0,45,Chennai,Average,Yes,02-03-2015,13-04-2018,151548,No
245,ReyanshKapoor,Marketing,Manager,1097048,6,55,Pune,Average,Yes,11-05-2015,26-01-2020,230251,Yes
246,AnikaSingh,IT,Manager,1748459,18,50,Pune,High,No,12-04-2015,,293821,Yes
247,AaravVerma,HR,Consultant,775762,4,37,Kolkata,High,No,26-11-2015,,145930,Yes
248,AnikaNair,HR,Specialist,1508144,14,32,Pune,High,No,03-09-2018,,364419,No
249,IraMehta,Legal,Analyst,593554,7,51,Hyderabad,Low,Yes,01-06-2022,26-12-2025,107882,Yes
250,KiaraNair,Admin,Specialist,1840821,15,26,Mumbai,Average,Yes,08-05-2018,03-03-2023,424627,No
251,AnanyaReddy,Legal,Manager,975435,14,46,Kolkata,Average,Yes,03-05-2016,27-02-2021,56463,No
252,AyaanIyer,Finance,Analyst,237641,15,27,Hyderabad,Low,Yes,05-02-2016,30-04-2019,34372,Yes
253,VivaanPatel,Legal,Lead,1724102,13,35,Hyderabad,Low,Yes,20-09-2016,28-06-2021,188737,No
254,AnikaReddy,Sales,Manager,542703,7,43,Hyderabad,High,No,09-02-2019,,78606,No
255,IshaanIyer,HR,Executive,1171741,19,59,Hyderabad,High,No,01-05-2023,,133367,Yes
256,ReyanshSingh,Operations,Executive,1497897,6,37,Delhi,Average,No,06-11-2024,,253525,No
257,IshaanKapoor,HR,Executive,321826,11,54,Hyderabad,Low,No,11-05-2015,,60908,No
258,SaanviReddy,HR,Specialist,334055,11,59,Delhi,High,Yes,07-11-2024,04-10-2026,52673,No
259,MyraPatel,Finance,Specialist,346389,12,38,Chennai,Average,No,07-11-2023,,78698,Yes
260,ArjunVerma,Legal,Analyst,803561,11,22,Kolkata,Average,No,07-11-2015,,114417,Yes
261,ReyanshSingh,Legal,Lead,659297,12,33,Delhi,Low,Yes,21-07-2018,15-01-2023,155935,Yes
262,AnanyaIyer,Admin,Manager,1082554,6,49,Chennai,High,Yes,15-08-2017,22-06-2019,62267,No
263,RiyaReddy,IT,Specialist,1441835,15,30,Chennai,High,No,21-02-2023,,192561,No
264,NavyaKapoor,Admin,Consultant,450195,4,21,Chennai,Average,No,12-08-2020,,64585,Yes
265,DiyaReddy,Finance,Specialist,749239,17,24,Chennai,Average,Yes,26-05-2015,29-09-2016,43769,No
266,KrishnaSingh,Sales,Consultant,1470464,13,35,Delhi,High,No,17-03-2022,,105716,Yes
,,,,,,,,,,,,,
267,NavyaSingh,Legal,Manager,322744,3,32,Kolkata,High,Yes,12-02-2021,30-10-2021,32854,Yes
268,AnikaVerma,Sales,Executive,953019,5,59,Hyderabad,Average,No,03-01-2019,,216182,Yes
269,AadhyaMehta,Legal,Lead,1112727,10,33,Kolkata,High,No,23-03-2021,,92808,Yes
270,ArjunKapoor,Sales,Lead,393283,7,40,Bangalore,High,No,25-12-2024,,37799,No
271,AnanyaGupta,Admin,Lead,526898,12,30,Bangalore,High,No,14-09-2023,,44947,No
272,RiyaIyer,Sales,Manager,1365529,8,23,Bangalore,High,No,26-03-2020,,163897,Yes
273,IshaanPatel,Sales,Consultant,1168452,14,43,Pune,Average,No,29-06-2022,,179535,No
274,DiyaKapoor,Marketing,Analyst,655699,16,55,Delhi,High,No,30-06-2022,,97199,No
275,DiyaGupta,Marketing,Executive,1239504,2,52,Bangalore,High,Yes,19-02-2017,24-10-2020,247373,No
276,KiaraPatel,Admin,Manager,1046936,8,24,Mumbai,High,No,17-04-2020,,232446,No
277,ArjunVerma,Sales,Manager,1921610,8,23,Delhi,High,Yes,06-05-2022,05-08-2025,279277,Yes
278,VivaanVerma,Legal,Analyst,565464,1,32,Pune,Average,Yes,19-06-2015,08-06-2017,65486,Yes
279,AaravKapoor,IT,Specialist,526916,10,54,Pune,Average,No,10-09-2017,,52970,Yes
280,IshaanReddy,Marketing,Consultant,1056101,7,25,Delhi,Low,Yes,14-04-2018,13-04-2023,165301,Yes
281,SaiNair,IT,Executive,1092964,15,33,Kolkata,Average,No,06-03-2017,,71289,Yes
282,IshaanSharma,HR,Analyst,769936,17,52,Chennai,High,Yes,14-11-2015,15-05-2017,178088,No
283,IshaanIyer,Admin,Manager,328322,7,54,Kolkata,High,No,18-09-2020,,53564,No
284,ReyanshVerma,Operations,Manager,299616,5,44,Pune,Average,No,24-10-2023,,67003,Yes
285,AaravReddy,Marketing,Lead,923035,0,33,Pune,Low,Yes,29-12-2015,23-01-2018,174909,No
286,AadhyaKapoor,Operations,Executive,1769123,5,27,Hyderabad,High,Yes,20-12-2020,13-05-2026,428593,Yes
287,ArjunIyer,Operations,Manager,792632,18,51,Delhi,Average,No,26-01-2022,,40447,Yes
288,KiaraPatel,Operations,Analyst,727007,10,50,Chennai,High,Yes,24-04-2019,30-01-2020,155283,No
289,DiyaMehta,HR,Consultant,642061,12,49,Delhi,Average,No,28-03-2019,,32923,Yes
290,SaanviKapoor,Marketing,Consultant,1991199,12,47,Delhi,High,No,10-02-2018,,322512,No
291,RiyaMehta,Sales,Manager,720551,1,44,Hyderabad,Low,No,09-08-2021,,148411,No
292,AadhyaKapoor,Admin,Lead,402053,18,50,Kolkata,High,Yes,27-08-2024,21-10-2026,54859,Yes
293,RiyaVerma,Admin,Lead,1392929,14,50,Pune,Average,Yes,15-09-2020,17-12-2023,289396,Yes
294,VivaanKapoor,Sales,Lead,1976531,3,24,Chennai,Low,Yes,31-12-2016,26-01-2018,378771,No
295,NavyaIyer,Finance,Consultant,526032,9,21,Mumbai,High,No,22-01-2015,,91625,Yes
296,NavyaIyer,HR,Specialist,1625402,17,34,Mumbai,High,No,04-12-2016,,301041,No
297,AnikaSharma,Admin,Consultant,876555,3,55,Kolkata,Average,Yes,05-08-2017,08-03-2019,111079,No
298,KrishnaSharma,Sales,Lead,1043804,10,53,Delhi,Low,No,05-01-2023,,154199,No
299,AdityaKapoor,HR,Executive,1865970,10,43,Hyderabad,Low,No,18-11-2024,,152613,No
300,SaiGupta,Legal,Analyst,1392673,3,37,Hyderabad,Average,No,06-09-2023,,195360,No
301,AdityaKapoor,IT,Consultant,413030,14,49,Kolkata,Average,Yes,13-01-2021,03-08-2024,38888,Yes
302,MyraNair,IT,Consultant,1702337,14,34,Mumbai,Low,Yes,22-08-2023,18-01-2027,129832,No
303,KiaraKapoor,Legal,Lead,1825794,16,48,Hyderabad,Low,Yes,15-09-2017,23-04-2018,423410,No
304,DiyaGupta,Marketing,Manager,1670394,19,26,Pune,Low,Yes,10-08-2019,12-03-2024,412245,No
305,RiyaSharma,Sales,Manager,862784,5,35,Delhi,Low,Yes,08-11-2023,25-08-2027,48511,No
306,RiyaSharma,Sales,Consultant,1486936,11,38,Delhi,Average,No,18-07-2018,,214574,Yes
307,MyraMehta,HR,Manager,1334106,7,45,Chennai,Average,Yes,08-08-2019,09-08-2024,273917,No
308,AnikaSingh,Operations,Manager,1978254,13,27,Bangalore,Low,Yes,31-08-2021,02-03-2023,150839,No
309,IshaanPatel,HR,Lead,1486836,2,40,Chennai,High,Yes,08-12-2024,04-12-2026,217530,No
310,MyraIyer,HR,Analyst,718349,6,37,Pune,High,No,13-06-2018,,71481,No
311,AadhyaNair,IT,Analyst,1519432,5,42,Hyderabad,Low,No,10-10-2017,,175015,Yes
312,AyaanPatel,IT,Specialist,1041047,7,31,Delhi,High,No,23-12-2017,,146833,No
313,MyraKapoor,IT,Specialist,1875335,17,50,Mumbai,Average,Yes,05-09-2018,24-02-2020,273775,No
314,AdityaIyer,Operations,Executive,1965982,5,52,Chennai,High,Yes,20-08-2020,22-10-2024,395972,Yes
315,KrishnaNair,HR,Executive,251195,5,28,Mumbai,High,Yes,17-02-2017,06-04-2018,50196,No
316,ReyanshReddy,Marketing,Executive,1979240,16,32,Mumbai,Low,Yes,15-01-2023,07-07-2026,155368,No
317,AyaanSingh,Sales,Specialist,1716111,19,53,Mumbai,High,No,14-12-2016,,352078,No
318,SaanviIyer,Operations,Analyst,1572401,0,22,Bangalore,Average,No,22-03-2021,,106252,No
319,VihaanIyer,Operations,Manager,376076,0,33,Bangalore,Average,No,03-12-2020,,45715,Yes
320,AnikaMehta,IT,Executive,1563046,1,58,Bangalore,High,No,28-12-2022,,140942,No
321,ArjunMehta,Operations,Manager,1586617,17,35,Hyderabad,High,Yes,30-04-2023,29-02-2024,132476,No
322,MyraReddy,Marketing,Specialist,524912,7,31,Pune,High,No,13-11-2015,,100413,No
323,SaiReddy,IT,Manager,1643717,8,26,Pune,High,No,11-08-2023,,99271,Yes
324,MyraSharma,HR,Executive,1405663,8,32,Kolkata,High,Yes,11-07-2018,06-10-2023,246076,Yes
325,AadhyaGupta,Sales,Executive,1143187,14,27,Pune,Low,Yes,03-04-2016,01-11-2019,183596,Yes
326,NavyaIyer,Operations,Executive,1522373,2,34,Chennai,High,No,28-08-2017,,296809,No
327,AaravSharma,Legal,Executive,272715,11,33,Delhi,High,No,10-04-2019,,61185,No
328,AaravKapoor,Legal,Manager,1935826,13,56,Delhi,Low,Yes,15-11-2016,25-03-2022,402535,Yes
329,ReyanshSingh,Marketing,Analyst,270326,18,38,Bangalore,Average,Yes,12-06-2020,30-06-2023,48835,No
330,SaanviIyer,Sales,Consultant,1417060,8,23,Mumbai,Average,Yes,19-02-2023,09-06-2028,185142,Yes
331,AdityaNair,Legal,Specialist,1687292,14,53,Chennai,Average,Yes,21-06-2017,23-09-2021,143147,Yes
332,SaiVerma,Admin,Specialist,1623060,19,57,Pune,Average,Yes,30-05-2016,17-12-2018,201596,Yes
333,AyaanMehta,Admin,Analyst,1681235,17,52,Delhi,Low,No,03-10-2021,,93945,Yes
334,SaiReddy,HR,Manager,231585,3,22,Chennai,Low,No,10-07-2021,,53297,Yes
335,IshaanGupta,Sales,Lead,1635397,6,32,Kolkata,Average,No,22-01-2024,,234127,No
336,ArjunVerma,Operations,Executive,460116,14,53,Delhi,Average,Yes,24-12-2022,12-09-2025,88878,Yes
337,AnanyaSingh,Legal,Analyst,1665071,9,34,Delhi,High,No,09-07-2021,,253961,No
338,IraMehta,Operations,Lead,1837188,5,34,Hyderabad,Average,Yes,18-05-2016,22-07-2017,223855,No
339,AdityaSingh,Marketing,Manager,961985,6,26,Pune,Low,Yes,22-10-2023,16-10-2026,108155,No
340,ArjunNair,IT,Consultant,716123,1,55,Hyderabad,Average,No,06-06-2018,,37099,Yes
341,AdityaSharma,Marketing,Specialist,344832,7,32,Bangalore,Average,Yes,28-10-2015,19-11-2018,48537,Yes
342,AdityaGupta,Legal,Specialist,1104586,9,23,Chennai,High,No,21-09-2016,,92731,Yes
343,AaravVerma,Operations,Lead,1242377,9,32,Delhi,High,No,11-05-2017,,98335,No
344,AaravPatel,Legal,Specialist,1123780,19,28,Kolkata,Low,Yes,03-09-2019,17-11-2022,215041,Yes
345,SaanviGupta,IT,Analyst,413567,19,48,Bangalore,Average,No,28-09-2023,,70764,Yes
346,AdityaGupta,Legal,Analyst,1431534,4,32,Hyderabad,Average,No,21-01-2021,,295408,Yes
347,DiyaPatel,Sales,Consultant,1520567,11,48,Pune,Average,Yes,22-10-2018,15-02-2024,245766,No
348,VihaanGupta,Marketing,Executive,1724986,19,34,Hyderabad,Average,No,26-08-2017,,269501,No
349,KiaraReddy,Legal,Consultant,553299,0,55,Chennai,Low,No,17-07-2015,,47584,No
350,RiyaMehta,Admin,Analyst,958842,4,53,Mumbai,Average,No,05-10-2017,,160063,No
351,IraSingh,Sales,Analyst,1143115,9,40,Hyderabad,Average,No,03-07-2022,,166871,No
352,VihaanSingh,Sales,Lead,445546,1,45,Chennai,Low,Yes,31-03-2024,07-02-2028,73970,No
353,ReyanshIyer,Marketing,Consultant,1567223,14,43,Delhi,Average,No,31-07-2024,,245190,Yes
354,IshaanMehta,Marketing,Consultant,1287638,12,36,Mumbai,High,No,23-05-2020,,116364,No
355,AdityaIyer,Admin,Lead,597686,7,41,Hyderabad,High,No,09-05-2015,,117245,Yes
356,DiyaKapoor,Finance,Executive,1927132,5,25,Kolkata,Low,No,27-02-2019,,164634,Yes
357,RiyaSharma,Legal,Analyst,1244257,0,46,Kolkata,Average,Yes,10-10-2021,04-04-2026,185935,Yes
358,VihaanPatel,Sales,Lead,936400,7,32,Pune,High,Yes,13-09-2017,11-03-2019,175954,No
359,DiyaNair,Admin,Consultant,1247328,0,39,Chennai,High,Yes,03-08-2018,23-09-2023,160622,No
360,AaravIyer,Finance,Analyst,1720708,8,46,Hyderabad,Low,Yes,05-01-2024,28-04-2027,294225,Yes
361,DiyaPatel,Operations,Specialist,1232766,8,53,Kolkata,Low,No,17-01-2018,,276325,No
362,IraVerma,Admin,Consultant,882568,12,51,Pune,Average,No,03-05-2016,,63387,Yes
363,IshaanSharma,Finance,Executive,719777,5,24,Kolkata,Average,Yes,26-06-2019,30-01-2020,152282,Yes
364,AyaanKapoor,IT,Lead,535441,12,43,Mumbai,Average,No,30-04-2017,,119821,No
365,AyaanNair,IT,Manager,990144,6,45,Pune,High,No,04-08-2022,,113784,No
366,AaravSingh,Sales,Specialist,1276299,6,35,Chennai,Average,No,05-07-2017,,160920,Yes
367,ReyanshMehta,Marketing,Consultant,886684,0,52,Kolkata,Low,Yes,08-10-2024,10-02-2026,84637,Yes
368,DiyaReddy,Sales,Specialist,834122,2,28,Delhi,Average,No,10-04-2023,,145052,No
369,RiyaNair,Legal,Lead,694509,8,23,Delhi,Average,No,02-11-2020,,154644,No
370,RiyaGupta,Marketing,Lead,366703,1,26,Chennai,Low,Yes,01-05-2020,07-08-2022,78017,No
371,VihaanMehta,Marketing,Executive,335832,11,25,Mumbai,Average,Yes,31-10-2015,25-12-2019,33319,No
372,AadhyaSingh,IT,Lead,771107,14,43,Hyderabad,Average,Yes,11-09-2018,08-08-2020,148899,No
373,MyraGupta,IT,Specialist,1222378,12,41,Bangalore,Low,Yes,11-02-2016,09-05-2018,62967,No
374,KiaraSingh,HR,Analyst,259182,14,45,Delhi,Average,Yes,02-01-2020,04-07-2022,32660,Yes
375,SaanviKapoor,Admin,Specialist,1818243,12,42,Pune,Average,No,25-02-2017,,127793,No
376,IraGupta,Finance,Lead,337084,3,47,Delhi,Low,No,20-08-2019,,70991,Yes
377,KrishnaMehta,Marketing,Manager,624226,7,36,Kolkata,Average,No,16-04-2015,,107408,Yes
378,AnikaVerma,Marketing,Lead,1618897,1,33,Kolkata,Average,Yes,15-05-2022,28-02-2023,120409,No
379,MyraMehta,Legal,Executive,954950,11,30,Pune,High,Yes,28-11-2017,10-12-2020,83001,No
380,VivaanIyer,Marketing,Analyst,1730814,16,56,Kolkata,Low,No,12-01-2018,,253926,Yes
381,AyaanMehta,Operations,Consultant,1610822,0,33,Chennai,High,No,13-01-2023,,286077,Yes
382,RiyaGupta,Sales,Manager,365140,8,46,Kolkata,Low,No,04-06-2016,,65477,No
383,RiyaKapoor,IT,Analyst,1849017,9,28,Pune,Average,No,08-01-2021,,223147,No
384,NavyaVerma,IT,Specialist,432601,4,24,Delhi,Average,Yes,19-02-2015,01-07-2017,92802,Yes
385,AyaanGupta,Operations,Manager,1911163,6,30,Kolkata,High,No,14-12-2022,,132074,No
386,ArjunSingh,Marketing,Consultant,1592291,9,53,Hyderabad,Average,No,02-01-2019,,266424,Yes
387,AdityaNair,Marketing,Consultant,395246,16,55,Bangalore,Average,No,15-09-2023,,87965,No
388,AnikaSharma,Finance,Consultant,1066964,16,42,Hyderabad,High,No,04-08-2024,,119984,Yes
389,MyraNair,Sales,Specialist,1341154,6,52,Kolkata,Low,No,27-03-2019,,129273,No
390,AnanyaPatel,Operations,Lead,1406861,12,45,Chennai,Low,No,08-02-2017,,147591,No
391,VivaanSharma,Finance,Consultant,1777222,17,23,Kolkata,Average,Yes,27-04-2019,10-09-2023,247314,Yes
392,SaiIyer,Admin,Executive,1899752,16,31,Hyderabad,Low,Yes,25-09-2017,06-11-2021,143771,No
393,SaiPatel,Finance,Consultant,654162,3,46,Bangalore,Average,Yes,30-01-2018,22-02-2020,151180,No
394,SaiSharma,Legal,Consultant,894892,13,56,Bangalore,High,Yes,13-01-2017,31-05-2022,204785,No
395,AdityaVerma,HR,Manager,1527176,7,53,Hyderabad,Low,Yes,29-03-2020,13-10-2023,184787,Yes
396,NavyaIyer,HR,Executive,577539,12,22,Pune,Average,Yes,13-08-2017,30-07-2019,36954,No
397,ArjunIyer,Finance,Manager,335327,7,58,Hyderabad,Low,Yes,02-10-2019,21-08-2024,62379,Yes
398,AnanyaReddy,Marketing,Manager,1748075,2,42,Hyderabad,Low,Yes,27-02-2018,10-09-2020,219724,Yes
399,NavyaSingh,HR,Lead,849829,16,55,Pune,Low,No,29-07-2021,,118356,No
400,ReyanshGupta,Legal,Lead,515507,7,42,Pune,Average,Yes,05-01-2019,11-11-2023,124924,Yes
401,VihaanGupta,Finance,Lead,1035036,14,36,Pune,Average,No,19-04-2022,,71764,No
402,AnanyaGupta,Sales,Analyst,954296,15,32,Pune,Low,Yes,18-10-2016,29-03-2021,174619,No
403,AaravPatel,Sales,Lead,370963,2,36,Chennai,High,Yes,22-11-2024,01-02-2026,27438,No
404,IshaanSharma,Sales,Specialist,386994,7,25,Hyderabad,Low,Yes,26-06-2020,06-07-2024,61141,No
405,RiyaVerma,HR,Analyst,1215416,19,26,Bangalore,Low,No,19-09-2021,,82435,No
406,DiyaKapoor,IT,Specialist,1864742,0,36,Kolkata,Low,Yes,12-11-2021,20-09-2026,152649,Yes
407,AaravPatel,Sales,Executive,718652,13,56,Delhi,Average,No,25-04-2016,,68610,No
408,AadhyaNair,Finance,Consultant,1771564,1,41,Chennai,High,Yes,18-09-2022,05-05-2025,284797,No
409,AdityaPatel,Finance,Lead,1696906,2,43,Mumbai,Low,No,17-08-2019,,288675,No
410,AnikaVerma,Marketing,Consultant,433782,5,55,Hyderabad,High,Yes,10-02-2016,17-01-2017,107765,Yes
411,AyaanVerma,Legal,Executive,1706404,19,32,Hyderabad,High,Yes,24-01-2024,22-02-2026,125033,No
412,SaiVerma,HR,Consultant,487313,12,55,Mumbai,High,Yes,04-11-2023,13-10-2027,76262,Yes
413,IraReddy,Marketing,Manager,1190669,5,23,Bangalore,Low,No,06-06-2023,,132087,Yes
414,AaravReddy,Legal,Analyst,1715592,14,41,Chennai,Low,No,10-03-2022,,138548,Yes
415,IraIyer,Operations,Executive,1903377,13,40,Hyderabad,High,Yes,24-06-2020,06-12-2025,450236,No
416,SaiPatel,Finance,Lead,1060952,0,56,Pune,High,Yes,05-04-2015,31-01-2018,181688,Yes
417,NavyaSharma,HR,Executive,893045,13,23,Mumbai,Low,No,05-12-2021,,115857,No
418,SaanviGupta,IT,Executive,1823064,12,54,Chennai,High,No,25-06-2024,,265523,Yes
419,AnanyaMehta,Legal,Consultant,1265923,14,24,Bangalore,Average,Yes,19-11-2023,07-04-2027,307827,No
420,VihaanKapoor,HR,Manager,1784735,12,51,Mumbai,High,Yes,25-04-2017,13-02-2022,246119,No
421,AdityaIyer,Marketing,Analyst,1041531,5,52,Bangalore,Low,No,28-02-2020,,55761,Yes
422,DiyaMehta,Marketing,Lead,260545,18,51,Kolkata,Average,Yes,17-05-2023,20-02-2028,53711,No
423,DiyaSingh,Admin,Manager,1607753,1,31,Pune,High,Yes,20-11-2016,05-12-2020,279587,Yes
424,AaravNair,HR,Manager,1404680,18,29,Chennai,Average,Yes,27-01-2018,10-01-2019,104335,No
425,AaravNair,Marketing,Executive,425469,13,27,Mumbai,High,Yes,18-08-2023,08-04-2025,26574,No
426,IraSharma,IT,Consultant,821827,3,59,Bangalore,Low,Yes,25-04-2019,03-01-2022,79330,Yes
427,NavyaNair,Operations,Specialist,627387,19,49,Pune,Low,Yes,30-03-2017,09-12-2018,97501,Yes
428,SaanviVerma,HR,Specialist,1497638,17,57,Pune,Low,Yes,17-05-2019,08-01-2022,133176,No
429,KrishnaReddy,Legal,Consultant,558918,13,27,Kolkata,High,No,31-10-2019,,71214,No
430,KiaraPatel,Sales,Executive,1441597,1,47,Mumbai,Low,Yes,18-09-2021,07-12-2022,299949,Yes
431,VihaanGupta,Admin,Specialist,702420,9,43,Bangalore,Average,Yes,26-03-2020,27-09-2024,122073,No
432,ReyanshIyer,Marketing,Specialist,1309004,17,41,Bangalore,Low,Yes,13-07-2021,20-07-2022,76611,Yes
433,IshaanSingh,HR,Manager,1552144,2,31,Kolkata,Average,Yes,03-12-2016,24-04-2018,160187,Yes
434,AyaanReddy,Legal,Lead,1540020,3,54,Delhi,High,No,07-05-2019,,151993,No
435,SaiSharma,Legal,Specialist,1675153,7,55,Chennai,High,Yes,04-11-2019,13-03-2025,215919,Yes
436,KiaraVerma,IT,Executive,1505129,9,33,Delhi,Low,Yes,26-04-2022,24-02-2023,106006,Yes
437,ReyanshNair,Operations,Consultant,203191,8,21,Pune,High,Yes,07-10-2023,16-11-2025,13264,No
438,AdityaSharma,Finance,Manager,504224,9,41,Pune,Average,Yes,09-03-2024,09-09-2026,75174,Yes
439,AnanyaVerma,HR,Specialist,708679,7,35,Delhi,Low,No,23-03-2023,,99302,No
440,IraSharma,Legal,Consultant,780780,18,25,Hyderabad,Low,No,10-12-2018,,193364,Yes
441,SaiPatel,Marketing,Specialist,1926550,4,28,Mumbai,Low,Yes,24-04-2017,17-03-2021,128998,No
442,IraNair,Admin,Executive,263530,0,44,Delhi,Average,No,24-09-2024,,13814,Yes
443,AadhyaMehta,Sales,Consultant,1396179,7,51,Kolkata,High,Yes,01-01-2016,22-12-2019,167458,No
444,DiyaIyer,Admin,Analyst,1228494,18,27,Chennai,High,No,21-12-2021,,106927,No
445,KrishnaGupta,HR,Analyst,1407786,4,25,Chennai,Low,Yes,25-07-2021,16-11-2025,89735,No
446,VivaanIyer,Operations,Lead,621486,15,48,Mumbai,Low,Yes,01-05-2024,16-04-2028,128334,Yes
447,AyaanPatel,HR,Manager,1502887,8,22,Chennai,Average,No,15-11-2021,,136969,Yes
448,SaiMehta,Operations,Consultant,1457008,3,24,Pune,Average,Yes,02-06-2019,15-06-2024,260485,No
449,AnikaSingh,IT,Lead,323257,17,30,Mumbai,Average,No,05-01-2021,,24259,Yes
450,IraSharma,Finance,Executive,1123482,7,22,Mumbai,High,Yes,18-08-2021,24-04-2024,187042,Yes
451,NavyaIyer,HR,Analyst,312990,15,52,Chennai,Low,Yes,13-03-2024,09-03-2027,25454,No
452,SaiReddy,HR,Executive,1396553,14,37,Mumbai,High,Yes,24-07-2017,04-01-2022,132565,Yes
453,NavyaReddy,Finance,Analyst,615384,7,34,Pune,High,No,11-12-2020,,78603,Yes
454,AnanyaPatel,Operations,Manager,670641,19,50,Mumbai,High,No,26-06-2020,,49828,No
455,AnanyaGupta,Operations,Manager,1079903,18,41,Pune,High,Yes,09-12-2020,11-10-2025,122444,No
456,IshaanPatel,IT,Manager,1756518,16,32,Pune,Low,No,10-06-2018,,278940,Yes
457,SaiSingh,Operations,Lead,1611220,12,41,Mumbai,High,Yes,11-04-2020,25-08-2021,315312,No
458,ArjunReddy,Finance,Manager,544710,11,52,Bangalore,Average,Yes,28-02-2021,29-05-2022,86611,Yes
459,AnanyaIyer,HR,Analyst,1465898,12,38,Mumbai,Low,Yes,08-02-2017,18-02-2019,274210,No
460,KrishnaVerma,HR,Executive,517875,17,51,Hyderabad,Average,No,26-01-2019,,78287,Yes
461,AadhyaIyer,Legal,Analyst,1793431,11,33,Chennai,Average,Yes,14-05-2021,02-08-2026,361622,No
462,AnikaMehta,IT,Specialist,1315488,2,39,Delhi,Low,No,23-01-2015,,247018,Yes
463,AnanyaPatel,Finance,Executive,1385574,11,45,Bangalore,Low,No,05-10-2023,,189491,Yes
464,AdityaKapoor,Finance,Analyst,1074631,9,36,Chennai,High,No,16-12-2020,,213144,Yes
465,AadhyaGupta,Legal,Manager,642882,0,24,Delhi,Low,No,11-09-2023,,57081,Yes
466,ReyanshNair,Marketing,Consultant,1343657,1,45,Bangalore,Average,Yes,09-06-2023,23-11-2027,264182,Yes
467,VivaanNair,Admin,Manager,1328678,1,33,Delhi,Average,Yes,17-11-2018,16-10-2020,205721,No
468,AdityaPatel,Admin,Manager,1881641,11,37,Delhi,Low,Yes,20-06-2020,09-11-2023,376157,Yes
469,IshaanVerma,Admin,Executive,1813236,19,31,Bangalore,Average,No,14-11-2019,,395999,No
470,KrishnaVerma,Legal,Manager,647557,18,57,Bangalore,Average,No,28-11-2016,,80078,Yes
471,KiaraSharma,Marketing,Specialist,1782460,3,40,Hyderabad,Average,Yes,13-04-2020,18-04-2022,166556,No
472,AnikaSharma,IT,Consultant,747993,4,58,Pune,Low,Yes,01-02-2019,18-11-2021,141463,No
473,MyraNair,Sales,Lead,1439444,9,58,Delhi,Average,No,09-03-2023,,174314,No
474,AnikaMehta,Admin,Analyst,1282424,12,40,Delhi,Average,Yes,09-05-2021,10-01-2025,288356,Yes
475,VihaanIyer,IT,Manager,1677852,13,23,Mumbai,Low,Yes,02-12-2015,17-05-2018,272310,Yes
476,AadhyaVerma,Legal,Manager,686275,1,50,Kolkata,High,Yes,16-08-2016,09-08-2017,37461,No
477,AnanyaVerma,Finance,Specialist,1620178,16,39,Chennai,Average,No,10-02-2016,,306348,No
478,NavyaIyer,HR,Consultant,1573259,5,51,Chennai,High,No,17-05-2017,,241422,Yes
479,AadhyaGupta,IT,Lead,1306351,12,56,Chennai,High,Yes,05-10-2018,22-10-2019,257483,Yes
480,AnikaVerma,Marketing,Lead,276256,17,48,Bangalore,Average,No,11-09-2022,,56167,No
481,IraSingh,Admin,Executive,1133688,12,53,Mumbai,Average,No,14-09-2021,,201241,Yes
482,RiyaSingh,Legal,Executive,511955,15,47,Hyderabad,Average,Yes,03-02-2016,20-05-2021,127080,Yes
483,IraPatel,Operations,Executive,841147,10,59,Bangalore,Average,No,24-12-2020,,201927,No
484,IraVerma,Sales,Manager,1486980,19,30,Bangalore,High,No,28-09-2020,,123506,No
485,KrishnaNair,Finance,Manager,443306,16,50,Hyderabad,Low,No,20-04-2021,,74163,No
486,NavyaReddy,HR,Lead,1939461,16,39,Kolkata,Low,Yes,20-12-2018,04-01-2021,263633,No
487,NavyaNair,IT,Lead,937266,4,49,Chennai,Low,Yes,10-05-2020,13-01-2021,128439,Yes
488,ReyanshSharma,Sales,Executive,1667071,4,56,Hyderabad,Low,No,14-06-2019,,110227,Yes
489,KrishnaReddy,Admin,Lead,1919014,6,55,Hyderabad,High,Yes,02-10-2016,20-06-2019,375938,Yes
490,AyaanReddy,Admin,Lead,1815685,8,51,Hyderabad,Low,No,08-06-2019,,329348,No
491,DiyaGupta,Marketing,Consultant,507747,11,50,Kolkata,High,Yes,27-09-2018,09-09-2022,53386,No
492,AaravNair,HR,Manager,1152246,13,30,Kolkata,High,Yes,03-07-2024,08-05-2028,156448,Yes
493,AyaanMehta,Marketing,Consultant,470040,12,26,Hyderabad,High,Yes,29-04-2019,04-03-2022,69337,Yes
494,IraGupta,IT,Lead,1962999,10,40,Kolkata,Low,Yes,16-04-2021,25-03-2024,152817,No
495,RiyaPatel,Marketing,Specialist,1033731,17,53,Hyderabad,Average,No,03-07-2020,,123498,No
496,ReyanshIyer,Marketing,Consultant,1656081,10,40,Chennai,High,No,04-02-2019,,268340,Yes
497,AaravKapoor,Operations,Lead,1484294,9,46,Pune,High,No,14-12-2021,,308054,No
498,VihaanIyer,Finance,Analyst,1926605,4,41,Bangalore,High,No,10-01-2018,,152188,No
499,KrishnaPatel,Sales,Manager,449430,4,44,Chennai,Low,Yes,10-06-2021,01-01-2023,109841,No
500,AnanyaGupta,HR,Consultant,753343,11,53,Hyderabad,Average,No,24-11-2023,,146149,No
501,SaanviNair,HR,Lead,291006,9,27,Pune,High,Yes,20-08-2016,17-12-2019,46276,No
502,AyaanKapoor,Admin,Consultant,406487,1,48,Bangalore,High,No,21-03-2023,,64431,Yes
503,MyraGupta,Marketing,Executive,1042150,16,37,Hyderabad,Low,No,22-06-2019,,69141,Yes
504,AnanyaVerma,Sales,Analyst,1457669,1,21,Mumbai,High,No,29-11-2022,,121212,No
505,AnanyaReddy,Marketing,Lead,1856321,15,22,Bangalore,Average,Yes,29-11-2022,22-09-2023,412840,No
506,VivaanSingh,Finance,Specialist,1064690,6,42,Mumbai,High,Yes,10-08-2016,04-02-2018,220810,No
507,NavyaPatel,Legal,Executive,713317,9,55,Kolkata,Low,Yes,24-09-2019,09-12-2020,147838,Yes
508,AnanyaNair,Admin,Manager,1024255,6,41,Bangalore,High,Yes,15-06-2016,23-03-2020,118857,Yes
509,IraReddy,IT,Analyst,1934509,19,42,Pune,Low,Yes,06-08-2019,03-03-2021,145573,No
510,KrishnaMehta,IT,Lead,1004565,19,48,Kolkata,Low,No,20-02-2017,,98205,Yes
511,ArjunSingh,Legal,Consultant,489768,7,48,Hyderabad,Average,No,25-06-2023,,79144,No
512,SaanviSharma,HR,Lead,1348993,2,28,Mumbai,High,No,03-12-2017,,212790,Yes
513,AnanyaKapoor,Sales,Executive,1290547,2,26,Pune,Low,Yes,19-06-2022,03-01-2027,181114,Yes
514,DiyaPatel,IT,Executive,1955514,17,39,Hyderabad,High,No,19-07-2022,,474985,Yes
515,AdityaSharma,Marketing,Analyst,857911,11,30,Hyderabad,High,No,08-01-2015,,92163,No
516,ArjunReddy,Admin,Analyst,1806107,8,56,Kolkata,Low,Yes,29-04-2016,23-04-2021,203132,No
517,AaravMehta,Sales,Consultant,614600,14,35,Mumbai,Low,Yes,21-05-2020,01-08-2021,96249,Yes
518,VihaanReddy,HR,Specialist,1230697,19,26,Pune,Average,Yes,22-02-2024,29-09-2025,139502,Yes
519,VihaanSharma,HR,Consultant,1255106,12,23,Delhi,Average,No,10-10-2015,,132264,No
520,VihaanKapoor,Marketing,Specialist,728423,5,53,Pune,Low,Yes,17-03-2021,28-11-2024,41284,Yes
521,IshaanNair,Finance,Consultant,1968967,4,52,Chennai,Average,Yes,30-03-2020,03-09-2022,158346,No
522,VihaanKapoor,Finance,Analyst,1840707,5,39,Delhi,Low,No,04-02-2022,,135344,Yes
523,RiyaMehta,Marketing,Lead,1591405,15,21,Mumbai,Average,No,28-07-2016,,234050,No
524,SaiSharma,Admin,Manager,1761588,12,54,Pune,Average,No,07-07-2018,,439367,Yes
525,AaravSharma,Finance,Executive,1446713,4,45,Kolkata,High,No,18-12-2020,,224934,Yes
526,AdityaKapoor,Finance,Consultant,695384,19,54,Pune,Low,No,15-06-2024,,87483,Yes
527,KiaraPatel,Marketing,Specialist,1543714,8,58,Delhi,Low,Yes,28-12-2018,21-04-2021,296468,Yes
528,IshaanReddy,Operations,Specialist,1854699,10,22,Pune,Low,Yes,10-03-2023,14-07-2027,263094,Yes
529,AaravGupta,IT,Analyst,1816596,1,42,Bangalore,Average,No,28-02-2018,,410485,Yes
530,DiyaReddy,IT,Executive,390237,15,41,Hyderabad,Average,No,12-01-2021,,83977,No
531,SaanviIyer,Legal,Consultant,421373,0,41,Kolkata,Low,Yes,26-08-2019,22-11-2024,97367,Yes
532,VivaanGupta,Finance,Specialist,1975922,14,38,Chennai,Average,No,30-08-2018,,341351,Yes
533,RiyaNair,Operations,Lead,1587695,16,25,Delhi,High,Yes,21-04-2022,08-06-2027,347304,No
534,IraVerma,Legal,Specialist,494746,2,53,Delhi,Low,No,24-12-2016,,97889,No
535,AaravKapoor,Sales,Consultant,1860833,1,55,Kolkata,Average,Yes,24-07-2017,14-10-2018,118959,No
536,AyaanIyer,Operations,Consultant,529638,5,29,Pune,High,No,11-08-2019,,50546,Yes
537,MyraSingh,HR,Executive,745735,2,24,Pune,Low,No,17-03-2016,,113747,No
538,SaiVerma,Admin,Analyst,779365,14,41,Mumbai,Average,No,24-03-2021,,157923,Yes
539,NavyaMehta,Legal,Specialist,643316,13,34,Kolkata,Low,Yes,12-07-2020,02-05-2022,62113,No
540,KiaraSingh,Admin,Executive,1347272,2,33,Kolkata,Average,No,23-12-2023,,137499,No
541,VihaanIyer,HR,Executive,1073093,1,58,Hyderabad,Average,Yes,22-05-2015,10-08-2017,135555,Yes
542,AdityaSingh,Marketing,Lead,326498,18,50,Chennai,Low,No,08-08-2020,,23554,No
543,DiyaSharma,Sales,Specialist,995219,16,45,Bangalore,High,No,28-02-2016,,197034,No
544,KiaraVerma,Finance,Consultant,663001,5,43,Mumbai,Low,No,23-10-2016,,146966,No
545,IshaanKapoor,Operations,Consultant,1170834,13,23,Delhi,Low,Yes,20-12-2018,26-01-2023,247024,No
546,ArjunNair,Finance,Analyst,1717740,6,34,Chennai,Low,Yes,01-08-2023,17-02-2027,190583,Yes
547,SaanviMehta,Admin,Manager,1458870,18,34,Pune,Average,Yes,17-02-2018,26-03-2021,108028,No
548,VivaanSingh,Finance,Specialist,1673447,16,50,Hyderabad,High,Yes,22-09-2015,22-02-2017,273498,No
549,AaravKapoor,HR,Lead,788595,13,31,Hyderabad,High,No,31-03-2017,,86309,Yes
550,AnikaGupta,IT,Executive,691450,13,50,Hyderabad,High,No,10-02-2015,,41230,No
551,AadhyaSingh,Sales,Analyst,470403,7,22,Hyderabad,Average,No,10-06-2019,,107468,No
552,ArjunGupta,Legal,Lead,1366462,15,49,Pune,High,No,21-12-2017,,285475,No
553,MyraMehta,Sales,Manager,209885,11,55,Chennai,High,No,17-02-2017,,52279,No
554,ArjunGupta,Operations,Consultant,1176433,4,40,Delhi,Average,No,09-06-2020,,173729,No
555,MyraPatel,Legal,Executive,1321268,8,29,Chennai,Low,Yes,09-09-2018,18-02-2022,285205,No
556,ArjunSharma,HR,Manager,512023,0,28,Bangalore,Low,No,26-03-2024,,96716,No
557,ArjunSharma,Marketing,Manager,955111,11,32,Kolkata,High,Yes,30-01-2021,27-02-2023,74025,No
558,KiaraVerma,Sales,Consultant,1376371,7,41,Pune,High,No,23-04-2019,,231697,Yes
559,NavyaPatel,HR,Specialist,753091,6,48,Hyderabad,Average,No,31-01-2022,,72926,Yes
560,AaravPatel,Sales,Lead,755083,12,23,Kolkata,Average,Yes,11-12-2022,22-08-2027,181300,No
561,AnikaKapoor,Sales,Consultant,479713,8,21,Mumbai,Average,No,15-01-2018,,63031,Yes
562,AdityaGupta,IT,Consultant,1775125,17,37,Chennai,Low,No,05-03-2022,,256503,Yes
563,AadhyaPatel,Marketing,Manager,1224729,7,39,Mumbai,High,No,13-06-2024,,176273,Yes
564,AnanyaIyer,IT,Executive,1359608,12,55,Mumbai,Average,Yes,18-12-2018,24-11-2019,234064,No
565,IraSingh,Operations,Executive,1959980,19,33,Kolkata,High,No,01-12-2016,,100157,Yes
566,SaiKapoor,Finance,Lead,1659501,16,28,Mumbai,Average,No,08-07-2016,,363073,Yes
567,DiyaMehta,Sales,Consultant,1231008,6,41,Bangalore,Average,No,22-05-2020,,115347,No
568,ReyanshSingh,Admin,Lead,1542057,10,29,Kolkata,High,Yes,29-09-2018,06-08-2023,164865,Yes
569,DiyaIyer,Sales,Consultant,1641296,18,59,Chennai,High,Yes,02-07-2015,17-12-2018,91803,Yes
570,AnanyaNair,Finance,Specialist,746495,10,39,Bangalore,High,No,25-06-2017,,56955,Yes
571,NavyaReddy,Admin,Specialist,1563501,12,21,Delhi,Average,Yes,14-11-2023,30-11-2028,306402,No
572,NavyaVerma,Finance,Manager,1851143,12,32,Kolkata,High,Yes,28-10-2021,30-10-2025,202414,Yes
573,ReyanshMehta,Legal,Executive,919449,6,48,Mumbai,High,No,04-02-2024,,178629,Yes
574,ArjunSharma,Admin,Consultant,575960,13,43,Bangalore,Low,Yes,11-05-2023,30-01-2025,35654,Yes
575,VivaanGupta,Marketing,Lead,1401838,19,38,Delhi,High,Yes,09-08-2019,03-11-2023,177707,No
576,AadhyaNair,Admin,Consultant,980926,3,38,Hyderabad,Average,No,07-12-2021,,72789,Yes
577,SaanviVerma,HR,Consultant,210651,7,40,Pune,High,Yes,10-02-2018,24-06-2023,27563,Yes
578,AdityaReddy,Finance,Analyst,1403954,14,59,Kolkata,High,No,29-11-2019,,257926,Yes
579,IshaanIyer,Legal,Specialist,644865,18,31,Kolkata,High,Yes,19-06-2020,17-07-2024,97007,No
580,SaiKapoor,Sales,Manager,1056626,8,59,Pune,Average,No,13-04-2019,,89147,Yes
581,IshaanReddy,HR,Lead,980741,1,49,Kolkata,High,Yes,29-08-2019,06-04-2021,153773,Yes
582,VivaanSharma,Legal,Lead,403047,1,37,Chennai,Low,No,25-09-2015,,43935,Yes
583,DiyaMehta,Legal,Consultant,889984,12,35,Kolkata,High,Yes,22-04-2023,19-08-2027,66393,Yes
584,SaiMehta,Marketing,Manager,408944,5,48,Delhi,Low,Yes,13-05-2021,29-11-2025,90118,No
585,MyraVerma,Marketing,Consultant,583395,2,29,Delhi,Average,Yes,14-07-2020,14-08-2025,98043,Yes
586,AnikaIyer,Operations,Analyst,1079979,1,52,Mumbai,High,Yes,14-01-2019,12-02-2020,239228,Yes
587,IshaanSingh,Finance,Manager,764046,8,43,Bangalore,Average,No,26-12-2015,,174149,No
588,RiyaPatel,IT,Lead,640991,3,53,Chennai,Average,No,27-04-2020,,80066,No
589,SaiSharma,Operations,Manager,1730295,4,27,Kolkata,Low,No,12-12-2023,,102010,No
590,DiyaGupta,Operations,Specialist,1007744,0,40,Hyderabad,Average,No,16-12-2019,,55516,No
591,IraKapoor,Finance,Manager,1551099,17,48,Pune,High,Yes,13-12-2018,20-06-2023,197260,No
592,ArjunKapoor,Sales,Analyst,1129242,10,58,Pune,High,Yes,29-07-2016,04-01-2018,176406,Yes
593,AaravKapoor,HR,Lead,1981423,19,32,Chennai,Average,Yes,27-09-2024,26-07-2027,140783,Yes
594,MyraPatel,Admin,Consultant,1778608,12,25,Kolkata,Low,No,21-02-2023,,98725,No
595,AyaanSingh,Marketing,Manager,560890,2,31,Hyderabad,High,Yes,10-07-2016,26-12-2021,39184,No
596,DiyaKapoor,HR,Consultant,1780461,10,47,Mumbai,High,Yes,11-06-2018,02-05-2023,97338,Yes
597,KiaraGupta,IT,Lead,1721466,14,50,Chennai,High,Yes,07-12-2021,24-10-2022,126059,No
598,DiyaSharma,Sales,Specialist,1713641,4,55,Mumbai,Low,No,25-08-2023,,237897,No
599,AyaanSharma,Sales,Lead,1183825,8,49,Kolkata,Average,No,18-03-2015,,202878,No
600,KiaraSharma,HR,Consultant,1132477,19,37,Bangalore,Low,No,26-11-2020,,276492,No
601,AnikaKapoor,IT,Specialist,635477,3,25,Pune,Average,No,11-11-2023,,92510,Yes
602,NavyaPatel,Legal,Manager,333004,1,42,Chennai,Average,No,31-03-2017,,72171,No
603,IraIyer,HR,Lead,250098,2,54,Mumbai,Average,Yes,10-12-2018,03-08-2022,22239,Yes
604,AdityaKapoor,Marketing,Manager,330544,13,41,Mumbai,Low,Yes,27-10-2015,29-09-2016,53396,No
605,RiyaVerma,Sales,Specialist,668466,0,48,Kolkata,Average,Yes,05-06-2020,17-07-2024,167078,No
606,IraIyer,Sales,Lead,762060,14,54,Mumbai,High,No,26-12-2020,,69699,Yes
607,AyaanSharma,IT,Lead,894780,16,55,Chennai,Low,Yes,21-11-2020,28-10-2024,146632,Yes
608,AnikaGupta,HR,Manager,436281,18,57,Bangalore,Low,No,25-09-2017,,56292,Yes
609,IshaanVerma,Sales,Specialist,1905243,4,37,Chennai,Average,No,14-04-2022,,302180,Yes
610,AyaanNair,IT,Lead,1104850,1,31,Kolkata,Low,No,20-01-2020,,173104,Yes
611,AnanyaIyer,Finance,Manager,1661387,10,59,Hyderabad,Average,Yes,20-04-2016,24-01-2021,346967,Yes
612,AaravMehta,Legal,Manager,1818963,8,32,Chennai,Low,Yes,25-05-2019,11-03-2024,436228,No
613,RiyaSingh,HR,Lead,1089497,15,52,Chennai,Low,Yes,04-08-2016,09-12-2019,120377,No
614,ArjunSingh,HR,Consultant,1090083,5,31,Pune,Average,No,20-07-2024,,177184,No
615,VivaanKapoor,Legal,Manager,1513174,14,47,Kolkata,Average,No,15-12-2016,,353699,No
616,AnikaSingh,Finance,Specialist,760881,16,34,Mumbai,Average,No,23-03-2015,,105527,Yes
617,AdityaPatel,Legal,Analyst,484334,14,24,Mumbai,Low,Yes,21-06-2017,06-01-2019,70372,Yes
618,NavyaSharma,Legal,Consultant,325438,8,28,Mumbai,High,No,26-04-2015,,16478,No
619,DiyaVerma,IT,Specialist,464528,16,53,Pune,High,No,19-04-2017,,29029,No
620,MyraNair,Operations,Lead,904293,2,25,Bangalore,High,No,02-11-2017,,220924,Yes
621,AadhyaKapoor,Admin,Manager,381948,15,52,Bangalore,High,No,22-01-2015,,71632,No
622,IshaanSingh,Operations,Consultant,417770,2,30,Hyderabad,High,Yes,08-01-2020,10-06-2021,45904,Yes
623,AyaanIyer,IT,Executive,1561871,11,22,Mumbai,High,No,27-11-2024,,143912,No
624,MyraSingh,HR,Manager,1990008,14,55,Hyderabad,High,Yes,19-01-2015,31-05-2019,368876,Yes
625,ArjunIyer,Legal,Executive,1678768,7,27,Delhi,Average,Yes,25-06-2016,19-10-2018,98765,No
626,AdityaSingh,HR,Consultant,888152,4,21,Hyderabad,Average,No,06-02-2023,,69782,Yes
627,SaiIyer,Admin,Executive,242727,7,25,Mumbai,High,No,13-02-2021,,44105,Yes
628,VivaanSingh,Sales,Lead,211390,0,56,Mumbai,High,Yes,30-06-2016,28-07-2017,14983,No
629,AyaanSharma,IT,Executive,949078,8,54,Bangalore,Average,No,30-07-2017,,100665,No
630,SaanviSingh,Sales,Lead,1894979,5,31,Delhi,High,Yes,19-05-2024,30-04-2029,136816,Yes
631,MyraPatel,Operations,Analyst,757243,12,52,Kolkata,Average,Yes,06-08-2018,07-04-2019,182513,Yes
632,KiaraNair,HR,Analyst,696762,5,36,Mumbai,Average,Yes,25-12-2017,02-02-2021,50575,Yes
633,NavyaPatel,Operations,Executive,1392097,9,36,Kolkata,High,No,22-05-2024,,83588,No
634,KiaraNair,Admin,Manager,835329,12,51,Kolkata,Average,No,30-12-2021,,186011,No
635,AnikaSharma,Admin,Executive,1317063,13,47,Bangalore,Low,No,12-08-2022,,219490,Yes
636,AyaanReddy,Legal,Analyst,854224,8,50,Chennai,High,Yes,12-03-2016,17-11-2018,145814,No
637,AyaanPatel,Finance,Specialist,1884532,18,45,Pune,High,No,05-08-2022,,165025,Yes
638,MyraGupta,Admin,Analyst,478710,9,30,Bangalore,Low,No,25-09-2024,,83753,Yes
639,ReyanshIyer,Sales,Manager,1798099,17,34,Pune,Low,No,24-11-2023,,346656,Yes
640,AyaanMehta,Sales,Lead,1356083,14,42,Bangalore,Low,Yes,19-11-2017,09-05-2020,100337,Yes
641,AdityaIyer,HR,Lead,1436026,7,38,Delhi,Average,No,01-11-2017,,214454,No
642,IraSingh,Marketing,Specialist,605453,1,38,Mumbai,High,No,20-12-2015,,117666,No
643,AyaanSingh,IT,Executive,469160,11,35,Chennai,Average,No,04-01-2019,,23470,Yes
644,NavyaReddy,Legal,Consultant,1861945,17,52,Kolkata,Low,No,30-05-2021,,426656,Yes
645,NavyaIyer,Operations,Consultant,1311127,17,28,Delhi,Low,Yes,14-05-2020,24-12-2021,130279,No
646,AnikaVerma,Operations,Analyst,979128,10,21,Chennai,Average,Yes,01-07-2019,25-08-2024,159594,No
647,AyaanPatel,Admin,Lead,1647585,11,24,Bangalore,Average,Yes,13-04-2022,27-04-2025,393108,No
648,AadhyaMehta,Legal,Consultant,291218,16,26,Kolkata,Average,No,25-04-2022,,69095,No
649,KrishnaIyer,IT,Lead,1640434,4,37,Mumbai,High,Yes,15-04-2016,06-06-2017,267269,Yes
650,KrishnaMehta,Legal,Specialist,1864986,9,43,Mumbai,Low,Yes,23-08-2015,10-01-2019,161435,No
651,AaravGupta,Legal,Specialist,711511,11,31,Mumbai,High,No,14-12-2019,,131787,No
652,IshaanPatel,HR,Specialist,778328,8,41,Delhi,High,Yes,15-04-2023,12-08-2028,139188,Yes
653,ReyanshPatel,Admin,Consultant,1636457,16,57,Delhi,Average,No,06-03-2019,,394975,No
654,DiyaReddy,Marketing,Analyst,1922907,8,55,Delhi,Average,Yes,28-03-2024,11-12-2028,176477,No
655,RiyaMehta,IT,Analyst,435469,2,27,Bangalore,Average,No,02-11-2017,,58048,No
656,AdityaNair,Marketing,Specialist,1928908,3,51,Pune,Low,Yes,24-01-2023,10-11-2027,239632,No
657,AadhyaSingh,Legal,Executive,776677,10,42,Delhi,Low,No,09-07-2020,,162518,Yes
658,AnanyaReddy,Marketing,Consultant,701590,12,54,Bangalore,High,No,18-10-2019,,165688,No
659,KiaraReddy,Admin,Specialist,1213539,17,23,Mumbai,Low,Yes,17-11-2017,26-04-2019,217182,Yes
660,AyaanPatel,Finance,Manager,678356,7,21,Mumbai,Average,Yes,22-12-2015,12-10-2020,72911,Yes
661,AdityaIyer,HR,Executive,673314,12,30,Kolkata,Average,Yes,25-02-2022,15-08-2025,47114,Yes
662,KrishnaSingh,IT,Executive,441225,13,33,Pune,Average,No,09-09-2023,,51830,Yes
663,AyaanPatel,Admin,Consultant,1422613,16,56,Mumbai,Low,Yes,02-02-2016,25-10-2019,80070,Yes
664,VivaanReddy,Operations,Specialist,1748674,14,58,Hyderabad,High,No,26-08-2020,,404316,No
665,ArjunKapoor,IT,Lead,516275,10,45,Chennai,Average,No,09-01-2017,,30115,No
666,DiyaIyer,Sales,Executive,1001625,5,21,Hyderabad,Average,No,29-04-2015,,205131,No
667,KrishnaGupta,Marketing,Executive,538384,7,48,Delhi,High,Yes,08-07-2022,29-03-2027,28744,No
668,IshaanIyer,HR,Consultant,795642,14,50,Hyderabad,Average,No,24-08-2022,,58910,Yes
669,AadhyaPatel,Sales,Executive,492575,0,27,Chennai,Average,Yes,04-09-2022,09-10-2027,80846,No
670,MyraNair,Legal,Manager,1150991,10,56,Mumbai,High,No,30-08-2017,,281807,No
671,AyaanPatel,Finance,Specialist,1836974,18,29,Pune,Low,No,16-01-2021,,421975,No
672,MyraPatel,Legal,Manager,1014038,7,42,Kolkata,Low,Yes,18-12-2017,09-04-2020,233118,Yes
673,IshaanVerma,Admin,Lead,949468,8,49,Hyderabad,Average,No,11-04-2022,,162034,Yes
674,AnanyaSharma,IT,Executive,1301004,14,43,Chennai,Low,Yes,26-05-2018,10-05-2020,314267,Yes
675,IshaanPatel,IT,Consultant,1666760,4,52,Hyderabad,High,Yes,06-09-2017,01-06-2019,298213,Yes
676,AdityaGupta,HR,Specialist,1309791,8,37,Mumbai,Average,No,14-05-2019,,255573,No
677,IraReddy,Admin,Consultant,653830,9,46,Kolkata,Low,No,24-06-2023,,134861,Yes
678,ArjunSharma,Marketing,Specialist,944748,18,31,Delhi,High,No,05-04-2016,,200498,Yes
679,ReyanshPatel,Legal,Executive,1112743,3,51,Delhi,High,Yes,15-07-2024,05-06-2026,235870,No
680,KiaraMehta,HR,Manager,756718,19,58,Hyderabad,High,Yes,04-08-2015,20-02-2020,108965,Yes
681,IraNair,Marketing,Analyst,218990,8,46,Mumbai,High,Yes,12-11-2019,03-06-2020,32730,Yes
682,KrishnaIyer,Marketing,Manager,1361576,10,53,Bangalore,Low,Yes,13-03-2023,23-11-2024,212313,Yes
683,AyaanNair,Operations,Executive,1033550,13,25,Mumbai,Average,Yes,23-06-2024,18-08-2028,243640,No
684,AyaanSharma,HR,Lead,681725,17,34,Kolkata,High,No,24-07-2022,,58670,Yes
685,DiyaVerma,Sales,Manager,637470,2,50,Hyderabad,Low,No,22-03-2019,,88677,Yes
686,VivaanReddy,IT,Consultant,1063659,12,53,Chennai,Low,Yes,06-07-2021,20-12-2022,165342,No
687,AyaanReddy,Operations,Specialist,1302686,11,26,Pune,Low,Yes,08-05-2021,26-06-2023,313017,No
688,DiyaGupta,Marketing,Executive,1017711,11,31,Hyderabad,High,No,23-12-2015,,139832,No
689,MyraIyer,Sales,Lead,1485138,5,38,Mumbai,High,No,10-01-2021,,78471,No
690,KiaraPatel,IT,Executive,1445803,18,49,Chennai,Low,No,21-12-2024,,174954,No
691,KrishnaKapoor,Operations,Specialist,496208,10,36,Delhi,High,No,02-11-2021,,120782,Yes
692,AaravSingh,Operations,Lead,1126215,12,28,Mumbai,Average,Yes,30-11-2021,24-03-2026,126136,No
693,ReyanshKapoor,Admin,Lead,656285,0,59,Mumbai,High,No,25-03-2022,,54169,No
694,AadhyaReddy,Finance,Executive,818071,17,42,Chennai,High,Yes,10-11-2020,22-08-2021,139573,Yes
695,ArjunGupta,HR,Manager,1271177,3,57,Delhi,Average,Yes,23-10-2024,02-08-2028,121696,Yes
696,VivaanSingh,Legal,Consultant,570858,9,22,Hyderabad,High,No,17-12-2024,,111758,Yes
697,DiyaMehta,Finance,Executive,992154,4,47,Mumbai,High,No,15-01-2023,,129528,Yes
698,KiaraSharma,Operations,Lead,679083,12,30,Pune,Average,No,19-08-2022,,73189,Yes
699,RiyaPatel,HR,Consultant,1813559,1,21,Delhi,Average,Yes,23-08-2016,05-11-2018,265341,Yes
700,NavyaVerma,Finance,Consultant,1014914,19,40,Mumbai,High,No,20-09-2016,,57366,Yes
701,ReyanshKapoor,Sales,Lead,568226,16,59,Pune,Low,No,28-07-2022,,99103,Yes
702,AnikaReddy,Admin,Consultant,1294316,19,49,Pune,Average,Yes,26-06-2020,05-12-2022,157538,Yes
703,SaiKapoor,Legal,Lead,1836675,0,21,Bangalore,High,Yes,27-07-2023,14-07-2024,429135,No
704,DiyaReddy,Operations,Analyst,1235891,9,31,Hyderabad,High,No,30-11-2017,,71417,No
705,RiyaMehta,Sales,Specialist,1807545,0,37,Kolkata,High,No,03-03-2024,,403722,No
706,KiaraIyer,Legal,Executive,1283116,8,49,Pune,Low,No,23-05-2019,,213413,Yes
707,NavyaGupta,Marketing,Executive,589770,18,41,Bangalore,Low,Yes,16-11-2020,12-01-2023,118989,No
708,AaravPatel,IT,Executive,1357522,12,27,Delhi,Average,No,28-03-2024,,313250,Yes
709,ArjunPatel,Operations,Lead,828889,7,25,Mumbai,Low,No,09-02-2016,,167950,No
710,AdityaSingh,Legal,Lead,1947734,9,40,Mumbai,High,Yes,23-11-2018,03-07-2021,177119,No
711,IraGupta,Admin,Consultant,1531420,7,39,Pune,High,Yes,22-04-2015,14-07-2017,86620,No
712,VivaanSingh,Legal,Executive,1489709,3,35,Kolkata,Low,No,04-10-2021,,211539,No
713,AadhyaNair,Finance,Manager,1602222,7,56,Pune,High,Yes,20-09-2017,15-07-2022,193100,No
714,VivaanPatel,HR,Analyst,547139,2,54,Chennai,High,Yes,16-10-2021,17-08-2023,32325,No
715,NavyaMehta,IT,Executive,1685676,4,51,Pune,High,No,11-09-2015,,268595,No
716,RiyaSingh,Finance,Manager,1417192,5,57,Hyderabad,Average,No,01-08-2019,,127706,Yes
717,ArjunReddy,Finance,Specialist,1595796,19,23,Chennai,High,Yes,19-01-2016,16-04-2021,96354,No
718,KrishnaVerma,Legal,Lead,1062147,11,58,Hyderabad,High,Yes,15-03-2019,23-11-2020,210707,Yes
719,IraKapoor,Sales,Specialist,1406212,12,43,Hyderabad,High,Yes,24-01-2020,12-06-2021,322315,Yes
720,AyaanVerma,Marketing,Specialist,868516,15,47,Bangalore,High,Yes,25-07-2015,02-06-2019,107859,Yes
721,AadhyaNair,Operations,Analyst,563898,14,56,Mumbai,Average,No,01-12-2024,,53061,Yes
722,IshaanGupta,Operations,Lead,1384789,7,36,Kolkata,Average,Yes,21-12-2024,01-02-2028,265691,No
723,VivaanMehta,Sales,Consultant,1613562,1,29,Bangalore,Low,Yes,03-09-2017,21-10-2022,283481,Yes
724,VivaanMehta,IT,Analyst,1013560,16,24,Delhi,Average,Yes,03-05-2019,27-01-2021,178824,No
725,KiaraIyer,HR,Analyst,451514,4,58,Mumbai,High,Yes,01-09-2022,16-07-2026,68529,Yes
726,MyraKapoor,Marketing,Lead,801891,16,44,Hyderabad,High,Yes,10-12-2023,08-10-2024,68994,Yes
727,SaanviSingh,HR,Analyst,588518,5,21,Mumbai,Low,No,03-10-2017,,111182,Yes
728,RiyaPatel,HR,Specialist,1806140,16,54,Pune,Low,Yes,01-02-2017,01-07-2019,160833,No
729,KrishnaReddy,Finance,Executive,745932,5,26,Bangalore,High,No,25-09-2018,,183279,Yes
730,SaanviKapoor,Finance,Analyst,594754,16,32,Hyderabad,High,Yes,18-03-2020,27-03-2021,81519,Yes
731,ReyanshKapoor,Admin,Lead,908672,16,23,Pune,Low,Yes,06-02-2019,21-09-2022,188314,Yes
732,NavyaPatel,Operations,Specialist,496063,3,38,Hyderabad,High,Yes,04-01-2016,19-11-2018,102404,Yes
733,DiyaReddy,Operations,Consultant,1743586,7,34,Bangalore,Low,No,13-11-2022,,301958,Yes
734,KrishnaNair,HR,Lead,270305,3,44,Bangalore,Low,Yes,09-04-2024,08-05-2027,57690,No
735,SaanviGupta,Finance,Consultant,387256,0,39,Hyderabad,High,Yes,18-02-2021,21-09-2025,75007,No
736,AyaanSingh,IT,Specialist,1642181,7,33,Bangalore,High,No,25-01-2024,,344859,No
737,MyraGupta,Sales,Consultant,1568722,11,36,Mumbai,High,Yes,09-06-2017,22-04-2022,349917,Yes
738,IshaanKapoor,IT,Specialist,400339,3,43,Kolkata,Low,Yes,18-03-2019,03-08-2023,85385,No
739,AdityaKapoor,Finance,Manager,417400,4,28,Bangalore,Low,Yes,10-01-2022,09-12-2025,73034,No
740,AadhyaNair,Marketing,Specialist,605105,15,39,Pune,High,No,25-11-2023,,31726,Yes
741,ReyanshVerma,IT,Manager,1023759,7,53,Delhi,High,No,23-04-2015,,55241,Yes
742,RiyaMehta,Sales,Consultant,445300,10,25,Delhi,Average,Yes,08-03-2024,10-02-2025,77597,No
743,ArjunKapoor,Admin,Consultant,481696,4,48,Pune,Average,Yes,03-12-2022,17-06-2026,30669,No
744,IraIyer,IT,Manager,493946,0,39,Mumbai,Low,Yes,26-12-2016,26-01-2018,31821,No
745,AaravPatel,Legal,Manager,1588509,14,59,Pune,High,Yes,27-03-2016,28-07-2017,283305,Yes
746,AdityaGupta,Admin,Lead,596981,6,35,Hyderabad,High,No,03-08-2015,,53607,No
747,AyaanNair,Legal,Executive,1768146,19,49,Chennai,High,No,21-12-2019,,186121,No
748,SaanviSingh,HR,Lead,1824777,8,28,Delhi,Average,No,15-03-2021,,255511,Yes
749,AyaanKapoor,Legal,Consultant,429577,16,22,Delhi,High,No,01-06-2016,,68541,Yes
750,ReyanshPatel,Admin,Specialist,1405565,8,25,Bangalore,Average,No,20-08-2023,,268337,Yes
751,AadhyaPatel,HR,Consultant,1769192,16,47,Chennai,Low,No,09-09-2019,,229150,No
752,AdityaKapoor,Finance,Manager,698682,2,30,Kolkata,High,Yes,15-11-2020,02-03-2025,138361,No
753,AadhyaReddy,Admin,Executive,1614657,9,58,Mumbai,Average,Yes,22-01-2015,10-01-2016,275666,No
754,AdityaPatel,Operations,Consultant,1571430,14,58,Pune,High,Yes,29-08-2020,20-09-2022,107506,Yes
755,AdityaVerma,Admin,Consultant,1968555,18,40,Bangalore,Low,No,24-09-2024,,353751,Yes
756,SaanviKapoor,Legal,Executive,1540829,1,42,Kolkata,Low,No,03-03-2018,,154358,Yes
757,SaiGupta,IT,Consultant,1252425,8,53,Delhi,Average,No,16-05-2024,,215418,No
758,KiaraPatel,IT,Executive,1949736,3,22,Mumbai,Low,Yes,17-02-2016,18-09-2020,466662,No
759,AaravIyer,Admin,Specialist,1721624,9,35,Chennai,Low,No,09-04-2024,,339688,Yes
760,ReyanshSingh,Admin,Specialist,978799,3,54,Hyderabad,Average,Yes,27-09-2021,09-05-2022,58823,Yes
761,AyaanKapoor,Marketing,Lead,393984,16,24,Pune,High,Yes,27-10-2017,08-08-2020,62406,Yes
762,SaiGupta,HR,Consultant,1052050,0,30,Bangalore,Low,Yes,23-07-2024,09-02-2028,229305,Yes
763,AnikaSingh,Marketing,Analyst,475049,5,58,Delhi,Low,Yes,28-05-2022,03-04-2025,24542,No
764,SaiGupta,Marketing,Lead,1851377,2,41,Pune,High,Yes,04-10-2023,23-03-2028,253276,No
765,AnikaReddy,HR,Executive,1964622,3,49,Kolkata,Average,No,23-08-2021,,382491,No
766,SaanviVerma,Legal,Lead,1338585,18,48,Delhi,Average,No,12-02-2015,,237649,Yes
767,VihaanPatel,Operations,Lead,1586665,17,40,Hyderabad,High,Yes,25-02-2019,12-05-2024,286867,Yes
768,RiyaSharma,Finance,Lead,243764,14,52,Pune,High,Yes,30-12-2018,22-06-2022,13626,No
769,RiyaPatel,Legal,Lead,260128,13,25,Kolkata,Average,No,04-06-2021,,25885,No
770,ArjunSingh,Admin,Lead,312935,10,23,Pune,High,No,30-08-2018,,53017,No
771,SaiSingh,Sales,Consultant,529231,17,50,Bangalore,Low,Yes,20-08-2018,12-05-2023,115212,Yes
772,AaravIyer,Finance,Consultant,1930085,18,56,Kolkata,Low,No,15-08-2024,,205864,No
773,VivaanReddy,Operations,Lead,837431,13,23,Kolkata,High,Yes,16-06-2020,21-05-2023,166293,Yes
774,ReyanshPatel,Marketing,Executive,734391,13,28,Bangalore,Average,No,21-11-2016,,149924,Yes
775,VihaanReddy,Operations,Specialist,1271824,8,26,Pune,High,Yes,22-10-2015,01-03-2020,283665,Yes
776,ReyanshReddy,Operations,Consultant,1136800,4,29,Hyderabad,Average,Yes,17-02-2020,25-03-2022,235857,Yes
777,IraGupta,Admin,Lead,1087553,10,58,Bangalore,Average,No,03-08-2020,,163009,Yes
778,NavyaPatel,Operations,Lead,1735601,10,57,Chennai,Low,Yes,20-09-2018,08-07-2019,232358,No
779,DiyaVerma,IT,Analyst,544126,10,33,Kolkata,Low,No,20-09-2022,,91438,No
780,MyraGupta,Legal,Manager,1945030,10,44,Chennai,Low,No,24-04-2023,,138250,No
781,VivaanPatel,Legal,Executive,1405046,2,34,Hyderabad,Low,No,01-03-2023,,254362,No
782,IshaanMehta,Marketing,Manager,1053605,5,41,Delhi,Average,Yes,04-10-2017,01-11-2020,67534,Yes
783,AdityaIyer,HR,Specialist,628745,17,27,Chennai,Low,Yes,30-03-2023,27-06-2025,135367,No
784,IraKapoor,Marketing,Analyst,1919890,2,24,Mumbai,Low,Yes,10-03-2015,21-11-2018,214953,Yes
785,VivaanIyer,Legal,Consultant,1734263,9,43,Kolkata,High,Yes,16-08-2019,04-12-2020,344261,Yes
786,IshaanSharma,Finance,Analyst,531607,12,52,Hyderabad,Low,Yes,20-07-2016,18-12-2020,61320,No
787,AaravSingh,Marketing,Consultant,1329833,6,36,Mumbai,Average,Yes,14-11-2020,30-10-2023,93771,Yes
788,IshaanPatel,Operations,Specialist,855496,5,55,Pune,Low,No,08-07-2023,,75944,Yes
789,SaiPatel,Finance,Executive,1996725,4,43,Chennai,High,Yes,17-11-2021,19-08-2022,442779,Yes
790,MyraReddy,Operations,Analyst,1527042,8,49,Mumbai,High,No,24-01-2024,,282089,Yes
791,SaiVerma,Marketing,Lead,432076,13,43,Bangalore,High,No,04-12-2017,,35886,Yes
792,ArjunSharma,Admin,Consultant,367527,1,57,Delhi,Low,No,07-10-2016,,76403,Yes
793,AdityaNair,Legal,Manager,1917853,0,50,Pune,High,No,21-12-2016,,254767,No
794,IshaanReddy,Sales,Consultant,1190121,18,34,Kolkata,High,Yes,25-09-2016,11-11-2021,210565,No
795,AnikaGupta,Finance,Consultant,683442,3,54,Hyderabad,Low,No,03-10-2019,,63135,No
796,KiaraIyer,Sales,Manager,1209869,6,39,Mumbai,High,No,05-12-2020,,113619,No
797,SaanviGupta,Operations,Analyst,1875675,7,29,Hyderabad,Average,Yes,21-11-2023,11-01-2028,254695,Yes
798,IraVerma,Operations,Specialist,1822034,2,30,Hyderabad,Low,No,13-05-2020,,346968,No
799,RiyaSingh,IT,Lead,1519360,17,54,Delhi,Average,Yes,03-03-2019,06-02-2020,340496,No
800,MyraVerma,Marketing,Lead,506081,15,33,Hyderabad,Average,No,20-02-2022,,86604,Yes
801,RiyaMehta,IT,Specialist,270463,6,44,Hyderabad,Low,No,07-03-2024,,41233,Yes
802,AnikaNair,Legal,Lead,320076,4,46,Kolkata,Average,Yes,01-11-2015,01-06-2020,29083,Yes
803,AdityaSingh,Admin,Executive,1360294,0,37,Chennai,High,No,27-01-2021,,86799,No
804,MyraVerma,Admin,Manager,775228,2,35,Bangalore,Average,Yes,01-02-2022,27-02-2027,73166,Yes
805,RiyaNair,Operations,Specialist,1427545,15,45,Pune,High,Yes,08-06-2022,25-12-2025,224312,Yes
806,ReyanshGupta,HR,Manager,973952,15,27,Pune,Low,No,18-12-2016,,148150,No
807,SaanviSingh,Admin,Manager,1429458,1,35,Mumbai,High,No,17-06-2017,,75294,No
808,AnikaPatel,Legal,Consultant,506093,7,38,Bangalore,Low,Yes,18-10-2021,24-05-2023,45899,No
809,ArjunPatel,HR,Analyst,539679,7,42,Chennai,Low,Yes,09-01-2022,12-07-2024,46598,No
810,VihaanPatel,HR,Manager,1942695,3,35,Hyderabad,High,No,01-01-2017,,309115,No
811,SaanviNair,Legal,Specialist,1325424,12,38,Chennai,Low,Yes,21-11-2022,06-05-2024,279350,No
812,ArjunMehta,Legal,Analyst,1775246,19,49,Kolkata,Average,Yes,26-09-2016,16-02-2022,202790,No
813,ArjunGupta,HR,Executive,1852562,2,34,Pune,Low,Yes,30-01-2020,25-09-2020,118087,No
814,AadhyaGupta,Finance,Manager,1794874,19,31,Pune,Average,No,29-09-2023,,215365,No
815,RiyaGupta,Admin,Lead,583071,10,22,Hyderabad,High,No,21-12-2017,,127380,No
816,DiyaMehta,IT,Specialist,1034440,1,35,Chennai,Low,No,07-12-2017,,65472,Yes
817,NavyaPatel,Legal,Lead,1925575,8,57,Chennai,Average,Yes,01-06-2024,09-12-2028,231147,Yes
818,AnikaIyer,Operations,Executive,1176351,19,37,Chennai,Average,Yes,19-05-2024,03-04-2026,107575,Yes
819,NavyaPatel,Admin,Lead,1682795,6,48,Delhi,High,Yes,12-07-2018,10-07-2021,383815,Yes
820,IraVerma,Marketing,Lead,308944,15,43,Delhi,Average,Yes,17-09-2017,19-09-2020,42211,No
821,KiaraKapoor,Admin,Lead,1818777,3,57,Pune,Average,No,16-11-2019,,320974,No
822,IshaanPatel,IT,Executive,1173737,11,33,Pune,High,No,03-05-2021,,122289,No
823,VivaanIyer,IT,Lead,654151,7,22,Delhi,High,No,18-06-2019,,146351,Yes
824,IshaanIyer,Finance,Manager,1159113,11,31,Chennai,Low,No,23-12-2023,,187295,No
825,ArjunSingh,Marketing,Analyst,1039385,1,32,Kolkata,Average,Yes,06-01-2016,28-11-2018,145675,Yes
826,RiyaGupta,IT,Consultant,207485,16,58,Hyderabad,Average,Yes,27-12-2021,10-03-2023,36797,No
827,AyaanIyer,IT,Lead,998658,0,50,Kolkata,Low,No,25-06-2022,,214894,Yes
828,ArjunSingh,IT,Specialist,1162452,13,33,Kolkata,Average,No,11-07-2017,,196524,Yes
829,KiaraGupta,Sales,Lead,852873,6,35,Pune,Average,Yes,15-05-2018,23-12-2019,121367,No
830,VihaanSharma,IT,Specialist,1898678,5,44,Hyderabad,Average,No,25-09-2018,,388721,No
831,MyraMehta,Legal,Consultant,1402515,11,53,Pune,Average,No,20-11-2024,,131059,No
832,ArjunKapoor,Legal,Executive,728036,5,41,Bangalore,Average,No,30-08-2016,,71842,No
833,NavyaSharma,Finance,Lead,1094468,13,26,Pune,Average,No,25-05-2018,,251272,No
834,AnanyaPatel,Marketing,Executive,375607,7,49,Bangalore,High,No,30-03-2016,,93613,No
835,AyaanSingh,Sales,Lead,1146405,17,22,Bangalore,High,Yes,18-02-2024,01-08-2025,243660,No
836,MyraSharma,HR,Executive,1466556,5,47,Delhi,Average,Yes,01-03-2024,19-04-2029,169134,Yes
837,KiaraReddy,Sales,Consultant,788574,9,23,Bangalore,Average,Yes,31-12-2015,23-11-2018,77516,Yes
838,AaravSingh,Finance,Executive,1539022,15,33,Chennai,High,Yes,19-03-2020,16-12-2022,83853,Yes
839,VihaanVerma,IT,Specialist,523258,18,31,Pune,High,Yes,08-08-2020,16-07-2022,94640,Yes
840,SaiPatel,Marketing,Specialist,563298,5,51,Pune,Low,No,14-11-2021,,131429,No
841,AadhyaReddy,Marketing,Manager,645872,3,52,Kolkata,Low,No,04-03-2021,,98383,Yes
842,SaanviNair,Operations,Executive,1948322,2,36,Bangalore,Average,Yes,09-12-2016,18-08-2020,326124,No
843,AdityaIyer,Sales,Lead,1849176,3,49,Hyderabad,Low,No,18-01-2016,,363549,Yes
844,ArjunKapoor,Legal,Manager,1678081,9,45,Chennai,High,Yes,23-07-2018,14-01-2022,284217,No
845,KrishnaVerma,HR,Executive,1150922,13,54,Delhi,High,No,05-07-2022,,199921,No
846,AaravIyer,IT,Consultant,1317374,4,41,Pune,Low,Yes,28-09-2022,18-08-2027,236997,No
847,KrishnaGupta,Operations,Specialist,1122736,9,40,Chennai,Low,No,28-04-2020,,169309,No
848,AadhyaNair,Finance,Lead,949450,17,47,Mumbai,Low,No,10-05-2019,,211469,No
849,VihaanSingh,Operations,Analyst,1058999,10,41,Pune,Average,No,28-07-2017,,158925,Yes
850,AdityaReddy,Operations,Executive,1118074,8,30,Kolkata,Average,No,06-07-2017,,90833,Yes
851,SaiKapoor,HR,Specialist,1051007,6,24,Pune,Low,No,18-02-2021,,90251,No
852,VihaanReddy,Admin,Executive,462091,17,37,Pune,Average,Yes,03-04-2015,22-12-2016,38790,Yes
853,VivaanMehta,HR,Consultant,637651,17,53,Chennai,Low,No,10-01-2016,,53745,No
854,AdityaKapoor,Marketing,Specialist,1335371,7,40,Chennai,Average,Yes,07-01-2024,06-01-2025,209902,Yes
855,AnanyaSharma,Operations,Consultant,1120759,12,33,Delhi,Average,Yes,01-02-2020,01-11-2022,242933,Yes
856,NavyaIyer,IT,Consultant,1956963,10,28,Chennai,Low,Yes,02-01-2023,06-10-2026,372856,Yes
857,ArjunIyer,HR,Specialist,721244,7,46,Chennai,Low,Yes,14-07-2017,09-11-2022,123599,Yes
858,AaravGupta,HR,Analyst,688051,15,27,Kolkata,Low,No,02-09-2017,,153159,Yes
859,AnikaVerma,Finance,Executive,1708590,15,47,Hyderabad,High,Yes,19-04-2018,27-03-2022,183338,Yes
860,ReyanshNair,Operations,Consultant,1893182,8,55,Pune,Average,No,28-06-2015,,106028,Yes
861,AnikaKapoor,IT,Analyst,1888809,16,51,Kolkata,Low,Yes,02-05-2022,19-02-2025,270103,Yes
862,AnanyaVerma,Finance,Analyst,1144734,13,40,Mumbai,Average,Yes,24-08-2021,11-01-2027,156918,No
863,MyraGupta,Admin,Manager,540912,16,50,Chennai,Low,Yes,13-07-2017,06-06-2019,68760,Yes
864,RiyaNair,IT,Executive,1205489,6,54,Hyderabad,Low,Yes,01-02-2017,22-05-2018,73588,Yes
865,SaiVerma,Marketing,Specialist,202775,9,52,Pune,Average,Yes,17-07-2016,26-03-2019,16111,Yes
866,ArjunPatel,Admin,Specialist,265149,7,28,Mumbai,Low,Yes,12-08-2018,21-10-2019,28019,Yes
867,IraSingh,Finance,Consultant,1238218,13,28,Kolkata,Average,No,21-01-2018,,119489,No
868,AaravKapoor,Sales,Manager,1421691,9,59,Delhi,High,Yes,20-11-2024,15-05-2028,171654,No
869,MyraKapoor,Sales,Specialist,1200460,3,57,Kolkata,High,Yes,24-08-2023,28-05-2028,95297,No
870,VivaanMehta,Finance,Manager,1746175,5,44,Pune,Average,No,09-06-2024,,116203,Yes
871,SaiSharma,HR,Consultant,900033,10,48,Bangalore,Average,Yes,27-03-2024,16-01-2025,73079,No
872,KrishnaReddy,Admin,Executive,769829,9,44,Delhi,High,Yes,19-05-2024,14-01-2028,65318,Yes
873,SaiSharma,Admin,Lead,1942166,16,21,Delhi,Low,Yes,01-02-2024,23-08-2026,216148,No
874,AnikaSingh,Operations,Specialist,696440,9,54,Mumbai,High,No,15-02-2017,,61387,Yes
875,VihaanReddy,Sales,Executive,1843608,15,38,Mumbai,High,No,04-06-2024,,457868,Yes
876,SaanviMehta,Finance,Specialist,797904,14,35,Chennai,Average,Yes,21-06-2020,17-04-2023,60059,No
877,ArjunMehta,Admin,Manager,437068,16,52,Hyderabad,Average,Yes,06-09-2021,03-05-2022,54324,No
878,ReyanshReddy,Marketing,Manager,1670170,17,33,Bangalore,Low,Yes,10-10-2019,13-11-2020,248043,Yes
879,KrishnaGupta,Finance,Specialist,1362667,5,39,Hyderabad,Average,Yes,27-10-2021,24-01-2026,100022,No
880,AyaanPatel,IT,Consultant,1924463,17,36,Chennai,Low,Yes,02-01-2019,16-04-2024,256394,Yes
881,AadhyaKapoor,Admin,Manager,968223,7,33,Chennai,Average,No,03-01-2023,,232653,No
882,AaravNair,Sales,Manager,1053220,5,39,Bangalore,Average,Yes,01-06-2019,29-09-2022,160699,Yes
883,AnikaSharma,Legal,Executive,1119134,3,59,Delhi,Average,Yes,31-12-2017,09-11-2020,204055,No
884,NavyaNair,Admin,Consultant,673573,5,48,Kolkata,Low,No,22-02-2015,,71215,No
885,AyaanVerma,HR,Consultant,381890,12,54,Pune,Average,Yes,20-12-2016,17-08-2018,65215,Yes
886,DiyaPatel,Sales,Consultant,1058823,7,26,Delhi,Low,No,14-05-2018,,106474,No
887,SaiIyer,HR,Specialist,1997001,2,32,Hyderabad,Low,No,15-04-2018,,391198,Yes
888,DiyaIyer,HR,Consultant,320062,4,45,Delhi,Average,No,24-02-2018,,30118,Yes
889,IshaanNair,Marketing,Consultant,434196,19,59,Chennai,High,Yes,18-01-2016,04-07-2020,86984,Yes
890,RiyaReddy,HR,Lead,473022,9,40,Pune,Average,Yes,22-12-2021,25-06-2024,45604,Yes
891,SaanviReddy,Admin,Lead,1202403,0,21,Delhi,Average,No,29-06-2017,,108097,Yes
892,MyraVerma,Sales,Manager,216279,7,47,Bangalore,Low,Yes,19-04-2015,30-05-2019,23421,No
893,AnikaMehta,Sales,Analyst,291911,14,33,Bangalore,Average,No,14-01-2024,,41819,No
894,VivaanVerma,Operations,Analyst,1581848,15,22,Hyderabad,Average,Yes,06-09-2022,15-03-2025,241365,No
895,MyraKapoor,Marketing,Specialist,397478,12,52,Chennai,Average,Yes,12-05-2016,19-09-2021,76166,Yes
896,KiaraVerma,Finance,Specialist,637585,12,41,Mumbai,Average,Yes,07-04-2022,14-08-2024,37675,Yes
897,SaiPatel,Finance,Consultant,698512,7,39,Mumbai,Average,Yes,29-04-2022,06-04-2023,162139,Yes
898,NavyaSharma,Marketing,Specialist,579593,11,51,Pune,High,Yes,18-07-2016,19-05-2018,101582,No
899,DiyaNair,Admin,Consultant,846045,0,29,Pune,Low,No,14-09-2019,,210901,Yes
900,AdityaSharma,Sales,Lead,668011,2,31,Pune,Average,No,26-01-2018,,62191,No
901,AnanyaIyer,Admin,Specialist,498783,14,32,Bangalore,High,Yes,13-02-2019,12-02-2023,36071,No
902,SaiPatel,Sales,Specialist,1958136,7,28,Bangalore,Average,Yes,18-08-2019,01-07-2023,370332,Yes
903,DiyaPatel,Admin,Manager,956967,9,31,Chennai,Low,No,16-04-2022,,71865,Yes
904,SaiGupta,IT,Manager,1533520,0,52,Delhi,Low,No,28-12-2021,,284435,Yes
905,KiaraPatel,Operations,Manager,1711252,7,43,Mumbai,High,Yes,11-05-2019,20-12-2020,210787,No
906,DiyaGupta,Operations,Specialist,966565,4,28,Chennai,Low,No,10-06-2018,,102997,Yes
907,AaravNair,Admin,Manager,737970,10,44,Hyderabad,Average,Yes,27-03-2017,28-12-2020,178808,Yes
908,MyraKapoor,Operations,Consultant,1864062,7,39,Pune,Average,No,20-05-2017,,192183,No
909,AnikaGupta,Admin,Analyst,781904,5,39,Pune,Low,No,09-02-2021,,88753,Yes
910,ArjunKapoor,Finance,Analyst,1849782,4,24,Delhi,Average,Yes,03-01-2024,13-01-2025,196674,No
911,DiyaVerma,Operations,Executive,426572,19,52,Chennai,High,Yes,03-09-2017,23-04-2021,50922,Yes
912,KrishnaMehta,HR,Executive,620539,13,39,Chennai,Average,Yes,24-04-2018,19-07-2019,73220,No
913,ReyanshIyer,Operations,Lead,1600679,0,38,Chennai,High,Yes,03-11-2022,19-01-2025,379516,No
914,SaanviGupta,Legal,Analyst,999687,15,24,Hyderabad,Average,Yes,03-10-2024,30-10-2027,68450,No
915,DiyaReddy,Marketing,Specialist,1030351,11,51,Kolkata,High,Yes,24-11-2021,10-04-2026,251009,Yes
916,KiaraNair,Admin,Analyst,830270,1,23,Mumbai,High,No,27-06-2018,,42348,No
917,ArjunSingh,Finance,Manager,362421,9,29,Mumbai,Average,No,29-07-2018,,65055,No
918,AdityaSingh,Legal,Executive,592551,9,39,Delhi,Average,No,01-06-2015,,126498,No
919,SaiKapoor,Admin,Consultant,1111289,15,35,Chennai,Low,Yes,01-04-2018,20-01-2020,247809,Yes
920,SaanviPatel,Admin,Executive,477785,14,54,Kolkata,Average,No,26-07-2021,,57980,No
921,MyraIyer,Sales,Executive,802251,3,43,Kolkata,Low,Yes,08-09-2019,24-09-2020,57289,No
922,IshaanIyer,Finance,Consultant,700981,1,50,Pune,Average,No,11-06-2024,,119699,Yes
923,IraMehta,HR,Executive,1671315,16,42,Kolkata,Average,No,01-02-2019,,329224,Yes
924,RiyaReddy,Admin,Lead,1080096,19,58,Hyderabad,Average,No,24-11-2019,,160463,Yes
925,DiyaKapoor,HR,Analyst,790073,13,35,Mumbai,High,Yes,18-08-2018,17-01-2022,65482,Yes
926,AnanyaIyer,IT,Analyst,1798328,4,26,Mumbai,Low,No,26-04-2022,,106190,No
927,AadhyaReddy,HR,Analyst,780971,14,43,Bangalore,High,Yes,10-06-2020,27-03-2021,184552,Yes
928,SaiVerma,IT,Lead,974107,2,42,Bangalore,Average,No,21-05-2017,,176708,No
929,DiyaVerma,Operations,Manager,1112935,17,30,Delhi,Low,No,11-12-2015,,265470,No
930,IraNair,Operations,Manager,1121287,10,25,Delhi,Low,Yes,28-03-2020,27-03-2024,73031,Yes
931,ReyanshKapoor,Finance,Specialist,1116004,12,58,Hyderabad,Low,Yes,13-12-2023,04-02-2026,255720,Yes
932,AaravIyer,Operations,Analyst,1475393,0,50,Pune,Average,Yes,08-12-2019,10-10-2020,104240,No
933,RiyaKapoor,Operations,Manager,889753,12,28,Pune,Average,Yes,05-06-2020,08-08-2023,211461,Yes
934,AyaanGupta,IT,Consultant,1835765,8,59,Mumbai,Average,Yes,08-07-2022,09-10-2027,219380,Yes
935,ArjunVerma,Legal,Consultant,442934,19,45,Kolkata,Low,Yes,31-05-2019,31-05-2022,62713,Yes
936,IraNair,HR,Manager,947108,14,21,Delhi,Low,Yes,30-01-2017,14-12-2020,177821,No
937,VihaanPatel,HR,Executive,1413865,14,37,Bangalore,High,Yes,22-01-2015,17-06-2017,324025,Yes
938,VihaanSingh,Sales,Lead,1295687,14,37,Mumbai,Low,No,12-06-2016,,209204,Yes
939,AdityaGupta,Marketing,Lead,1377228,16,58,Bangalore,Average,Yes,28-04-2017,24-03-2019,201662,Yes
940,NavyaSingh,Finance,Executive,579653,2,34,Kolkata,High,Yes,16-06-2018,14-03-2019,122701,Yes
941,ReyanshPatel,IT,Lead,1838197,12,51,Delhi,High,Yes,22-06-2018,19-10-2021,434753,Yes
942,NavyaIyer,Operations,Consultant,868629,16,43,Chennai,Low,No,02-01-2024,,147959,Yes
943,SaiReddy,Legal,Specialist,617582,4,46,Mumbai,High,Yes,12-11-2024,24-06-2026,50792,No
944,VihaanReddy,Finance,Specialist,885503,17,38,Delhi,High,Yes,12-11-2018,23-07-2021,208642,No
945,DiyaPatel,HR,Executive,783117,12,27,Bangalore,Average,Yes,28-08-2021,22-09-2023,57380,No
946,IshaanIyer,Marketing,Consultant,212306,10,55,Kolkata,Average,Yes,01-05-2024,09-01-2026,25674,No
947,IshaanNair,Sales,Executive,1790883,2,52,Kolkata,Average,No,09-12-2020,,388135,Yes
948,AaravIyer,Finance,Specialist,1135783,16,27,Hyderabad,High,Yes,07-08-2021,31-01-2025,80839,Yes
949,ArjunNair,Legal,Consultant,1941599,3,33,Chennai,Low,Yes,13-11-2022,26-07-2026,352656,Yes
950,DiyaMehta,Operations,Manager,1419439,14,24,Chennai,Average,Yes,18-03-2017,08-04-2018,79248,Yes
951,AadhyaIyer,Marketing,Consultant,296143,3,46,Kolkata,High,No,31-07-2018,,45503,No
952,DiyaIyer,Legal,Specialist,860673,2,28,Chennai,Average,Yes,02-03-2017,07-03-2018,88191,No
953,VihaanVerma,Marketing,Specialist,465702,12,22,Hyderabad,Low,Yes,15-03-2022,06-12-2026,66559,Yes
954,VihaanSharma,Finance,Specialist,1154470,9,36,Pune,Low,Yes,16-10-2022,24-05-2027,130414,No
955,RiyaReddy,IT,Analyst,559281,4,49,Chennai,High,Yes,27-02-2016,08-04-2018,77617,Yes
956,NavyaIyer,Admin,Manager,371389,12,43,Bangalore,High,No,28-03-2016,,19168,No
957,NavyaPatel,Operations,Lead,1504503,13,24,Chennai,Low,Yes,31-08-2023,22-09-2026,225819,No
958,VihaanNair,Admin,Analyst,959401,17,35,Kolkata,Average,No,18-12-2018,,153018,No
959,VivaanSharma,IT,Lead,1758244,9,40,Pune,Average,Yes,26-10-2017,27-01-2020,398894,No
960,AadhyaGupta,Marketing,Consultant,1588990,2,31,Hyderabad,Average,Yes,21-03-2017,31-08-2021,300857,No
961,MyraKapoor,Admin,Specialist,745726,3,37,Chennai,Low,Yes,19-03-2017,09-06-2020,88861,No
962,KrishnaIyer,Legal,Lead,1036309,5,55,Pune,Average,No,14-11-2024,,79257,No
963,VivaanSharma,HR,Manager,1988053,15,31,Kolkata,Average,No,30-08-2017,,493169,Yes
964,AnanyaNair,Finance,Specialist,1827650,8,32,Bangalore,Average,No,21-08-2016,,259398,No
965,VivaanMehta,Sales,Manager,1573713,16,29,Pune,Average,Yes,20-12-2019,20-06-2022,274692,Yes
966,IshaanVerma,Operations,Manager,285166,4,43,Delhi,High,No,30-01-2015,,58532,Yes
967,KiaraNair,Legal,Analyst,759073,12,45,Delhi,High,No,29-05-2019,,174277,Yes
968,AnanyaNair,Legal,Analyst,815416,13,50,Chennai,Low,No,10-01-2016,,172046,Yes
969,ReyanshReddy,Admin,Lead,823640,13,55,Kolkata,High,No,26-04-2015,,96468,Yes
970,RiyaPatel,Operations,Specialist,832585,2,31,Mumbai,Average,Yes,27-03-2019,20-03-2024,180662,Yes
971,IshaanPatel,HR,Analyst,548844,6,37,Chennai,Average,Yes,11-01-2019,08-01-2022,122766,Yes
972,AnikaVerma,Operations,Analyst,1034379,9,38,Delhi,High,No,02-10-2020,,95927,No
973,ReyanshReddy,Finance,Consultant,553039,16,38,Kolkata,Average,No,27-04-2016,,30821,No
974,MyraReddy,Sales,Specialist,1250457,15,26,Hyderabad,Average,No,10-08-2017,,259437,Yes
975,AaravKapoor,IT,Lead,1404654,14,32,Hyderabad,Low,No,18-09-2018,,229299,No
976,MyraSingh,Legal,Lead,1909813,1,46,Pune,High,Yes,06-04-2017,01-08-2018,311708,Yes
977,DiyaIyer,IT,Manager,755710,14,32,Mumbai,High,No,21-05-2015,,163590,No
978,AadhyaReddy,Finance,Consultant,639358,16,56,Mumbai,Average,No,17-04-2023,,43168,No
979,SaiPatel,Sales,Specialist,511385,15,56,Mumbai,Low,Yes,14-10-2022,20-01-2025,60083,Yes
980,AaravMehta,Marketing,Specialist,556427,4,50,Hyderabad,High,No,13-09-2021,,64767,No
981,VivaanMehta,IT,Analyst,1053062,12,57,Mumbai,Low,No,15-10-2022,,123082,No
982,MyraGupta,HR,Consultant,376355,14,39,Hyderabad,Low,Yes,05-04-2016,01-07-2018,34518,Yes
983,AnanyaSingh,Marketing,Executive,222692,19,49,Hyderabad,Average,Yes,11-08-2019,03-12-2020,23078,No
984,ArjunMehta,Finance,Lead,1208803,1,42,Pune,High,Yes,12-08-2015,21-04-2018,101852,No
985,IraVerma,Sales,Lead,1093877,3,50,Delhi,Average,No,14-02-2015,,128537,No
986,AyaanNair,Sales,Manager,701793,12,49,Delhi,Low,Yes,06-03-2020,09-03-2022,82434,No
987,KiaraNair,Marketing,Lead,1868462,3,29,Delhi,Average,No,17-05-2023,,247124,Yes
988,AnanyaKapoor,Legal,Specialist,1476485,19,35,Pune,Low,No,24-10-2021,,115492,Yes
989,DiyaIyer,Operations,Analyst,938591,3,38,Delhi,High,Yes,28-10-2024,17-11-2027,170145,Yes
990,AyaanPatel,Legal,Analyst,728036,3,49,Pune,High,No,25-03-2024,,48229,Yes
991,MyraMehta,Admin,Specialist,1893481,8,51,Delhi,Average,No,22-12-2020,,139087,No
992,AdityaMehta,Marketing,Manager,700201,2,41,Kolkata,Low,No,27-04-2018,,124341,No
993,AadhyaSharma,Marketing,Executive,1536926,1,30,Kolkata,Average,No,10-05-2015,,267047,No
994,AnanyaNair,Finance,Manager,1600791,16,52,Pune,Average,Yes,24-05-2015,25-12-2015,144560,No
995,AadhyaSingh,Operations,Specialist,1707572,10,44,Pune,Low,Yes,16-12-2020,27-12-2023,275325,Yes
996,KiaraGupta,HR,Specialist,1144131,6,46,Mumbai,High,No,02-11-2015,,115233,No
997,AnikaVerma,Finance,Manager,1260560,0,31,Mumbai,High,Yes,03-10-2018,06-01-2022,137165,No
998,AnanyaIyer,Admin,Consultant,1735963,9,27,Mumbai,Average,Yes,10-11-2018,25-11-2023,387315,No
999,IshaanMehta,Finance,Specialist,1503659,18,46,Bangalore,Low,No,21-03-2024,,103232,No
1000,AnikaMehta,HR,Executive,1091372,2,32,Chennai,High,Yes,14-07-2015,02-06-2017,248740,Yes
1001,KiaraMehta,Marketing,Consultant,546293,1,36,Kolkata,Low,Yes,05-04-2020,22-06-2024,27461,No
1002,RiyaNair,Marketing,Manager,934803,5,48,Delhi,Average,Yes,24-01-2018,16-06-2022,133502,Yes
1003,AaravKapoor,Legal,Specialist,1019497,7,53,Kolkata,High,No,24-04-2017,,185781,Yes
1004,AyaanMehta,Sales,Analyst,1831605,9,57,Bangalore,High,No,23-06-2018,,139558,No
1005,ArjunNair,Sales,Lead,371541,19,47,Mumbai,Average,Yes,26-04-2019,12-10-2020,43939,No
1006,SaiNair,IT,Executive,254745,1,32,Bangalore,Average,Yes,18-12-2018,06-07-2022,36445,No
1007,AyaanReddy,Admin,Executive,245256,9,52,Delhi,Average,Yes,27-12-2021,11-05-2027,53564,No
1008,SaanviMehta,Legal,Consultant,1452390,1,21,Hyderabad,High,No,29-12-2018,,231843,Yes
1009,VihaanKapoor,HR,Executive,1620695,1,51,Bangalore,Low,No,22-07-2016,,393927,No
1010,RiyaSingh,HR,Executive,731740,14,32,Bangalore,High,No,14-04-2022,,121012,No
1011,SaanviReddy,IT,Lead,1360038,9,34,Delhi,High,Yes,07-03-2020,01-05-2025,102678,No
1012,SaiKapoor,Admin,Analyst,1925089,11,42,Hyderabad,Low,Yes,01-08-2020,05-03-2025,371433,No
1013,NavyaNair,IT,Analyst,1852131,13,36,Delhi,Average,Yes,11-10-2018,11-07-2020,386054,Yes
1014,IraPatel,Operations,Specialist,593120,12,56,Bangalore,Average,No,28-05-2015,,141865,No
1015,AadhyaGupta,Operations,Consultant,1977858,12,36,Hyderabad,Low,No,09-07-2022,,464514,Yes
1016,ReyanshGupta,HR,Manager,800724,7,34,Mumbai,Low,No,07-07-2020,,46837,No
1017,SaiIyer,Legal,Executive,440011,15,37,Hyderabad,Low,No,11-05-2023,,95681,No
1018,MyraIyer,Admin,Specialist,1988220,6,52,Delhi,High,Yes,07-11-2024,21-09-2029,466935,Yes
1019,DiyaVerma,Sales,Analyst,1147509,14,54,Mumbai,Low,No,26-11-2020,,262610,Yes
1020,AnikaSharma,IT,Specialist,1796246,7,34,Delhi,Low,No,26-04-2017,,409975,Yes
1021,AnanyaSharma,Marketing,Consultant,1157726,2,37,Pune,Low,No,20-04-2016,,116810,No
1022,AnikaVerma,Operations,Manager,1068277,7,33,Delhi,Low,No,17-04-2021,,229381,No
1023,KiaraPatel,HR,Analyst,1704900,8,49,Delhi,High,No,22-11-2015,,362208,No
1024,AnikaGupta,Sales,Executive,1289118,1,25,Kolkata,High,No,22-05-2016,,122653,No
1025,VivaanVerma,Legal,Executive,1279367,0,40,Hyderabad,Average,Yes,07-03-2023,22-05-2025,109231,Yes
1026,SaanviVerma,HR,Manager,335150,10,49,Mumbai,Average,No,02-10-2020,,75316,No
1027,ArjunVerma,Marketing,Specialist,1080147,13,23,Kolkata,Average,No,18-02-2021,,123142,Yes
1028,DiyaVerma,Operations,Lead,1862388,14,21,Mumbai,Average,No,16-02-2020,,275274,No
1029,IraPatel,Legal,Executive,979091,5,28,Kolkata,Average,No,07-09-2020,,184980,Yes
1030,AadhyaNair,Finance,Executive,1973216,2,55,Chennai,Average,No,19-07-2022,,326958,Yes
1031,ArjunIyer,Finance,Analyst,469515,19,40,Hyderabad,Average,Yes,11-08-2023,25-10-2028,105439,No
1032,IshaanGupta,IT,Consultant,437330,5,47,Bangalore,Low,No,25-06-2022,,90120,No
1033,AnikaSharma,Finance,Executive,1754316,19,42,Chennai,Low,No,02-12-2017,,156571,No
1034,VihaanIyer,Marketing,Analyst,464179,7,46,Bangalore,High,Yes,28-04-2022,28-09-2025,50881,Yes
1035,VihaanIyer,IT,Manager,256396,8,40,Kolkata,Average,Yes,23-10-2021,07-12-2022,55505,Yes
1036,AadhyaPatel,Operations,Lead,1812210,11,35,Pune,Average,No,22-10-2021,,175327,No
1037,AnanyaGupta,Sales,Manager,538585,9,47,Delhi,High,No,03-11-2024,,31408,Yes
1038,AadhyaKapoor,HR,Executive,556778,18,26,Hyderabad,Low,Yes,30-07-2017,26-02-2020,100548,Yes
1039,IraIyer,Legal,Consultant,676379,0,55,Pune,High,No,09-06-2018,,107513,No
1040,RiyaSingh,Operations,Consultant,1236149,14,27,Pune,High,No,24-09-2015,,286226,No
1041,AdityaGupta,IT,Executive,1215691,5,32,Mumbai,Low,Yes,13-12-2024,08-01-2030,189578,Yes
1042,AaravMehta,Admin,Consultant,1675159,15,33,Mumbai,High,Yes,23-08-2016,26-03-2018,318986,No
1043,MyraMehta,Finance,Analyst,1477880,19,24,Kolkata,Average,Yes,03-01-2018,02-09-2022,297424,No
1044,AadhyaSharma,Finance,Manager,552621,10,48,Mumbai,High,No,01-01-2019,,88471,No
1045,IraSharma,Admin,Lead,1618006,17,48,Mumbai,Low,No,16-01-2017,,394574,No
1046,VivaanReddy,HR,Executive,1908569,18,53,Pune,High,No,10-11-2023,,158812,No
1047,IraSingh,Marketing,Executive,498530,16,23,Hyderabad,Average,No,20-12-2016,,36306,No
1048,AyaanSharma,HR,Specialist,759603,12,35,Chennai,Average,Yes,13-09-2016,23-08-2020,101000,No
1049,AadhyaIyer,Finance,Specialist,489385,14,58,Chennai,High,No,14-04-2024,,104114,No
1050,AadhyaSharma,IT,Analyst,518953,6,42,Pune,Low,No,16-02-2020,,125022,No
1051,KiaraMehta,Sales,Lead,479720,9,30,Pune,Average,No,04-01-2019,,81725,Yes
1052,IshaanNair,Legal,Consultant,1031868,17,58,Pune,High,No,03-07-2020,,121365,No
1053,SaiSingh,Sales,Analyst,1742656,11,54,Pune,High,Yes,20-03-2019,05-04-2022,303211,No
1054,ArjunGupta,Sales,Manager,512579,0,27,Chennai,Average,Yes,30-11-2021,01-10-2025,115013,No
1055,IraPatel,Sales,Manager,1580642,7,44,Chennai,Low,Yes,28-05-2021,08-01-2024,104094,No
1056,KrishnaReddy,IT,Manager,1504397,17,48,Kolkata,High,Yes,22-05-2016,13-11-2020,118386,Yes
1057,AnanyaNair,Finance,Lead,536430,3,57,Mumbai,Low,Yes,02-04-2019,09-02-2024,127624,No
1058,KrishnaReddy,Operations,Executive,1277209,15,59,Kolkata,High,No,30-09-2024,,275478,Yes
1059,NavyaSingh,Finance,Consultant,666589,10,22,Delhi,Average,No,25-11-2020,,155420,Yes
1060,VihaanSingh,Finance,Lead,1999971,17,46,Delhi,High,Yes,23-11-2016,20-02-2018,476345,Yes
1061,VihaanMehta,Operations,Manager,1584704,12,26,Pune,Average,No,04-08-2016,,270456,No
1062,VihaanGupta,Operations,Analyst,1981399,18,57,Kolkata,Low,Yes,08-04-2022,18-09-2027,469962,Yes
1063,KiaraNair,HR,Manager,1813560,9,53,Kolkata,Average,No,16-06-2020,,384356,No
1064,NavyaGupta,Finance,Analyst,1649589,6,29,Bangalore,High,No,23-06-2018,,110895,No
1065,AyaanGupta,Legal,Manager,750428,0,35,Mumbai,Average,No,08-02-2017,,134170,No
1066,KiaraKapoor,Operations,Executive,597172,11,38,Hyderabad,Low,Yes,25-04-2021,12-01-2025,137636,Yes
1067,AdityaReddy,Operations,Specialist,1930283,5,57,Kolkata,Low,No,24-04-2018,,267374,Yes
1068,SaanviSharma,IT,Lead,298234,10,24,Delhi,High,No,09-06-2017,,49984,No
1069,SaanviKapoor,Marketing,Consultant,524464,1,49,Pune,Average,No,30-06-2020,,84405,Yes
1070,KrishnaKapoor,IT,Consultant,1268203,5,45,Hyderabad,Average,Yes,25-12-2021,02-11-2025,67104,No
1071,DiyaNair,Sales,Analyst,1614906,15,51,Delhi,Low,No,30-08-2019,,276177,No
1072,ArjunKapoor,Marketing,Manager,1371675,18,29,Delhi,High,No,11-08-2017,,119291,No
1073,SaiSharma,HR,Lead,272095,4,43,Chennai,Average,Yes,22-02-2021,04-01-2026,29025,No
1074,AadhyaKapoor,Finance,Consultant,1587962,9,59,Delhi,Average,No,08-06-2017,,104839,No
1075,VihaanSharma,Finance,Specialist,775610,14,23,Bangalore,High,Yes,24-09-2018,28-05-2021,70160,No
1076,AnanyaMehta,Sales,Analyst,1715554,5,32,Bangalore,Average,Yes,24-04-2022,19-06-2026,261350,No
1077,NavyaMehta,Finance,Analyst,1849810,2,28,Chennai,High,Yes,11-01-2022,28-11-2022,146255,No
1078,KiaraVerma,IT,Consultant,1598659,18,41,Hyderabad,Average,Yes,26-03-2016,21-04-2018,256837,Yes
1079,VivaanNair,IT,Specialist,631436,2,29,Mumbai,Average,Yes,09-07-2021,12-10-2025,45910,No
1080,NavyaNair,Legal,Analyst,468614,14,27,Chennai,Average,No,26-06-2019,,100502,No
1081,IraNair,IT,Manager,1293015,16,57,Chennai,Low,No,22-12-2018,,76439,No
1082,ArjunKapoor,Finance,Consultant,930602,15,28,Mumbai,Average,No,19-03-2023,,130575,Yes
1083,SaiKapoor,Operations,Executive,1937009,11,45,Chennai,Average,Yes,06-09-2024,12-12-2029,144610,Yes
1084,DiyaSingh,Marketing,Executive,230063,13,56,Chennai,Low,Yes,15-01-2023,20-01-2024,43285,No
1085,IshaanReddy,Marketing,Analyst,1362180,10,45,Hyderabad,Low,Yes,03-04-2019,14-02-2023,172217,Yes
1086,AnikaNair,HR,Analyst,390285,17,48,Bangalore,Low,Yes,04-02-2021,06-08-2024,51579,No
1087,AaravVerma,Operations,Executive,1858990,8,52,Kolkata,Low,No,12-04-2016,,308450,No
1088,AnikaPatel,Admin,Analyst,1255811,13,54,Kolkata,Average,No,24-07-2020,,303082,Yes
1089,ArjunKapoor,Admin,Specialist,1224903,5,36,Pune,Average,Yes,21-12-2019,02-07-2024,89357,No
1090,AdityaSingh,Legal,Specialist,947948,12,25,Mumbai,Average,No,17-11-2024,,57061,Yes
1091,KiaraPatel,Finance,Manager,1667217,14,38,Pune,Low,No,25-12-2017,,279324,Yes
1092,MyraVerma,Sales,Lead,456812,17,32,Chennai,High,Yes,09-05-2016,25-07-2019,48476,Yes
1093,IraKapoor,HR,Executive,1610808,10,39,Pune,High,Yes,04-02-2015,17-05-2018,158075,Yes
1094,KrishnaMehta,Sales,Consultant,1419309,13,44,Kolkata,High,No,30-03-2021,,250002,Yes
1095,MyraSingh,Operations,Specialist,1030326,18,38,Chennai,Low,No,24-10-2020,,202123,Yes
1096,AnanyaNair,IT,Specialist,582811,0,39,Delhi,High,No,13-04-2019,,122875,No
1097,KrishnaVerma,Finance,Executive,1111612,16,57,Chennai,Low,No,23-09-2021,,253478,Yes
1098,SaiPatel,Finance,Manager,1450786,7,36,Bangalore,Average,Yes,21-10-2015,24-11-2020,223308,Yes
1099,RiyaReddy,IT,Executive,608213,15,48,Pune,Low,No,23-02-2016,,78581,No
1100,VihaanReddy,IT,Specialist,1047405,7,42,Bangalore,Average,No,26-03-2015,,143295,Yes
1101,VivaanMehta,Sales,Lead,753044,8,21,Chennai,Low,No,28-07-2019,,91184,No
1102,VihaanPatel,HR,Analyst,1375615,10,43,Hyderabad,High,No,07-10-2018,,167222,Yes
1103,IraSharma,Legal,Consultant,331562,17,43,Mumbai,Low,No,04-09-2024,,27284,Yes
1104,AyaanKapoor,IT,Analyst,458360,6,43,Chennai,Average,No,26-02-2020,,75197,Yes
1105,NavyaMehta,IT,Analyst,828177,18,27,Chennai,Low,Yes,09-12-2017,21-06-2022,134809,No
1106,MyraIyer,HR,Executive,753608,12,51,Kolkata,Average,No,24-01-2022,,148464,Yes
1107,AaravSharma,Admin,Analyst,1250735,12,33,Chennai,Average,No,23-11-2023,,95851,No
1108,ReyanshSingh,Marketing,Executive,640420,16,48,Mumbai,High,Yes,04-03-2023,28-12-2027,72885,No
1109,AdityaNair,Finance,Manager,824773,10,58,Pune,High,No,20-06-2017,,45188,No
1110,ReyanshSingh,Operations,Consultant,1725389,1,23,Bangalore,High,No,07-03-2019,,284292,No
1111,KrishnaMehta,Operations,Analyst,1724960,18,38,Mumbai,Average,No,06-06-2020,,276177,Yes
1112,ArjunSharma,Admin,Executive,796860,12,55,Delhi,High,Yes,12-07-2022,28-01-2023,71126,No
1113,MyraIyer,Legal,Lead,644844,16,54,Delhi,High,Yes,11-12-2015,24-04-2021,113101,Yes
1114,KiaraVerma,Operations,Specialist,1443030,18,45,Kolkata,High,No,11-06-2016,,157506,No
1115,SaiSharma,Finance,Specialist,1800328,0,39,Bangalore,Low,No,25-04-2016,,186801,Yes
1116,AyaanSharma,Marketing,Consultant,1928235,7,38,Pune,Average,Yes,26-11-2024,24-05-2026,310497,Yes
1117,RiyaPatel,Sales,Manager,633797,5,52,Hyderabad,Average,Yes,30-12-2022,03-09-2023,54167,No
1118,IraSingh,Sales,Executive,1984094,9,30,Mumbai,High,No,02-02-2022,,382890,Yes
1119,KrishnaSingh,Admin,Manager,1764945,19,29,Chennai,Low,Yes,23-04-2016,23-11-2016,225013,Yes
1120,AnikaGupta,Finance,Manager,1053159,8,29,Bangalore,High,Yes,10-01-2021,09-06-2025,108685,No
1121,ReyanshSharma,Marketing,Consultant,1322446,2,25,Chennai,Average,Yes,13-04-2021,06-05-2025,215450,No
1122,VivaanReddy,Legal,Specialist,937902,1,49,Bangalore,Low,No,16-01-2022,,50448,No
1123,DiyaKapoor,HR,Consultant,535468,9,51,Mumbai,Low,No,08-09-2016,,120989,No
1124,MyraIyer,Operations,Executive,1887023,13,29,Hyderabad,Low,No,16-09-2017,,191039,Yes
1125,AnikaSharma,Sales,Consultant,1881892,9,33,Hyderabad,Low,Yes,02-04-2018,29-10-2019,250766,Yes
1126,SaiReddy,Marketing,Executive,741220,9,29,Pune,High,Yes,13-06-2021,16-07-2022,83401,Yes
1127,IraNair,HR,Lead,363639,6,59,Kolkata,High,No,20-03-2018,,46250,No
1128,AyaanVerma,Admin,Manager,1969433,18,25,Bangalore,Low,No,04-01-2017,,370905,Yes
1129,AdityaSingh,Admin,Executive,1518321,19,37,Pune,Average,Yes,07-05-2016,20-01-2020,369015,Yes
1130,VivaanSharma,Legal,Analyst,1718438,9,26,Kolkata,High,Yes,08-07-2022,19-02-2026,232836,Yes
1131,VivaanIyer,HR,Analyst,1054901,19,25,Chennai,High,No,05-09-2017,,136774,Yes
1132,VihaanSharma,HR,Analyst,709394,14,36,Kolkata,Average,No,19-01-2016,,164473,Yes
1133,RiyaNair,Sales,Lead,693891,14,45,Kolkata,High,Yes,24-02-2019,19-04-2022,140886,No
1134,SaanviIyer,Legal,Lead,607821,16,39,Chennai,Low,No,27-12-2022,,108382,Yes
1135,KiaraKapoor,Operations,Lead,969565,18,45,Mumbai,Low,Yes,13-03-2018,17-01-2019,100333,Yes
1136,RiyaVerma,Sales,Lead,1827826,7,38,Mumbai,High,No,22-10-2019,,310718,No
1137,AadhyaIyer,Admin,Manager,1468306,9,37,Mumbai,Low,Yes,29-01-2021,15-04-2024,329286,Yes
1138,ArjunPatel,Legal,Lead,1985353,1,56,Pune,Average,No,01-06-2016,,373374,Yes
1139,ArjunIyer,Marketing,Lead,1058326,5,49,Bangalore,Average,No,03-10-2023,,123108,Yes
1140,NavyaSingh,IT,Executive,590992,13,44,Mumbai,High,Yes,06-07-2021,02-05-2026,58339,No
1141,DiyaMehta,Sales,Consultant,1845437,1,48,Mumbai,Low,No,17-06-2017,,157647,Yes
1142,IraIyer,Operations,Lead,1303036,13,46-,Chennai,Average,No,18-11-2016,,150845,No
1143,AnanyaGupta,Finance,Specialist,1077751,6,50,Kolkata,Low,No,06-04-2017,,228902,Yes
1144,AaravMehta,Sales,Specialist,1825199,6,29,Chennai,Low,Yes,03-07-2019,17-11-2021,362111,No
1145,AnanyaNair,Sales,Specialist,1715509,3,55,Mumbai,Low,No,14-01-2016,,304794,Yes
1146,AdityaReddy,HR,Lead,271916,7,27,Delhi,Low,No,19-05-2021,,65774,No
1147,ReyanshSingh,Operations,Executive,1323270,11,43,Delhi,Low,Yes,03-12-2024,10-08-2028,287531,No
1148,SaiMehta,Marketing,Consultant,550068,0,56,Mumbai,Average,Yes,21-01-2021,27-04-2026,93986,Yes
1149,ReyanshSharma,IT,Analyst,604911,4,52,Delhi,Low,Yes,12-08-2020,06-03-2022,143226,No
1150,VihaanReddy,Sales,Analyst,1781666,19,34,Hyderabad,Low,No,22-03-2016,,340524,No
1151,SaiKapoor,Legal,Consultant,1561212,16,44,Delhi,Low,Yes,03-06-2022,27-11-2025,173700,Yes
1152,ReyanshMehta,Legal,Consultant,1581710,14,26,Bangalore,Average,No,26-06-2023,,293933,Yes
1153,VivaanSingh,Sales,Lead,321635,7,35,Bangalore,Low,No,22-01-2016,,56583,Yes
1154,VivaanPatel,IT,Lead,1073420,8,54,Chennai,Average,Yes,10-09-2017,18-05-2022,138067,Yes
1155,IraSingh,Finance,Manager,603359,19,33,Chennai,Average,No,21-10-2017,,36945,No
1156,NavyaIyer,IT,Analyst,1351054,11,34,Pune,Average,No,07-06-2017,,113919,No
1157,IraPatel,Legal,Consultant,1210165,6,49,Kolkata,High,Yes,13-09-2022,07-10-2025,93998,Yes
1158,AyaanMehta,Admin,Manager,1564359,1,37,Hyderabad,Low,No,12-10-2018,,285697,No
1159,SaanviSingh,IT,Analyst,850807,19,41,Bangalore,High,Yes,17-08-2024,31-03-2027,181668,Yes
1160,AdityaPatel,Admin,Lead,359204,15,37,Bangalore,Low,Yes,27-04-2017,28-01-2019,21269,No
1161,NavyaSingh,Operations,Specialist,887235,6,54,Hyderabad,Average,No,11-05-2017,,150129,No
1162,DiyaIyer,Operations,Analyst,753958,4,25,Hyderabad,Low,Yes,31-10-2021,17-08-2026,94458,No
1163,AyaanPatel,Finance,Analyst,803623,8,25,Delhi,Average,Yes,20-12-2018,23-03-2024,57122,No
1164,AyaanVerma,Finance,Executive,683178,3,42,Bangalore,Low,Yes,19-11-2022,21-03-2028,135582,No
1165,ReyanshReddy,Marketing,Analyst,1635062,5,53,Pune,High,No,21-01-2022,,318112,Yes
1166,RiyaGupta,Marketing,Executive,1900734,0,21,Kolkata,Average,No,04-08-2015,,212008,No
1167,SaanviNair,HR,Specialist,1055121,10,52,Pune,High,Yes,17-01-2021,15-05-2022,102241,No
1168,AyaanMehta,Sales,Specialist,1727222,3,26,Mumbai,High,No,23-06-2021,,166755,No
1169,AnanyaVerma,Operations,Manager,713622,17,44,Hyderabad,High,No,15-12-2017,,124835,Yes
1170,KiaraIyer,HR,Analyst,670455,17,33,Mumbai,High,Yes,30-11-2020,01-02-2022,125578,No
1171,AaravIyer,Operations,Analyst,761340,9,37,Mumbai,Average,No,07-01-2018,,155798,No
1172,MyraPatel,Operations,Lead,1063413,18,50,Delhi,High,Yes,10-09-2022,10-08-2025,151160,Yes
1173,ArjunReddy,Legal,Specialist,504962,6,38,Mumbai,Average,Yes,30-06-2019,18-12-2024,101453,No
1174,ReyanshIyer,Finance,Analyst,499477,0,24,Chennai,Average,No,16-12-2021,,64796,Yes
1175,SaiVerma,IT,Executive,755889,10,49,Kolkata,High,No,12-02-2023,,118623,Yes
1176,SaiMehta,Finance,Specialist,1759048,14,32,Bangalore,Low,Yes,23-03-2024,06-10-2028,130830,No
1177,NavyaVerma,Admin,Executive,1096197,19,44,Bangalore,High,Yes,05-12-2018,09-10-2021,122295,Yes
1178,AnanyaNair,Legal,Manager,1497776,14,27,Delhi,Low,No,24-03-2015,,203144,No
1179,AdityaNair,Sales,Manager,1874936,2,50,Kolkata,Low,No,15-09-2017,,422199,No
1180,IraGupta,Marketing,Lead,309779,18,54,Mumbai,High,No,07-06-2020,,74557,No
1181,ReyanshSharma,IT,Specialist,923055,17,37,Delhi,Average,Yes,10-08-2018,29-03-2020,170583,No
1182,AnikaIyer,Admin,Specialist,528910,13,42,Chennai,Low,Yes,18-12-2024,25-01-2027,33906,No
1183,KiaraReddy,Marketing,Specialist,1272930,17,21,Chennai,Low,No,30-03-2017,,283774,Yes
1184,SaiSingh,Legal,Specialist,235525,4,21,Hyderabad,High,Yes,28-06-2015,28-06-2018,23409,Yes
1185,SaanviSharma,Sales,Manager,1361140,15,46,Bangalore,High,No,05-12-2022,,99515,Yes
1186,ReyanshIyer,Legal,Lead,1167241,10,37,Delhi,Average,Yes,18-06-2016,18-11-2020,104869,Yes
1187,NavyaReddy,Legal,Specialist,219782,11,35,Mumbai,Average,Yes,08-11-2023,17-08-2026,52858,Yes
1188,KiaraSharma,Finance,Consultant,811533,13,36,Pune,High,No,23-11-2015,,136698,No
1189,AnanyaNair,Sales,Specialist,1281345,9,37,Delhi,Low,No,07-12-2021,,276724,Yes
1190,ArjunReddy,Admin,Specialist,1108063,8,40,Hyderabad,Low,Yes,09-05-2015,04-02-2017,81602,Yes
1191,KiaraGupta,Admin,Analyst,760185,5,39,Kolkata,Low,Yes,20-06-2017,19-02-2018,66282,Yes
1192,RiyaVerma,IT,Analyst,780118,12,27,Delhi,High,No,03-12-2017,,190288,Yes
1193,AdityaSharma,Marketing,Manager,1632672,14,56,Hyderabad,Average,Yes,22-04-2022,27-05-2024,209706,Yes
1194,VivaanKapoor,Sales,Specialist,310776,4,22,Pune,Low,Yes,10-05-2019,15-05-2024,47122,No
1195,IshaanIyer,HR,Lead,733285,15,34,Delhi,Low,No,31-10-2023,,149292,Yes
1196,AyaanReddy,Sales,Manager,837506,1,53,Delhi,Low,No,25-01-2021,,130836,Yes
1197,AaravReddy,Sales,Consultant,681862,2,52,Pune,Low,Yes,23-05-2021,25-07-2023,160111,Yes
1198,SaiGupta,HR,Specialist,249768,0,34,Chennai,Low,No,18-04-2018,,44241,No
1199,MyraMehta,Sales,Lead,203174,9,27,Hyderabad,Average,Yes,28-08-2023,26-10-2024,38148,Yes
1200,ReyanshVerma,Operations,Analyst,966868,16,53,Mumbai,Low,No,22-10-2020,,235479,No
1201,AaravNair,Sales,Specialist,417070,9,32,Mumbai,Low,No,25-02-2015,,69776,No
1202,VivaanVerma,Sales,Specialist,1074527,14,47,Bangalore,High,No,11-10-2015,,97585,Yes
1203,MyraSingh,IT,Analyst,1448749,17,22,Delhi,High,No,30-09-2016,,104270,No
1204,ArjunReddy,IT,Consultant,1845766,12,35,Kolkata,High,No,31-12-2023,,244514,No
1205,AdityaReddy,HR,Lead,248639,0,31,Chennai,Average,No,22-10-2020,,48498,Yes
1206,NavyaSingh,HR,Manager,382447,10,58,Delhi,High,Yes,10-02-2015,30-10-2016,60846,No
1207,AyaanNair,Sales,Lead,310957,0,37,Delhi,Low,Yes,28-12-2016,01-03-2018,68343,No
1208,IraPatel,Sales,Manager,1483423,8,24,Hyderabad,Low,Yes,01-05-2024,05-06-2028,122143,Yes
1209,RiyaIyer,Operations,Manager,251567,7,31,Bangalore,Average,Yes,26-09-2018,02-02-2021,34905,No
1210,IshaanSharma,Sales,Consultant,807132,9,37,Bangalore,Average,Yes,10-05-2021,22-03-2026,67190,Yes
1211,MyraSharma,Sales,Consultant,1281900,17,37,Pune,High,Yes,21-10-2020,11-03-2024,258898,No
1212,NavyaReddy,IT,Specialist,1927825,19,29,Pune,Low,Yes,21-12-2023,15-07-2027,288864,No
1213,AdityaMehta,HR,Consultant,1362203,4,39,Mumbai,Low,Yes,15-12-2022,21-12-2024,183562,Yes
1214,SaiSingh,Sales,Manager,1641945,13,48,Chennai,Low,No,05-08-2024,,228181,No
1215,IshaanGupta,Sales,Manager,1397748,2,22,Hyderabad,Low,Yes,09-07-2020,14-04-2023,224634,No
1216,IshaanSingh,Admin,Consultant,1934635,0,32,Mumbai,Average,No,26-06-2015,,217527,Yes
1217,DiyaNair,Legal,Manager,257986,10,46,Hyderabad,Average,No,19-05-2024,,63762,No
1218,ArjunIyer,HR,Specialist,1353891,6,56,Hyderabad,Low,No,07-02-2023,,78814,Yes
1219,MyraGupta,Marketing,Specialist,1042549,0,45,Hyderabad,Average,No,20-02-2024,,65160,No
1220,SaanviKapoor,Admin,Executive,1314255,7,49,Bangalore,Low,No,01-05-2016,,159545,Yes
1221,ArjunMehta,HR,Executive,1547731,15,27,Kolkata,High,No,18-01-2024,,145216,No
1222,SaanviNair,Legal,Consultant,415705,13,27,Bangalore,Average,No,07-11-2023,,83025,No
1223,AnikaVerma,Legal,Executive,970348,19,23,Delhi,Average,Yes,30-12-2018,23-09-2019,187301,Yes
1224,AadhyaPatel,Operations,Lead,644874,1,34,Pune,Average,No,11-09-2016,,93519,Yes
1225,SaanviNair,Sales,Manager,225739,11,53,Hyderabad,Low,No,29-09-2022,,39201,Yes
1226,ArjunPatel,Admin,Consultant,235709,1,46,Mumbai,Average,Yes,01-06-2022,28-06-2025,31998,Yes
1227,AaravVerma,Finance,Consultant,505063,1,29,Pune,Average,No,04-11-2020,,49733,Yes
1228,NavyaMehta,Legal,Manager,1165398,16,22,Kolkata,Average,No,28-03-2022,,258010,No
1229,NavyaKapoor,Legal,Lead,1222509,2,32,Bangalore,High,No,16-04-2024,,270309,Yes
1230,VihaanSingh,Operations,Manager,1584525,15,39,Bangalore,High,Yes,14-06-2022,28-04-2027,284727,No
1231,IshaanSharma,IT,Specialist,549317,12,56,Delhi,Low,Yes,05-10-2015,27-02-2019,63483,No
1232,NavyaNair,Marketing,Consultant,1555898,18,27,Hyderabad,Low,Yes,24-04-2016,12-03-2021,259498,No
1233,SaiGupta,Sales,Specialist,289242,10,57,Mumbai,High,Yes,26-03-2017,20-07-2019,63491,No
1234,AnikaMehta,IT,Manager,960330,14,23,Delhi,High,Yes,13-01-2016,03-03-2018,183731,Yes
1235,KrishnaNair,Admin,Consultant,1022564,8,35,Chennai,Low,Yes,11-11-2018,30-08-2019,109715,Yes
1236,IshaanVerma,Legal,Executive,246233,7,41,Bangalore,Low,No,07-06-2017,,39877,Yes
1237,AnikaMehta,Admin,Specialist,306311,9,44,Pune,Low,Yes,19-01-2023,03-02-2025,34078,Yes
1238,KrishnaSharma,HR,Executive,229709,9,32,Mumbai,High,Yes,04-01-2020,20-07-2021,15744,No
1239,RiyaKapoor,Marketing,Specialist,596456,9,37,Hyderabad,Average,No,08-08-2019,,124288,No
1240,DiyaReddy,Operations,Manager,408606,18,21,Bangalore,High,No,28-09-2022,,25113,No
1241,RiyaSharma,Operations,Analyst,1374441,12,54,Kolkata,Low,Yes,23-11-2020,23-06-2024,238381,No
1242,SaanviGupta,HR,Lead,596419,17,25,Delhi,High,No,19-01-2015,,139872,Yes
1243,DiyaIyer,Admin,Lead,221584,9,54,Hyderabad,High,Yes,12-02-2017,26-09-2018,25632,Yes
1244,AnanyaSharma,Operations,Executive,1899082,11,29,Kolkata,High,No,22-10-2017,,295746,No
1245,AyaanSingh,Admin,Specialist,800699,3,30,Pune,High,Yes,13-04-2016,29-05-2017,81267,No
1246,AadhyaIyer,Finance,Consultant,223331,9,32,Hyderabad,Average,Yes,19-04-2021,01-02-2026,49400,Yes
1247,NavyaSingh,HR,Manager,1861908,11,50,Hyderabad,Low,No,19-06-2022,,425782,No
1248,SaiIyer,Finance,Specialist,796822,6,29,Pune,High,Yes,26-02-2018,28-10-2019,157313,Yes
1249,ReyanshGupta,Finance,Executive,594485,11,42,Hyderabad,High,Yes,16-02-2022,03-07-2026,34591,Yes
1250,AnanyaNair,Marketing,Manager,1682117,16,58,Pune,Average,No,08-07-2017,,193311,Yes
1251,ArjunKapoor,Admin,Executive,1886647,7,41,Kolkata,High,No,25-06-2018,,162100,Yes
1252,AnikaSingh,Finance,Consultant,632184,6,44,Bangalore,Average,No,11-03-2017,,85869,No
1253,AyaanMehta,Marketing,Executive,1010935,19,52,Bangalore,Low,Yes,18-06-2020,17-08-2024,89964,Yes
1254,AnanyaSingh,Sales,Consultant,322989,19,52,Delhi,High,No,05-11-2019,,53409,Yes
1255,AnanyaNair,HR,Analyst,499850,1,43,Delhi,High,Yes,21-04-2016,05-06-2018,79727,No
1256,AadhyaReddy,Operations,Consultant,1998432,1,38,Kolkata,Low,Yes,27-06-2022,29-07-2025,257102,Yes
1257,SaanviSharma,Admin,Analyst,257939,2,38,Mumbai,Average,Yes,23-04-2022,03-10-2027,29174,No
1258,KiaraGupta,Marketing,Manager,965820,11,30,Pune,High,Yes,09-12-2015,04-09-2017,240154,No
1259,IshaanKapoor,Finance,Analyst,1887745,3,53,Kolkata,High,No,31-07-2017,,201837,Yes
1260,IraPatel,Legal,Executive,713624,3,39,Kolkata,Average,Yes,07-03-2021,03-10-2023,77077,Yes
1261,AyaanSharma,IT,Specialist,1454329,15,21,Pune,Average,No,27-12-2020,,341663,Yes
1262,AaravKapoor,Legal,Analyst,509044,7,38,Hyderabad,High,No,26-02-2015,,81174,No
1263,SaanviNair,Finance,Lead,408281,12,39,Pune,Average,No,26-12-2019,,38404,Yes
1264,MyraNair,Finance,Manager,923559,11,22,Bangalore,High,Yes,07-04-2023,28-11-2026,224181,No
1265,KiaraGupta,IT,Specialist,341900,4,42,Pune,Average,No,08-04-2023,,22545,Yes
1266,ReyanshMehta,Sales,Consultant,237860,6,46,Pune,Low,No,22-04-2023,,39278,Yes
1267,ArjunNair,Legal,Consultant,795983,7,29,Kolkata,Low,Yes,04-02-2022,13-10-2024,179866,Yes
1268,DiyaIyer,IT,Executive,1254212,10,30,Delhi,High,No,02-12-2022,,130826,No
1269,ArjunNair,Sales,Executive,1476269,17,35,Delhi,Low,No,17-10-2018,,214449,No
1270,IshaanSingh,IT,Consultant,1578054,7,48,Pune,Average,Yes,20-02-2016,16-06-2020,173890,No
1271,SaanviPatel,Admin,Analyst,511011,5,21,Delhi,Low,Yes,18-06-2017,14-01-2018,96662,Yes
1272,VihaanIyer,Sales,Executive,1751292,4,43,Chennai,High,No,29-05-2018,,245277,No
1273,VihaanSingh,IT,Specialist,582188,12,47,Hyderabad,High,No,19-02-2019,,53456,No
1274,AnikaGupta,Finance,Analyst,1960399,3,36,Delhi,High,Yes,11-06-2022,27-03-2025,222663,No
1275,AaravNair,Admin,Executive,306379,4,53,Chennai,High,Yes,22-10-2019,31-07-2024,48307,Yes
1276,VihaanGupta,IT,Executive,817397,19,48,Chennai,Average,No,06-04-2024,,60609,Yes
1277,VivaanGupta,Sales,Consultant,1931041,13,54,Mumbai,Low,No,12-02-2020,,268520,Yes
1278,AdityaVerma,Marketing,Analyst,1594028,15,34,Chennai,Low,No,13-08-2023,,378798,Yes
1279,AyaanPatel,HR,Lead,956547,0,27,Kolkata,Average,No,18-12-2024,,167867,Yes
1280,AnikaIyer,Operations,Lead,1595812,18,30,Bangalore,High,Yes,03-09-2019,01-04-2021,154981,Yes
1281,VivaanMehta,HR,Manager,1267406,4,49,Mumbai,Average,Yes,01-07-2015,18-11-2016,114950,Yes
1282,RiyaKapoor,Sales,Lead,357699,17,36,Bangalore,Average,Yes,14-03-2017,26-04-2021,46869,No
1283,AdityaKapoor,Marketing,Analyst,1252257,3,57,Hyderabad,High,Yes,30-03-2023,07-01-2028,280388,No
1284,KiaraVerma,Marketing,Consultant,829674,2,54,Hyderabad,High,Yes,15-04-2015,11-12-2017,122663,Yes
1285,AdityaPatel,Sales,Consultant,387646,12,35,Bangalore,High,Yes,27-06-2023,24-11-2025,91043,No
1286,ArjunReddy,Legal,Specialist,1944499,4,54,Delhi,High,Yes,25-08-2022,27-05-2027,162567,Yes
1287,KrishnaVerma,Finance,Consultant,1510425,16,47,Chennai,Average,Yes,05-05-2017,27-07-2022,342668,No
1288,AdityaReddy,Operations,Analyst,1813734,16,58,Mumbai,Low,No,07-07-2017,,242799,Yes
1289,VihaanNair,Sales,Specialist,1978096,8,24,Delhi,Low,Yes,24-02-2021,14-04-2022,101813,No
1290,AnikaIyer,Finance,Lead,1548055,7,51,Bangalore,High,No,24-01-2024,,191417,No
1291,RiyaVerma,HR,Manager,319975,15,54,Bangalore,Average,Yes,19-11-2016,21-06-2018,39019,No
1292,MyraKapoor,Legal,Specialist,296952,14,33,Chennai,Low,No,06-02-2023,,41191,Yes
1293,NavyaGupta,IT,Manager,1919759,11,50,Hyderabad,High,No,23-07-2024,,386611,Yes
1294,DiyaMehta,Legal,Consultant,871088,17,32,Hyderabad,Low,No,27-08-2018,,48853,No
1295,KiaraKapoor,Marketing,Analyst,1550339,11,51,Hyderabad,High,Yes,31-01-2024,30-08-2027,94449,No
1296,AdityaPatel,Legal,Analyst,911323,15,57,Kolkata,Low,Yes,12-02-2023,11-11-2026,131122,Yes
1297,AyaanVerma,IT,Lead,1126109,12,38,Delhi,Low,No,03-03-2021,,85375,No
1298,AaravNair,IT,Specialist,233635,19,39,Hyderabad,High,Yes,31-12-2015,02-03-2020,22311,No
1299,AaravSingh,Sales,Consultant,927467,3,54,Delhi,High,No,26-09-2019,,110002,No
1300,AyaanKapoor,HR,Lead,1622089,9,33,Hyderabad,Low,Yes,19-08-2015,01-06-2017,227169,Yes
1301,AdityaReddy,IT,Lead,1721161,5,47,Bangalore,Low,No,07-01-2019,,328953,No
1302,SaanviGupta,Operations,Executive,486100,7,21,Bangalore,High,Yes,05-04-2022,20-03-2025,51704,Yes
1303,IshaanPatel,Admin,Analyst,1142164,16,29,Bangalore,Low,Yes,14-03-2018,07-12-2018,61550,No
1304,ReyanshPatel,HR,Specialist,1563517,19,58,Chennai,Average,Yes,17-11-2023,19-10-2028,168939,No
1305,AaravSingh,Admin,Analyst,1968753,0,33,Bangalore,Average,Yes,13-02-2020,12-06-2023,450176,Yes
1306,DiyaGupta,Legal,Analyst,1156636,10,56,Delhi,Low,No,02-11-2018,,115865,No
1307,ReyanshVerma,IT,Specialist,1828254,5,21,Delhi,Average,Yes,30-12-2017,21-02-2019,316313,Yes
1308,KrishnaMehta,Admin,Specialist,843198,15,43,Bangalore,Average,No,05-06-2024,,118524,No
1309,SaiKapoor,Marketing,Executive,1806325,4,41,Hyderabad,High,No,03-04-2019,,207484,Yes
1310,ArjunReddy,Legal,Executive,1057692,18,53,Bangalore,High,Yes,01-05-2018,11-07-2019,64512,Yes
1311,ReyanshPatel,HR,Manager,1990228,2,23,Hyderabad,Average,No,22-03-2018,,274477,Yes
1312,SaiMehta,Admin,Consultant,1085733,12,40,Bangalore,Low,No,30-12-2018,,79337,No
1313,MyraIyer,IT,Analyst,425121,15,43,Kolkata,Average,No,06-05-2018,,49728,Yes
1314,VihaanVerma,HR,Manager,428300,16,43,Mumbai,Average,Yes,26-02-2021,10-01-2024,74971,Yes
1315,VivaanReddy,Legal,Lead,800338,18,27,Pune,Low,No,25-09-2023,,65859,No
1316,IshaanPatel,Admin,Executive,1475945,19,29,Kolkata,Average,Yes,06-11-2017,03-03-2019,149847,Yes
1317,NavyaGupta,Sales,Analyst,1216382,3,39,Kolkata,Low,No,02-04-2019,,112671,Yes
1318,AadhyaMehta,Admin,Consultant,1925812,6,37,Kolkata,Low,Yes,24-04-2019,28-02-2024,133643,Yes
1319,AnikaGupta,Sales,Executive,383683,5,45,Mumbai,Average,Yes,23-07-2015,21-08-2016,65475,No
1320,ReyanshGupta,Legal,Executive,1103112,3,44,Chennai,Low,Yes,14-01-2015,14-10-2018,75135,Yes
1321,SaanviNair,Marketing,Consultant,348178,11,38,Pune,Low,Yes,12-06-2016,06-03-2019,71178,No
1322,AadhyaIyer,HR,Lead,424866,16,21,Hyderabad,High,Yes,29-04-2024,18-06-2028,57935,No
1323,VihaanPatel,Operations,Analyst,378446,2,42,Bangalore,High,No,13-10-2022,,44813,Yes
1324,AnanyaSharma,IT,Executive,1954187,19,21,Delhi,Low,No,04-08-2022,,185406,Yes
1325,IshaanIyer,Marketing,Lead,665536,9,52,Delhi,Average,Yes,15-08-2017,13-06-2018,101307,No
1326,IraReddy,Operations,Analyst,1081809,15,52,Delhi,Low,Yes,26-06-2023,01-11-2028,240904,Yes
1327,AnanyaReddy,Operations,Consultant,1445862,16,49,Kolkata,High,No,10-01-2018,,323288,Yes
1328,KrishnaMehta,Legal,Executive,620661,1,27,Delhi,Low,Yes,20-07-2017,31-12-2021,47345,Yes
1329,AnikaMehta,Sales,Consultant,1393914,8,29,Hyderabad,Low,Yes,16-12-2021,08-11-2025,339204,No
1330,IshaanIyer,Sales,Lead,759650,17,25,Pune,Low,Yes,22-11-2018,30-03-2024,142832,Yes
1331,ReyanshNair,Marketing,Lead,402918,19,45,Bangalore,Average,No,15-07-2024,,46012,Yes
1332,AadhyaVerma,Admin,Specialist,1123882,13,42,Chennai,High,Yes,05-11-2023,16-12-2027,83061,Yes
1333,RiyaPatel,IT,Analyst,1654972,5,24,Delhi,High,Yes,04-09-2024,18-06-2025,128746,Yes
1334,SaanviIyer,Finance,Manager,1176006,11,25,Hyderabad,High,No,02-07-2019,,104019,No
1335,SaanviSingh,Marketing,Manager,1864357,11,59,Mumbai,Low,Yes,29-05-2022,08-03-2024,259038,Yes
1336,AnikaSharma,Admin,Lead,1802525,11,37,Pune,High,No,04-05-2018,,236169,No
1337,AyaanPatel,Marketing,Lead,1345640,18,59,Delhi,Low,Yes,29-04-2015,08-07-2020,84531,Yes
1338,MyraMehta,Marketing,Executive,884076,18,54,Pune,Low,No,16-02-2022,,165709,Yes
1339,KrishnaSharma,Sales,Manager,1662597,17,57,Chennai,Low,Yes,10-12-2018,23-11-2020,127613,No
1340,RiyaReddy,Operations,Executive,982409,18,23,Pune,High,No,23-05-2016,,88238,Yes
1341,AadhyaSingh,Marketing,Analyst,913391,16,27,Delhi,High,Yes,16-07-2018,01-12-2022,206004,No
1342,AyaanPatel,IT,Analyst,1104329,6,44,Delhi,High,Yes,02-04-2019,28-09-2022,102380,No
1343,KrishnaSingh,Sales,Specialist,249476,9,29,Mumbai,Average,No,17-12-2016,,30769,Yes
1344,AnikaNair,IT,Specialist,1455959,5,24,Mumbai,High,No,01-06-2015,,350788,No
1345,ArjunIyer,Finance,Specialist,1629762,3,57,Mumbai,Average,Yes,06-04-2018,09-09-2020,184783,Yes
1346,ReyanshSingh,Admin,Consultant,1028894,11,45,Mumbai,High,No,21-03-2024,,70270,Yes
1347,IshaanGupta,IT,Specialist,290925,13,33,Pune,High,Yes,28-10-2016,01-02-2018,54532,Yes
1348,ArjunVerma,Legal,Manager,1635367,16,55,Hyderabad,High,No,16-02-2020,,311231,Yes
1349,NavyaGupta,HR,Lead,465976,12,22,Delhi,Average,No,30-03-2017,,39703,Yes
1350,VihaanSharma,HR,Manager,294202,14,23,Mumbai,Low,No,15-08-2015,,62729,Yes
1351,RiyaSharma,HR,Executive,284363,4,40,Chennai,High,No,01-12-2024,,17208,Yes
1352,ReyanshGupta,Admin,Lead,1967224,12,32,Hyderabad,Low,No,29-03-2019,,458401,No
1353,IraGupta,Sales,Executive,681632,7,36,Chennai,High,No,01-10-2016,,71525,Yes
1354,AaravSharma,Finance,Lead,1547842,4,46,Bangalore,Low,No,06-06-2016,,300967,Yes
1355,AaravMehta,HR,Manager,1611188,9,54,Hyderabad,Average,Yes,03-02-2022,18-01-2027,225330,No
1356,IshaanMehta,Legal,Consultant,449836,1,26,Pune,Low,No,30-10-2021,,67847,Yes
1357,VihaanMehta,Finance,Analyst,440056,1,36,Bangalore,Low,No,09-09-2021,,33733,Yes
1358,DiyaVerma,HR,Lead,248784,12,31,Mumbai,Low,No,01-07-2021,,47648,No
1359,RiyaGupta,Legal,Manager,1302938,13,26,Pune,High,No,04-04-2018,,275690,No
1360,DiyaVerma,Marketing,Specialist,1000981,19,45,Pune,Average,No,29-04-2024,,178956,Yes
1361,AaravGupta,IT,Analyst,1662108,7,57,Mumbai,Average,No,18-02-2015,,297985,No
1362,AdityaVerma,Legal,Consultant,1727573,17,25,Bangalore,Low,Yes,05-05-2023,14-01-2026,307149,No
1363,ArjunGupta,Legal,Analyst,1885876,4,50,Bangalore,Average,No,23-04-2016,,206140,No
1364,AadhyaSingh,Operations,Manager,696297,15,38,Kolkata,High,Yes,28-03-2015,25-05-2016,49188,No
1365,AadhyaKapoor,Admin,Lead,518821,2,54,Chennai,Average,Yes,05-01-2022,08-07-2023,95145,No
1366,AdityaSingh,Legal,Lead,432911,4,48,Chennai,High,Yes,06-02-2021,06-09-2023,93351,Yes
1367,AyaanReddy,HR,Manager,535639,12,47,Kolkata,Low,No,15-12-2020,,74436,No
1368,ArjunVerma,HR,Analyst,1412980,5,25,Bangalore,Low,No,15-04-2016,,302700,No
1369,ArjunKapoor,Legal,Manager,1284980,14,52,Mumbai,Low,Yes,10-01-2021,08-02-2023,93161,Yes
1370,VihaanGupta,Legal,Consultant,545992,18,59,Delhi,High,No,10-02-2017,,77967,No
1371,VivaanVerma,Finance,Specialist,344375,19,31,Kolkata,High,Yes,14-11-2020,06-06-2025,22381,Yes
1372,ArjunReddy,IT,Executive,1718560,6,51,Mumbai,Low,Yes,30-01-2018,22-07-2021,93367,No
1373,ArjunGupta,Admin,Consultant,466186,14,38,Mumbai,High,No,10-12-2020,,83665,No
1374,AadhyaReddy,Admin,Consultant,752226,6,21,Pune,Low,No,08-10-2015,,150715,Yes
1375,ArjunSharma,HR,Lead,1905922,18,22,Kolkata,Low,Yes,29-07-2015,18-06-2016,362696,Yes
1376,SaanviNair,Admin,Lead,1743103,9,25,Pune,Average,No,25-09-2022,,235979,Yes
1377,AadhyaGupta,Marketing,Executive,1380859,5,51,Chennai,Average,Yes,19-08-2020,17-04-2024,155112,Yes
1378,SaanviSingh,HR,Manager,1986357,16,26,Hyderabad,Low,Yes,14-05-2023,18-10-2025,489058,No
1379,IraReddy,Legal,Specialist,1014468,13,46,Mumbai,Low,No,21-09-2019,,202801,No
1380,ReyanshPatel,Finance,Executive,1555097,5,46,Delhi,Average,No,27-05-2019,,184450,Yes
1381,AyaanPatel,IT,Lead,1215930,15,21,Delhi,Low,Yes,15-12-2018,17-03-2020,272294,Yes
1382,IshaanMehta,Sales,Consultant,1089694,12,36,Delhi,Low,No,05-04-2024,,162141,Yes
1383,AnikaSingh,HR,Lead,1109121,5,46,Kolkata,Average,Yes,18-09-2019,28-03-2021,241530,Yes
1384,AnanyaVerma,Marketing,Executive,918730,7,28,Bangalore,Average,No,21-06-2019,,147101,Yes
1385,AnanyaNair,Operations,Manager,673919,5,41,Pune,High,Yes,19-07-2015,08-02-2017,118751,No
1386,AadhyaKapoor,Finance,Lead,551060,19,28,Kolkata,Low,Yes,27-07-2023,29-09-2027,75830,No
1387,IraSingh,HR,Analyst,672312,15,29,Mumbai,Low,No,25-02-2024,,125559,Yes
1388,AdityaMehta,Sales,Consultant,1012425,15,56,Pune,Low,Yes,22-08-2023,27-12-2027,87928,No
1389,KiaraGupta,Operations,Analyst,1753749,6,43,Bangalore,High,No,19-12-2018,,382439,Yes
1390,SaanviMehta,Sales,Lead,1953935,5,48,Chennai,Low,Yes,15-10-2021,10-03-2024,176969,No
1391,VihaanSharma,IT,Analyst,1367732,0,29,Chennai,Low,No,03-02-2024,,231515,Yes
1392,KiaraReddy,IT,Analyst,1433111,12,46,Mumbai,Low,No,14-04-2019,,282388,No
1393,DiyaVerma,Finance,Manager,894186,7,43,Pune,Average,No,29-05-2018,,165465,No
1394,KrishnaIyer,IT,Executive,1555398,9,56,Chennai,Average,Yes,30-12-2022,25-04-2024,293616,No
1395,IshaanNair,Legal,Lead,841857,8,47,Pune,Low,No,26-02-2018,,55126,No
1396,NavyaSingh,Operations,Analyst,801513,19,45,Delhi,High,No,14-09-2019,,92746,No
1397,KrishnaSharma,HR,Consultant,1082693,5,22,Kolkata,Low,Yes,05-04-2017,11-03-2019,197134,Yes
1398,VihaanPatel,Legal,Manager,684353,11,42,Chennai,Average,Yes,15-03-2017,08-11-2018,150674,Yes
1399,SaanviIyer,Finance,Analyst,209583,19,21,Hyderabad,Average,No,25-12-2023,,28586,Yes
1400,AdityaGupta,Finance,Specialist,1476020,19,50,Kolkata,Average,Yes,15-04-2015,09-03-2017,306695,No
1401,AnanyaVerma,Operations,Analyst,878710,10,44,Chennai,Average,Yes,08-09-2017,10-11-2020,130817,No
1402,VihaanPatel,Admin,Executive,1420505,12,21,Chennai,Low,No,27-01-2022,,112003,Yes
1403,ReyanshReddy,HR,Lead,1006434,3,36,Kolkata,Average,Yes,25-08-2020,24-07-2025,180338,No
1404,AadhyaIyer,Sales,Executive,444942,15,35,Mumbai,Low,No,09-09-2022,,53462,No
1405,KrishnaGupta,Finance,Manager,948224,14,46,Delhi,Average,No,25-04-2015,,220297,Yes
1406,IshaanIyer,Legal,Lead,1401988,2,33,Mumbai,High,No,07-09-2021,,70750,Yes
1407,VivaanVerma,Legal,Analyst,389921,6,43,Kolkata,Average,Yes,03-04-2023,29-08-2024,55197,Yes
1408,DiyaNair,Admin,Specialist,941067,6,46,Chennai,High,Yes,17-01-2021,27-01-2022,170627,No
1409,DiyaSingh,Legal,Executive,1261864,6,52,Chennai,High,Yes,26-07-2019,12-11-2020,177388,Yes
1410,AnikaSingh,IT,Analyst,1929187,12,21,Pune,High,No,04-12-2023,,169113,Yes
1411,ArjunIyer,IT,Specialist,303535,3,45,Kolkata,Average,Yes,04-06-2019,06-08-2021,63473,No
1412,KrishnaKapoor,HR,Specialist,1360831,18,42,Kolkata,Low,No,10-09-2016,,267714,Yes
1413,VivaanMehta,Sales,Specialist,951972,3,56,Pune,High,Yes,16-10-2020,19-02-2022,92693,No
1414,ReyanshReddy,Sales,Manager,1846033,17,36,Pune,High,Yes,02-07-2017,24-04-2022,176995,No
1415,DiyaSharma,Marketing,Analyst,377763,11,59,Chennai,Low,No,02-05-2019,,38992,No
1416,AadhyaNair,Operations,Analyst,1585049,16,36,Kolkata,High,No,26-04-2018,,259788,No
1417,VihaanGupta,Admin,Specialist,1745288,13,57,Bangalore,Low,Yes,05-01-2022,07-06-2027,89652,No
1418,SaanviPatel,Legal,Consultant,1149133,0,55,Bangalore,High,Yes,28-12-2022,21-11-2024,261322,Yes
1419,VihaanVerma,HR,Lead,725825,18,39,Hyderabad,Low,No,20-02-2018,,168419,Yes
1420,KiaraKapoor,HR,Consultant,289743,3,32,Bangalore,Average,Yes,24-06-2016,24-11-2020,27105,Yes
1421,KiaraKapoor,Legal,Executive,958795,2,25,Mumbai,Average,Yes,01-05-2024,06-04-2026,227460,No
1422,KiaraNair,Legal,Executive,1579401,10,37,Bangalore,Low,No,28-12-2017,,355284,No
1423,KrishnaPatel,Legal,Consultant,744392,16,53,Mumbai,Low,No,10-04-2015,,167590,Yes
1424,AaravSharma,IT,Analyst,624632,17,34,Kolkata,High,No,09-07-2017,,63356,No
1425,SaiSingh,Legal,Manager,843703,9,49,Chennai,Average,Yes,10-07-2021,12-10-2022,147943,No
1426,VivaanSingh,Legal,Manager,631544,16,59,Pune,Average,Yes,20-12-2016,20-09-2017,113966,No
1427,AnanyaKapoor,IT,Specialist,1969458,17,58,Mumbai,Low,Yes,23-12-2018,30-11-2021,456742,Yes
1428,AnikaNair,Marketing,Lead,624190,19,45,Mumbai,Average,Yes,07-04-2024,18-07-2027,40796,Yes
1429,AdityaSharma,Legal,Executive,766134,13,53,Pune,High,Yes,20-01-2018,18-07-2021,178634,Yes
1430,RiyaKapoor,Finance,Lead,207265,11,25,Hyderabad,Low,Yes,07-06-2024,16-05-2029,50880,No
1431,DiyaGupta,Sales,Consultant,1226281,0,23,Mumbai,Average,Yes,25-06-2016,04-05-2017,127954,Yes
1432,SaanviPatel,HR,Analyst,362434,8,46,Delhi,Low,Yes,21-01-2016,08-10-2016,48488,Yes
1433,VihaanIyer,Finance,Executive,1924995,18,33,Mumbai,Average,No,22-08-2022,,475926,Yes
1434,AdityaVerma,Admin,Analyst,407158,8,22,Kolkata,Low,No,08-01-2019,,32053,Yes
1435,IraSharma,Legal,Executive,1207787,11,22,Hyderabad,High,Yes,27-07-2021,16-10-2024,134280,Yes
1436,AadhyaNair,Operations,Consultant,1164164,9,30,Hyderabad,Low,Yes,06-02-2017,08-07-2019,142215,No
1437,AaravGupta,HR,Executive,1944033,4,50,Bangalore,Average,No,09-08-2023,,146895,Yes
1438,SaiKapoor,Marketing,Executive,1085621,2,33,Mumbai,High,Yes,19-03-2019,30-10-2019,192139,Yes
1439,NavyaKapoor,IT,Manager,395991,5,32,Kolkata,Average,Yes,25-07-2020,28-03-2025,67659,Yes
1440,AaravReddy,IT,Manager,783526,1,46,Delhi,High,Yes,29-05-2022,02-08-2024,137394,No
1441,KrishnaIyer,Sales,Executive,500589,11,42,Bangalore,High,No,06-07-2020,,46205,No
1442,IraNair,Legal,Manager,1039934,7,54,Bangalore,Low,Yes,04-04-2017,17-03-2020,251611,No
1443,SaanviVerma,Marketing,Manager,281171,7,45,Kolkata,Low,No,22-07-2018,,36933,No
1444,KiaraNair,Marketing,Analyst,862222,7,39,Chennai,Low,No,06-08-2022,,206156,No
1445,ReyanshSingh,Operations,Analyst,1420575,18,49,Pune,Low,No,16-06-2015,,283097,Yes
1446,VivaanKapoor,Marketing,Lead,240736,18,57,Hyderabad,Average,No,25-06-2020,,24997,No
1447,AaravVerma,IT,Analyst,1584975,6,46,Hyderabad,Low,No,07-06-2016,,190742,Yes
1448,AdityaMehta,Operations,Analyst,1226153,4,46,Mumbai,Average,Yes,13-05-2015,15-05-2017,242516,Yes
1449,AnanyaSharma,Operations,Manager,1751771,0,43,Hyderabad,High,No,03-03-2020,,258526,Yes
1450,MyraVerma,Legal,Analyst,865329,15,33,Chennai,Low,Yes,11-02-2022,15-03-2025,126369,Yes
1451,MyraPatel,Finance,Lead,396544,16,58,Pune,Average,No,24-10-2018,,88743,No
1452,AnanyaMehta,Sales,Executive,869745,5,44,Kolkata,Average,No,19-10-2016,,145462,Yes
1453,KrishnaNair,Finance,Executive,971143,9,37,Hyderabad,Low,No,18-11-2019,,90845,No
1454,AyaanSingh,HR,Analyst,1661433,5,34,Delhi,High,Yes,06-01-2021,14-01-2025,399496,No
1455,IshaanGupta,Legal,Executive,1662182,11,55,Chennai,High,Yes,25-07-2018,15-06-2023,126119,No
1456,AaravVerma,Admin,Executive,1629958,7,45,Kolkata,Average,No,24-05-2022,,231031,No
1457,AnanyaReddy,Legal,Executive,856884,8,35,Chennai,Average,No,21-07-2023,,112480,Yes
1458,SaanviPatel,Admin,Specialist,1556556,1,54,Kolkata,High,Yes,13-03-2017,10-10-2019,196765,No
1459,RiyaVerma,HR,Manager,1903913,5,39,Delhi,Low,Yes,28-06-2021,31-05-2025,462969,Yes
1460,AnanyaNair,Sales,Manager,1483531,4,23,Delhi,Low,No,22-05-2022,,160054,Yes
1461,VivaanPatel,HR,Executive,770819,4,21,Delhi,Average,Yes,29-08-2023,29-08-2028,133274,No
1462,AnanyaSingh,Legal,Analyst,1828881,11,33,Pune,Low,Yes,22-03-2024,05-12-2027,100467,No
1463,VihaanGupta,Operations,Manager,887823,15,44,Kolkata,High,No,06-09-2023,,139087,No
1464,VihaanKapoor,Sales,Lead,1867210,13,49,Hyderabad,High,No,19-07-2017,,330595,No
1465,AnanyaIyer,Sales,Executive,440270,9,36,Bangalore,Average,Yes,09-02-2020,25-12-2023,83863,No
1466,MyraMehta,Sales,Consultant,806962,1,44,Delhi,Low,No,23-05-2018,,201414,Yes
1467,ReyanshSharma,Sales,Specialist,1182558,18,46,Kolkata,Average,Yes,14-04-2019,02-03-2023,212887,No
1468,VihaanReddy,Sales,Lead,1588287,15,21,Kolkata,High,No,31-12-2018,,277171,No
1469,KiaraGupta,Finance,Manager,1591449,17,29,Mumbai,Average,No,24-10-2022,,324570,No
1470,RiyaKapoor,Sales,Specialist,1867832,0,41,Mumbai,Low,No,10-10-2015,,447216,No
1471,SaiPatel,Finance,Manager,1113605,11,56,Hyderabad,Low,Yes,13-04-2019,21-10-2023,205426,Yes
1472,AaravIyer,IT,Analyst,1130170,7,23,Delhi,Average,No,17-03-2015,,240434,No
1473,KrishnaVerma,Finance,Analyst,1515777,13,42,Hyderabad,Low,Yes,12-03-2021,22-12-2024,120611,No
1474,NavyaNair,Operations,Executive,679498,4,55,Hyderabad,Average,No,02-10-2018,,54347,Yes
1475,VivaanNair,Legal,Manager,564446,0,59,Bangalore,Low,No,20-11-2023,,30137,Yes
1476,RiyaPatel,Admin,Lead,1943067,10,43,Hyderabad,Low,Yes,01-11-2018,16-07-2022,369712,Yes
1477,VihaanMehta,Finance,Executive,1113946,2,22,Delhi,High,No,20-05-2017,,189227,Yes
1478,AdityaKapoor,Finance,Analyst,1771897,4,41,Mumbai,High,No,18-12-2022,,341517,No
1479,SaanviVerma,Sales,Consultant,1378940,5,40,Kolkata,High,No,26-07-2020,,103581,No
1480,ReyanshGupta,Sales,Analyst,1946552,5,23,Pune,Average,No,16-08-2022,,306202,Yes
1481,VihaanGupta,Admin,Consultant,532548,12,39,Bangalore,High,Yes,10-12-2024,04-01-2028,35551,Yes
1482,AnanyaVerma,IT,Manager,1484427,4,54,Bangalore,Average,Yes,13-05-2018,25-10-2020,312826,Yes
1483,IraNair,Operations,Executive,1199291,19,51,Mumbai,Average,Yes,10-03-2015,30-10-2019,236266,Yes
1484,AaravSingh,Operations,Specialist,1231328,7,44,Chennai,Low,No,23-05-2020,,226383,Yes
1485,IraVerma,HR,Executive,517455,17,32,Chennai,High,No,27-07-2022,,114180,Yes
1486,NavyaKapoor,IT,Manager,1044326,13,52,Kolkata,Low,Yes,28-12-2016,12-12-2019,234924,No
1487,AnanyaIyer,Admin,Consultant,1614119,17,43,Bangalore,High,No,17-06-2024,,279624,No
1488,KrishnaReddy,Admin,Executive,1832955,17,35,Kolkata,Average,No,14-03-2017,,127075,No
1489,NavyaSingh,Admin,Executive,1223300,15,30,Bangalore,High,Yes,05-03-2024,26-05-2027,92188,Yes
1490,AadhyaMehta,IT,Analyst,1852486,3,46,Hyderabad,Low,Yes,28-03-2016,12-12-2016,199748,No
1491,DiyaMehta,Finance,Manager,686626,17,49,Hyderabad,High,Yes,05-09-2022,13-05-2025,114161,No
1492,MyraIyer,IT,Analyst,1559648,16,43,Pune,Average,No,05-10-2020,,190740,No
1493,AnikaNair,Marketing,Analyst,1611257,13,49,Mumbai,Low,No,06-10-2022,,268885,Yes
1494,AadhyaIyer,Operations,Analyst,1518246,12,38,Delhi,Low,No,29-10-2021,,333037,Yes
1495,KiaraGupta,Marketing,Lead,1911846,7,38,Chennai,High,Yes,01-01-2018,02-02-2021,452931,No
1496,IraPatel,Finance,Analyst,279888,18,47,Delhi,Average,Yes,22-11-2015,28-02-2019,47837,Yes
1497,IshaanSingh,Finance,Executive,1996641,19,45,Hyderabad,Average,Yes,21-04-2017,16-03-2021,408579,No
1498,DiyaSharma,HR,Analyst,1526602,15,46,Mumbai,Average,No,20-03-2016,,216982,Yes
1499,AdityaPatel,IT,Consultant,244912,15,27,Mumbai,Average,Yes,19-07-2018,02-12-2023,38897,No
1500,AyaanSharma,Admin,Analyst,687947,2,41,Mumbai,High,No,25-03-2021,,72662,No
1501,SaanviVerma,Marketing,Analyst,1716831,8,26,Chennai,Average,Yes,30-07-2018,24-03-2020,336845,No
1502,AnanyaSingh,IT,Consultant,1538971,5,23,Kolkata,Low,No,26-06-2020,,315755,Yes
1503,AadhyaKapoor,Sales,Analyst,1720608,0,57,Bangalore,Low,No,06-05-2018,,401616,No
1504,MyraGupta,Legal,Specialist,1997038,14,46,Delhi,Low,No,18-02-2018,,179013,No
1505,NavyaReddy,Admin,Analyst,1808885,6,51,Hyderabad,Average,No,09-04-2024,,418182,No
1506,KiaraSharma,HR,Specialist,939945,16,34,Delhi,Low,No,29-03-2021,,91056,Yes
1507,AnikaKapoor,Operations,Manager,334585,15,44,Chennai,High,No,16-09-2023,,55760,Yes
1508,SaanviGupta,Legal,Consultant,1850522,19,38,Delhi,Average,No,21-04-2020,,431058,Yes
1509,AdityaSharma,Marketing,Consultant,1830344,2,28,Delhi,Average,Yes,04-07-2017,09-05-2021,337537,No
1510,AnikaIyer,Operations,Executive,1342226,2,31,Delhi,High,Yes,08-03-2016,21-11-2020,228942,Yes
1511,NavyaGupta,Admin,Manager,1326998,18,32,Mumbai,High,Yes,07-11-2024,14-07-2026,243362,No
1512,IshaanSharma,Admin,Lead,325604,14,49,Pune,Low,Yes,08-07-2019,23-07-2024,21325,Yes
1513,AaravGupta,Finance,Lead,1408590,19,24,Delhi,Low,Yes,02-08-2015,15-05-2018,101985,Yes
1514,IraSharma,Admin,Specialist,1674618,18,31,Delhi,Low,No,19-02-2023,,204861,No
1515,IraGupta,Sales,Lead,208314,7,49,Bangalore,High,No,08-03-2018,,43044,Yes
1516,AadhyaGupta,HR,Manager,841462,17,34,Mumbai,High,Yes,05-12-2020,26-03-2026,147271,Yes
1517,NavyaKapoor,Sales,Specialist,1858338,10,32,Hyderabad,Average,No,13-09-2019,,362296,Yes
1518,AnikaIyer,Operations,Consultant,1639131,10,59,Bangalore,Average,No,21-01-2015,,326393,Yes
1519,KiaraNair,Legal,Manager,258382,18,42,Delhi,Average,No,18-03-2018,,20917,Yes
1520,AnikaNair,HR,Lead,1893675,17,43,Bangalore,Low,No,10-03-2018,,431283,Yes
1521,DiyaGupta,Admin,Consultant,849179,13,28,Hyderabad,Average,Yes,04-06-2016,04-07-2021,210013,Yes
1522,DiyaKapoor,Sales,Analyst,1326500,17,53,Pune,High,No,04-04-2023,,232360,Yes
1523,SaiGupta,Operations,Consultant,1531711,16,51,Pune,High,No,23-03-2021,,347869,No
1524,ArjunPatel,Marketing,Specialist,1251341,2,32,Delhi,High,No,03-09-2016,,205640,No
1525,IraSingh,IT,Lead,693377,1,35,Pune,High,No,11-02-2016,,105081,Yes
1526,AnanyaSingh,Operations,Lead,566047,6,50,Chennai,Average,Yes,25-03-2018,25-07-2020,30790,Yes
1527,AaravGupta,Sales,Executive,504543,13,26,Pune,Low,No,15-08-2021,,34290,No
1528,AnanyaMehta,Sales,Executive,718993,4,44,Mumbai,High,No,08-03-2020,,148507,No
1529,AdityaSharma,Marketing,Executive,1192206,10,42,Delhi,High,Yes,27-01-2017,27-06-2020,117657,No
1530,DiyaSingh,HR,Manager,1904491,11,48,Bangalore,Low,No,06-05-2023,,363102,No
1531,ArjunSingh,Sales,Manager,984278,1,31,Bangalore,Average,No,11-09-2024,,100921,No
1532,AyaanMehta,IT,Specialist,1013171,9,48,Kolkata,High,Yes,23-08-2021,20-12-2026,114600,Yes
1533,AnikaSharma,Finance,Manager,1793051,7,28,Delhi,Low,Yes,16-09-2024,12-07-2025,366800,No
1534,AadhyaSingh,Finance,Analyst,1766049,7,59,Mumbai,High,No,11-10-2020,,220174,Yes
1535,ReyanshSingh,Admin,Lead,385784,4,54,Bangalore,Average,Yes,06-06-2023,21-09-2025,50647,Yes
1536,KiaraNair,Legal,Executive,1434854,6,48,Chennai,Low,Yes,22-10-2024,03-06-2029,122375,No
1537,VihaanVerma,Admin,Manager,1646373,3,38,Delhi,High,No,19-10-2018,,210814,Yes
1538,AyaanPatel,Marketing,Specialist,701477,4,23,Pune,Average,Yes,25-05-2017,04-10-2022,88915,Yes
1539,IshaanVerma,Sales,Lead,1916473,19,39,Chennai,High,No,17-06-2018,,231569,No
1540,RiyaSharma,Finance,Lead,405671,2,43,Hyderabad,Average,Yes,23-09-2022,15-10-2025,94910,Yes
1541,AnanyaNair,Marketing,Manager,726701,1,39,Bangalore,Low,Yes,06-10-2020,26-09-2022,146346,Yes
1542,MyraReddy,HR,Manager,1363473,8,45,Hyderabad,Low,Yes,22-03-2020,09-03-2025,91662,No
1543,AdityaNair,Finance,Lead,1366374,14,36,Hyderabad,Low,No,19-11-2024,,73259,Yes
1544,VihaanSharma,Admin,Lead,510258,18,48,Mumbai,High,No,01-08-2015,,94204,No
1545,IraPatel,Sales,Executive,312333,0,30,Delhi,Low,Yes,14-07-2021,10-12-2024,25399,No
1546,AaravKapoor,Admin,Executive,847272,17,31,Hyderabad,Average,Yes,26-12-2018,21-08-2021,50980,No
1547,AadhyaKapoor,IT,Executive,1383493,10,49,Hyderabad,Low,No,14-01-2016,,166021,No
1548,ReyanshReddy,Legal,Executive,843784,14,22,Mumbai,Low,Yes,04-10-2018,02-12-2019,183192,Yes
1549,AyaanNair,HR,Executive,1003051,7,57,Kolkata,High,Yes,27-10-2021,27-01-2024,220564,Yes
1550,AdityaSharma,IT,Specialist,1008062,7,39,Mumbai,Average,Yes,21-09-2024,10-09-2025,62992,No
1551,DiyaSingh,Sales,Analyst,878387,0,52,Mumbai,High,No,19-07-2022,,61925,No
1552,VihaanVerma,Finance,Analyst,1525831,9,54,Chennai,Low,No,17-05-2015,,119864,No
1553,AyaanIyer,Marketing,Analyst,1379042,17,27,Kolkata,High,No,04-09-2024,,157133,Yes
1554,NavyaPatel,Operations,Consultant,611377,2,44,Chennai,High,Yes,18-08-2018,27-09-2022,126301,Yes
1555,DiyaNair,Admin,Analyst,1368391,6,55,Delhi,Low,Yes,14-07-2016,16-09-2020,173064,Yes
1556,IshaanKapoor,Sales,Executive,1300597,4,47,Bangalore,High,Yes,14-12-2015,17-10-2020,201838,Yes
1557,AyaanIyer,Admin,Executive,1083435,16,53,Delhi,Average,Yes,16-03-2020,05-08-2021,212011,No
1558,KrishnaSingh,Legal,Analyst,407580,8,53,Kolkata,Low,Yes,27-10-2021,24-06-2025,79358,No
1559,RiyaNair,Admin,Executive,364244,4,30,Kolkata,Average,No,25-04-2015,,55329,No
1560,VivaanMehta,Sales,Specialist,1658240,19,28,Mumbai,High,No,02-11-2024,,304675,Yes
1561,IshaanSharma,Operations,Executive,235010,10,32,Chennai,Average,No,09-07-2017,,22912,Yes
1562,AaravReddy,Legal,Specialist,1934872,10,56,Kolkata,High,Yes,01-12-2024,10-08-2025,190826,Yes
1563,MyraNair,Marketing,Lead,723238,7,21,Hyderabad,Average,No,25-02-2015,,146447,Yes
1564,SaanviIyer,Sales,Manager,1960508,11,55,Delhi,Average,No,02-12-2022,,361525,Yes
1565,AyaanKapoor,Marketing,Analyst,947365,10,43,Chennai,Average,Yes,08-12-2016,03-07-2020,211869,No
1566,DiyaPatel,Marketing,Consultant,496412,10,53,Kolkata,High,Yes,20-12-2024,28-07-2028,124037,Yes
1567,IshaanSingh,Operations,Analyst,377254,11,27,Kolkata,Low,No,11-05-2022,,30090,No
1568,AaravIyer,HR,Specialist,1749161,15,46,Delhi,Average,No,29-03-2021,,421555,Yes
1569,AadhyaSharma,Finance,Analyst,1064609,12,33,Chennai,High,No,14-03-2016,,97743,Yes
1570,KiaraGupta,Marketing,Analyst,1650328,11,37,Bangalore,Average,Yes,17-12-2020,22-11-2021,290267,Yes
1571,SaiGupta,HR,Manager,536497,14,51,Delhi,High,Yes,13-01-2017,06-11-2018,33274,Yes
1572,NavyaIyer,Operations,Executive,1950697,11,57,Chennai,High,Yes,03-10-2019,02-03-2023,462519,Yes
1573,KrishnaPatel,HR,Consultant,621743,13,47,Kolkata,Average,Yes,26-10-2016,29-01-2021,120382,Yes
1574,DiyaVerma,Finance,Lead,1914796,4,25,Hyderabad,Low,Yes,29-10-2016,29-12-2020,106401,Yes
1575,ReyanshReddy,Operations,Consultant,519586,14,59,Hyderabad,Low,No,26-11-2022,,91291,No
1576,ArjunSharma,Operations,Lead,727938,12,59,Kolkata,Average,No,29-11-2024,,157699,No
1577,DiyaIyer,Marketing,Lead,339861,7,37,Delhi,Low,No,11-12-2017,,67983,Yes
1578,IshaanGupta,HR,Executive,378157,16,32,Chennai,Low,No,23-01-2024,,56586,No
1579,ReyanshNair,HR,Consultant,1429959,9,49,Pune,Low,No,21-09-2023,,321272,Yes
1580,AdityaMehta,Legal,Lead,1024464,15,39,Pune,Low,Yes,20-08-2021,13-05-2026,56057,No
1581,NavyaKapoor,Admin,Analyst,881509,8,56,Bangalore,Low,No,14-06-2019,,80795,Yes
1582,AnanyaMehta,Operations,Manager,809723,11,37,Hyderabad,Average,Yes,27-10-2020,20-12-2022,90852,Yes
1583,KiaraNair,Operations,Executive,972783,11,52,Bangalore,High,Yes,24-02-2020,12-10-2023,196878,No
1584,IraSingh,Sales,Specialist,1199647,5,55,Kolkata,Average,Yes,14-08-2015,16-10-2016,200760,Yes
1585,MyraMehta,Legal,Consultant,1772088,4,38,Chennai,High,Yes,16-11-2018,07-09-2019,263295,No
1586,IshaanReddy,Operations,Executive,1103923,10,30,Delhi,Average,No,06-07-2022,,163559,Yes
1587,AnikaIyer,Sales,Manager,1651508,5,40,Hyderabad,Low,Yes,13-05-2015,27-01-2018,120474,Yes
1588,AadhyaPatel,Admin,Consultant,891898,15,42,Delhi,Low,Yes,08-12-2023,15-09-2028,173534,No
1589,AaravGupta,Finance,Manager,1316850,13,59,Chennai,High,No,09-08-2018,,207849,No
1590,DiyaGupta,Legal,Consultant,477834,7,53,Chennai,Low,No,17-07-2019,,76614,Yes
1591,AnanyaReddy,Finance,Consultant,1384801,17,27,Delhi,Low,No,08-06-2017,,188427,No
1592,AadhyaIyer,Legal,Analyst,828758,13,27,Kolkata,Average,Yes,25-09-2023,13-03-2026,108685,Yes
1593,AnikaKapoor,Finance,Manager,486629,19,54,Delhi,High,No,20-09-2023,,50145,No
1594,SaanviReddy,Admin,Manager,440491,16,30,Chennai,High,No,05-03-2020,,93513,Yes
1595,AyaanPatel,Admin,Analyst,990417,12,47,Delhi,High,No,18-03-2016,,101299,No
1596,AnanyaNair,Operations,Manager,1529328,3,43,Mumbai,Low,Yes,23-08-2019,01-12-2020,274520,No
1597,NavyaPatel,Operations,Executive,1034938,8,54,Bangalore,Average,Yes,22-09-2017,01-04-2019,180495,Yes
1598,IshaanPatel,Admin,Specialist,372903,11,41,Mumbai,Low,No,05-07-2016,,62833,No
1599,RiyaVerma,Sales,Consultant,505745,18,39,Bangalore,Low,Yes,08-06-2021,12-09-2022,36654,Yes
1600,MyraKapoor,IT,Executive,1523921,19,59,Chennai,Low,Yes,16-03-2019,20-08-2021,160607,Yes
1601,IraSharma,Operations,Manager,1782828,9,27,Bangalore,High,No,27-05-2017,,174078,No
1602,NavyaGupta,Admin,Analyst,212336,3,41,Delhi,High,Yes,20-10-2015,13-11-2020,26407,No
1603,AadhyaIyer,Marketing,Executive,1082566,9,37,Kolkata,Low,No,06-04-2022,,97685,Yes
1604,DiyaVerma,Sales,Consultant,1626297,10,29,Delhi,Average,Yes,11-06-2023,31-01-2024,344002,No
1605,KrishnaIyer,Finance,Consultant,399899,12,43,Pune,Average,Yes,17-08-2016,19-10-2017,24180,No
1606,VihaanKapoor,Operations,Manager,774543,0,32,Kolkata,High,Yes,06-08-2018,11-03-2023,52804,Yes
1607,AyaanGupta,Legal,Manager,985372,12,51,Pune,Low,No,05-04-2020,,90539,No
1608,ArjunIyer,IT,Consultant,1930081,6,24,Hyderabad,Average,Yes,10-02-2020,25-09-2020,402437,Yes
1609,AdityaKapoor,Sales,Executive,1848655,6,33,Hyderabad,Low,No,23-10-2022,,461631,Yes
1610,SaiSharma,Legal,Consultant,1931499,18,27,Bangalore,High,No,15-08-2023,,428162,Yes
1611,DiyaIyer,IT,Analyst,981608,10,44,Kolkata,Low,No,26-07-2016,,92357,No
1612,IraNair,Operations,Lead,1740710,18,26,Hyderabad,Average,Yes,27-05-2024,01-08-2029,108391,Yes
1613,VihaanPatel,Legal,Specialist,1088513,18,24,Bangalore,Low,No,18-09-2019,,265717,Yes
1614,SaiIyer,Operations,Consultant,1743992,4,48,Delhi,Average,No,16-10-2022,,259794,Yes
1615,IraIyer,Legal,Consultant,967128,0,21,Mumbai,Low,No,28-04-2022,,94910,No
1616,NavyaMehta,Legal,Executive,937371,10,53,Chennai,Average,No,01-11-2021,,144698,No
1617,AadhyaNair,Admin,Specialist,1080979,0,23,Hyderabad,Average,Yes,18-11-2021,23-05-2024,115710,No
1618,IraMehta,Operations,Consultant,1312464,13,49,Kolkata,Low,No,27-02-2023,,316349,No
1619,AadhyaMehta,IT,Lead,1941620,16,42,Mumbai,High,Yes,13-03-2019,18-12-2022,253717,No
1620,ArjunSingh,HR,Consultant,1070229,4,24,Delhi,Average,Yes,27-08-2019,07-01-2023,202704,No
1621,DiyaKapoor,Finance,Consultant,446476,4,45,Delhi,High,Yes,27-10-2016,11-01-2022,22847,No
1622,MyraMehta,IT,Lead,1853005,3,37,Hyderabad,High,Yes,29-05-2015,18-11-2018,354592,No
1623,SaiReddy,Operations,Specialist,699471,19,49,Mumbai,High,Yes,22-10-2019,10-10-2021,114562,Yes
1624,VivaanSharma,Finance,Lead,1751832,18,53,Hyderabad,Average,Yes,04-08-2023,26-02-2027,393739,Yes
1625,IshaanPatel,HR,Manager,1726985,17,42,Pune,High,Yes,18-02-2022,27-12-2022,248927,Yes
1626,KrishnaVerma,Legal,Consultant,1575520,4,46,Hyderabad,Low,No,11-08-2016,,327869,Yes
1627,AdityaVerma,Legal,Executive,1684159,13,44,Delhi,High,Yes,20-01-2017,26-04-2019,371996,Yes
1628,AnikaNair,Sales,Lead,1012002,15,34,Kolkata,Average,No,21-08-2020,,101604,No
1629,NavyaSharma,Marketing,Analyst,1687324,10,37,Hyderabad,Low,Yes,26-10-2022,06-11-2023,270204,No
1630,AnikaIyer,Legal,Analyst,748694,19,31,Hyderabad,Low,Yes,15-07-2019,06-02-2022,54916,No
1631,MyraPatel,Admin,Analyst,882346,5,56,Pune,High,Yes,04-08-2015,18-10-2018,98531,No
1632,AaravIyer,Legal,Analyst,1920342,12,57,Kolkata,High,Yes,14-05-2015,15-10-2016,135133,No
1633,AyaanSingh,HR,Specialist,1007784,14,46,Kolkata,Low,No,29-09-2020,,112005,No
1634,IraSingh,Finance,Consultant,571557,5,55,Bangalore,Average,Yes,03-02-2018,20-12-2021,122125,Yes
1635,VihaanKapoor,IT,Manager,1451875,11,58,Kolkata,Average,Yes,27-09-2022,07-01-2024,234004,Yes
1636,ArjunNair,Admin,Lead,1527654,6,31,Pune,High,Yes,08-08-2018,30-06-2023,244218,Yes
1637,IraPatel,Legal,Analyst,647628,17,44,Pune,Average,Yes,13-12-2016,05-11-2017,111351,Yes
1638,AnanyaSingh,Legal,Executive,256572,8,30,Bangalore,High,Yes,10-07-2022,15-02-2024,51640,No
1639,MyraIyer,Operations,Consultant,1012802,10,51,Mumbai,Average,No,17-07-2015,,231880,No
1640,NavyaKapoor,Finance,Executive,587902,10,35,Hyderabad,High,Yes,03-07-2019,07-10-2021,114568,No
1641,ArjunSharma,IT,Lead,639717,14,27,Pune,Low,Yes,29-06-2017,31-08-2019,73007,Yes
1642,KiaraVerma,HR,Specialist,667543,1,40,Hyderabad,Low,No,30-04-2023,,102958,Yes
1643,MyraNair,Legal,Executive,1759366,5,50,Bangalore,Low,No,20-03-2017,,344630,No
1644,KrishnaKapoor,Operations,Lead,831872,1,21,Bangalore,High,Yes,19-11-2021,25-10-2025,165784,Yes
1645,IshaanKapoor,Sales,Lead,595412,3,32,Pune,Average,No,28-02-2017,,76754,No
1646,KiaraMehta,Operations,Consultant,1110976,0,44,Pune,Low,Yes,17-07-2018,09-09-2022,110286,No
1647,AaravReddy,Legal,Manager,1338711,12,36,Mumbai,Average,Yes,04-06-2022,02-03-2024,215611,Yes
1648,IshaanMehta,Sales,Consultant,1213071,5,21,Delhi,High,No,08-10-2024,,243183,No
1649,VihaanSharma,Admin,Lead,487906,10,49,Mumbai,Low,No,11-11-2023,,76071,Yes
1650,DiyaSharma,Sales,Analyst,213877,6,48,Bangalore,Average,No,01-08-2018,,33941,No
1651,RiyaNair,Marketing,Lead,717257,9,34,Chennai,High,Yes,16-12-2016,07-09-2018,76538,Yes
1652,AnikaGupta,Finance,Consultant,1002207,9,52,Mumbai,Average,Yes,04-09-2020,15-01-2025,122042,No
1653,AnikaVerma,IT,Lead,973372,9,22,Chennai,High,No,06-12-2022,,159869,No
1654,AnikaSingh,Marketing,Consultant,1404966,6,47,Kolkata,High,No,26-06-2024,,184445,Yes
1655,SaiSharma,Sales,Manager,1002925,16,21,Delhi,High,Yes,17-03-2022,07-09-2023,159481,Yes
1656,SaiIyer,HR,Analyst,1631907,7,24,Delhi,Low,Yes,23-06-2017,23-04-2018,224768,No
1657,AadhyaIyer,Operations,Analyst,249297,11,59,Chennai,Low,Yes,03-10-2019,25-01-2022,16919,No
1658,SaanviNair,Admin,Analyst,1408957,14,27,Bangalore,High,No,16-11-2021,,152504,Yes
1659,RiyaMehta,IT,Consultant,1466560,18,57,Kolkata,Average,Yes,01-05-2016,04-04-2020,292060,No
1660,MyraIyer,Admin,Consultant,203196,16,46,Kolkata,Average,Yes,11-03-2021,23-04-2023,10862,No
1661,DiyaGupta,HR,Analyst,1781436,0,22,Kolkata,Average,No,08-03-2017,,257988,No
1662,ReyanshSingh,Sales,Specialist,1058811,17,30,Bangalore,Low,Yes,15-02-2023,08-11-2027,87030,Yes
1663,KiaraReddy,Sales,Executive,956355,12,45,Chennai,Average,No,19-06-2020,,48550,Yes
1664,DiyaPatel,HR,Lead,1625402,1,53,Bangalore,Low,No,20-12-2024,,118083,No
1665,SaanviSharma,Marketing,Analyst,1759067,2,59,Pune,Low,Yes,07-09-2021,05-07-2024,398325,No
1666,RiyaIyer,Admin,Manager,1464008,14,35,Hyderabad,High,Yes,11-07-2020,12-04-2022,285461,Yes
1667,DiyaSharma,IT,Consultant,1979193,8,43,Pune,Low,Yes,30-12-2017,05-02-2020,99525,Yes
1668,AadhyaVerma,HR,Specialist,1765976,8,26,Pune,High,Yes,31-03-2018,12-02-2022,252607,No
1669,VihaanKapoor,Marketing,Manager,1059004,16,53,Pune,High,Yes,17-01-2020,04-07-2022,87698,No
1670,AnanyaGupta,Operations,Lead,330334,1,49,Delhi,High,No,05-01-2019,,80937,No
1671,VivaanVerma,Sales,Lead,1729251,14,28,Mumbai,High,No,17-08-2019,,185805,Yes
1672,SaiIyer,HR,Analyst,666516,3,36,Chennai,Low,No,11-09-2024,,113761,Yes
1673,AaravPatel,Marketing,Lead,790642,7,58,Bangalore,Low,No,01-03-2016,,41907,No
1674,AnikaVerma,Admin,Executive,1116094,17,30,Delhi,Low,Yes,03-02-2018,20-04-2023,135050,Yes
1675,SaiReddy,HR,Manager,523860,0,35,Kolkata,Low,Yes,26-01-2023,17-02-2024,102596,No
1676,KiaraVerma,Sales,Analyst,1210825,8,54,Kolkata,High,Yes,24-08-2021,29-06-2022,266522,Yes
1677,IshaanSharma,Legal,Consultant,1283745,6,30,Bangalore,Low,No,19-02-2020,,166496,Yes
1678,AnikaReddy,Legal,Manager,279360,4,36,Kolkata,Low,No,21-02-2017,,29923,Yes
1679,SaiPatel,Marketing,Consultant,997406,15,37,Hyderabad,Average,Yes,02-06-2024,15-06-2027,165530,No
1680,DiyaSingh,Operations,Analyst,849001,2,51,Kolkata,High,No,05-06-2019,,168012,Yes
1681,VivaanSingh,Legal,Manager,409417,7,41,Chennai,High,Yes,17-12-2016,15-05-2018,35181,No
1682,DiyaPatel,Sales,Analyst,862213,16,31,Pune,High,No,19-06-2023,,182364,Yes
1683,NavyaMehta,Marketing,Manager,1845697,4,21,Hyderabad,Average,Yes,09-10-2023,16-04-2025,436508,Yes
1684,NavyaGupta,Admin,Manager,749656,2,29,Hyderabad,High,No,08-09-2017,,109783,No
1685,AnikaNair,HR,Analyst,1506057,1,30,Pune,Low,No,19-12-2022,,300518,Yes
1686,SaiNair,Admin,Analyst,1127473,1,50,Bangalore,High,Yes,17-04-2019,06-12-2022,84432,Yes
1687,DiyaPatel,IT,Specialist,1410368,7,33,Chennai,Low,Yes,07-11-2024,17-07-2025,161682,No
1688,RiyaIyer,Legal,Consultant,629385,13,25,Hyderabad,Average,Yes,21-09-2023,01-09-2024,77620,No
1689,DiyaSingh,Operations,Specialist,356810,10,40,Pune,Average,No,23-04-2020,,83118,Yes
1690,AyaanKapoor,Finance,Specialist,465033,1,46,Hyderabad,Average,No,03-05-2020,,107835,Yes
1691,SaiKapoor,IT,Analyst,1335730,9,24,Chennai,High,Yes,17-08-2024,23-05-2026,173979,Yes
1692,ArjunReddy,HR,Executive,620547,14,59,Bangalore,Low,No,25-05-2015,,116640,No
1693,SaanviGupta,Admin,Executive,1876466,16,26,Pune,Low,Yes,29-01-2020,05-12-2021,329491,Yes
1694,IshaanPatel,Finance,Manager,1436381,7,31,Mumbai,Low,No,25-02-2018,,178195,Yes
1695,AyaanGupta,Operations,Executive,532343,18,51,Hyderabad,Low,No,11-04-2019,,51522,Yes
1696,IraKapoor,Legal,Consultant,808278,14,33,Mumbai,Average,No,29-12-2016,,69455,No
1697,AyaanVerma,Legal,Manager,1504140,2,33,Bangalore,Low,No,17-10-2022,,261720,No
1698,IshaanNair,Legal,Lead,1828853,1,28,Delhi,Average,No,06-04-2017,,250435,Yes
1699,AyaanSingh,IT,Manager,1005983,7,48,Bangalore,Average,No,04-10-2021,,204663,Yes
1700,RiyaSingh,Legal,Executive,1578280,9,24,Pune,Low,Yes,05-03-2020,07-10-2021,376639,No
1701,ReyanshSharma,Sales,Analyst,589962,13,58,Hyderabad,Low,No,31-01-2016,,71765,No
1702,SaiNair,IT,Analyst,1142529,10,23,Bangalore,Average,No,01-08-2018,,269638,Yes
1703,KrishnaNair,IT,Manager,1345070,13,54,Hyderabad,High,Yes,04-04-2024,10-09-2027,284269,No
1704,AdityaReddy,Finance,Consultant,1223657,17,50,Kolkata,Average,Yes,06-03-2024,01-06-2025,110024,Yes
1705,AnanyaGupta,Legal,Consultant,1002523,7,51,Hyderabad,Low,No,03-01-2015,,102760,No
1706,AadhyaSharma,Marketing,Specialist,634174,16,56,Bangalore,High,Yes,08-02-2023,30-03-2028,139707,No
1707,NavyaReddy,Admin,Consultant,870397,11,57,Bangalore,High,No,08-07-2020,,78434,Yes
1708,SaiNair,Legal,Consultant,317026,14,31,Delhi,Low,Yes,05-08-2017,30-11-2019,58480,No
1709,AnikaPatel,Sales,Lead,687335,5,50,Kolkata,High,No,07-03-2023,,153416,No
1710,VivaanIyer,Marketing,Executive,1461402,19,40,Delhi,Average,No,30-12-2021,,252984,No
1711,VivaanSingh,Operations,Analyst,228876,8,24,Hyderabad,Average,No,04-01-2018,,24342,Yes
1712,MyraPatel,IT,Analyst,1503343,5,33,Bangalore,Average,Yes,11-02-2022,07-10-2026,122950,No
1713,AnanyaPatel,HR,Lead,1213847,18,33,Delhi,Average,Yes,15-08-2023,06-03-2028,198909,No
1714,AyaanGupta,Finance,Lead,1939329,9,42,Delhi,Low,Yes,27-07-2022,24-06-2027,326964,No
1715,AadhyaPatel,Operations,Specialist,568781,15,40,Pune,High,Yes,20-10-2023,23-04-2025,61470,No
1716,VivaanVerma,Operations,Analyst,1914327,12,36,Delhi,Low,Yes,02-11-2021,10-05-2024,277107,No
1717,NavyaVerma,Operations,Consultant,1633331,2,32,Pune,Average,No,18-08-2016,,199209,No
1718,AaravGupta,Marketing,Consultant,1223439,16,53,Pune,High,Yes,27-12-2019,23-02-2023,289484,No
1719,VihaanMehta,Marketing,Analyst,483473,13,50,Chennai,High,Yes,17-11-2022,30-06-2027,69699,Yes
1720,DiyaSingh,Admin,Manager,1056051,9,58,Kolkata,Average,No,30-07-2017,,140104,Yes
1721,KrishnaKapoor,HR,Lead,1180213,11,31,Hyderabad,Low,No,13-01-2021,,235729,No
1722,AaravNair,Sales,Executive,1437976,19,44,Kolkata,Average,Yes,29-08-2018,10-03-2022,218196,No
1723,KrishnaIyer,Operations,Executive,1281159,13,29,Mumbai,Low,Yes,04-03-2020,23-12-2022,141749,No
1724,AyaanVerma,Marketing,Consultant,1268086,7,36,Pune,High,No,12-04-2021,,71283,No
1725,RiyaReddy,Legal,Specialist,739251,14,21,Chennai,Low,No,02-06-2022,,139552,No
1726,AnanyaReddy,Admin,Manager,1424461,3,38,Hyderabad,High,No,17-12-2021,,261256,Yes
1727,MyraGupta,Legal,Analyst,1027401,16,59,Hyderabad,Low,Yes,24-04-2022,16-07-2026,59342,No
1728,MyraReddy,Finance,Manager,1269850,10,25,Pune,High,No,31-10-2020,,152545,No
1729,IshaanReddy,Admin,Consultant,1685148,14,55,Hyderabad,Low,Yes,28-11-2020,01-11-2023,118390,Yes
1730,RiyaReddy,Legal,Specialist,678365,19,57,Kolkata,Low,No,25-07-2019,,36020,No
1731,AyaanNair,IT,Specialist,1318248,6,46,Chennai,Low,Yes,13-05-2022,10-10-2025,198861,No
1732,ReyanshMehta,Finance,Lead,1963796,15,29,Bangalore,Low,Yes,13-01-2015,09-02-2018,126981,No
1733,MyraNair,Operations,Manager,797823,19,37,Hyderabad,High,No,30-11-2024,,157971,No
1734,DiyaVerma,Operations,Lead,899793,18,29,Chennai,High,No,14-10-2016,,153649,Yes
1735,SaanviIyer,Admin,Analyst,962476,14,24,Kolkata,Average,Yes,21-02-2016,03-07-2018,77427,Yes
1736,SaanviPatel,HR,Lead,1080255,8,30,Kolkata,Average,No,11-10-2018,,180570,Yes
1737,VihaanNair,Legal,Specialist,1669416,12,31,Hyderabad,Low,Yes,22-09-2019,15-05-2021,416288,Yes
1738,ArjunSingh,Finance,Lead,1762607,4,40,Chennai,High,No,28-01-2022,,364497,Yes
1739,AnanyaSingh,Sales,Manager,1385560,10,29,Chennai,High,No,06-05-2015,,327760,Yes
1740,DiyaSharma,Legal,Lead,1067838,2,52,Chennai,Low,Yes,19-11-2016,09-04-2020,97213,No
1741,DiyaMehta,IT,Specialist,1343064,7,25,Pune,Low,No,24-01-2016,,148456,Yes
1742,IshaanVerma,HR,Manager,1911382,8,50,Chennai,Average,No,17-10-2021,,434968,Yes
1743,RiyaIyer,Sales,Manager,398017,13,21,Hyderabad,High,Yes,10-05-2024,13-08-2029,56527,No
1744,SaiMehta,Admin,Consultant,360974,14,36,Delhi,Low,Yes,27-09-2015,10-09-2019,27507,No
1745,NavyaIyer,Legal,Executive,1794550,14,39,Kolkata,Average,No,13-03-2015,,268308,Yes
1746,RiyaKapoor,HR,Specialist,447066,9,55,Hyderabad,High,Yes,17-10-2019,12-09-2021,23552,No
1747,SaanviSharma,Operations,Specialist,1932118,3,34,Pune,High,No,19-08-2024,,182179,No
1748,VihaanVerma,IT,Analyst,234112,3,52,Kolkata,High,Yes,16-08-2022,12-02-2024,46274,Yes
1749,DiyaNair,Operations,Manager,887318,19,35,Mumbai,Average,Yes,19-02-2017,22-06-2020,97193,No
1750,VihaanReddy,Finance,Specialist,1200850,12,44,Pune,Average,Yes,11-01-2015,01-02-2016,128010,No
1751,AnanyaPatel,Admin,Analyst,1824841,8,47,Kolkata,Average,No,23-03-2023,,267151,No
1752,RiyaSharma,IT,Manager,822207,0,37,Chennai,Average,Yes,06-10-2018,14-04-2023,92021,Yes
1753,DiyaSingh,Operations,Consultant,1428004,17,58,Bangalore,Average,Yes,12-01-2017,11-06-2022,347787,No
1754,IraIyer,Marketing,Manager,1285643,13,30,Pune,High,Yes,23-07-2023,30-08-2027,144696,Yes
1755,RiyaPatel,Legal,Analyst,1077702,8,30,Pune,Low,Yes,02-11-2024,18-07-2029,262838,Yes
1756,AnikaPatel,IT,Lead,1730523,4,23,Delhi,Average,No,13-11-2019,,324785,No
1757,IraSingh,IT,Analyst,1270804,19,57,Pune,Low,No,25-07-2023,,142593,No
1758,SaanviIyer,IT,Lead,1201198,8,59,Hyderabad,Low,No,23-05-2017,,228470,No
1759,AaravVerma,Operations,Manager,1216254,12,42,Bangalore,Low,Yes,27-04-2020,10-11-2024,160551,Yes
1760,KrishnaSingh,Finance,Consultant,463389,0,36,Mumbai,Average,No,05-10-2015,,48947,No
1761,AnikaSharma,Sales,Consultant,1436541,17,38,Mumbai,Average,Yes,18-04-2017,27-11-2019,204238,No
1762,VihaanReddy,Finance,Analyst,1943685,6,43,Chennai,High,Yes,13-03-2024,23-12-2024,384281,Yes
1763,KiaraSingh,Sales,Manager,870008,12,29,Bangalore,High,Yes,28-12-2019,05-01-2023,65473,Yes
1764,AyaanIyer,IT,Executive,1273120,19,54,Chennai,Average,No,12-02-2019,,222531,Yes
1765,ReyanshVerma,IT,Lead,721998,5,41,Bangalore,Low,Yes,19-12-2015,13-09-2018,147283,Yes
1766,AyaanSingh,Admin,Specialist,204507,1,35,Delhi,High,Yes,22-03-2022,27-07-2024,31425,No
1767,AdityaMehta,Admin,Executive,1835086,5,29,Hyderabad,Low,No,26-12-2022,,362269,Yes
1768,VihaanKapoor,Sales,Lead,1390821,17,48,Hyderabad,Average,Yes,19-07-2019,14-11-2022,191518,No
1769,VihaanIyer,Sales,Lead,988447,5,34,Kolkata,High,No,09-05-2017,,103970,Yes
1770,KrishnaNair,Marketing,Specialist,959036,12,32,Pune,Low,No,10-12-2017,,120521,No
1771,NavyaPatel,Marketing,Analyst,1119258,18,44,Kolkata,High,Yes,29-01-2022,21-04-2027,277953,No
1772,KrishnaKapoor,Marketing,Consultant,1996471,17,56,Hyderabad,Low,Yes,18-07-2020,16-08-2023,193108,No
1773,AaravReddy,Admin,Specialist,1837419,12,49,Mumbai,Low,Yes,08-12-2016,21-05-2018,267528,No
1774,IshaanVerma,Admin,Analyst,951938,14,22,Pune,High,Yes,02-08-2020,06-03-2024,143159,Yes
1775,VihaanMehta,Sales,Analyst,589913,7,55,Chennai,Average,No,30-01-2022,,86882,No
1776,VihaanPatel,Sales,Lead,414709,0,59,Pune,Low,No,25-01-2023,,65670,Yes
1777,ReyanshNair,IT,Manager,1146984,4,35,Chennai,High,Yes,24-03-2019,11-04-2021,274658,No
1778,NavyaIyer,Legal,Consultant,1769335,14,46,Bangalore,Low,No,25-12-2015,,271911,No
1779,IshaanReddy,IT,Analyst,1507981,16,39,Bangalore,High,No,08-03-2017,,223390,No
1780,KiaraPatel,Legal,Lead,779294,6,39,Hyderabad,Average,Yes,14-10-2015,10-01-2021,162819,No
1781,VivaanNair,Operations,Consultant,1325847,1,43,Kolkata,Low,No,10-12-2024,,85187,No
1782,AaravMehta,Sales,Consultant,1291589,5,56,Pune,Average,No,05-03-2017,,210722,No
1783,AaravReddy,Legal,Specialist,1689720,16,27,Bangalore,High,Yes,13-09-2017,06-03-2021,404206,Yes
1784,RiyaKapoor,Admin,Analyst,572333,12,31,Delhi,Low,Yes,04-11-2018,21-05-2020,139416,Yes
1785,AnanyaIyer,Admin,Executive,1485979,8,24,Kolkata,High,No,07-07-2019,,355870,No
1786,AyaanPatel,Legal,Executive,278097,10,36,Delhi,Low,No,06-05-2020,,38510,No
1787,MyraReddy,Admin,Analyst,933307,9,29,Delhi,Average,Yes,03-12-2023,14-12-2025,115328,Yes
1788,AnanyaNair,IT,Manager,1256504,2,34,Chennai,Average,Yes,17-03-2016,25-02-2020,171902,Yes
1789,KiaraMehta,Operations,Lead,594775,13,27,Chennai,High,No,20-05-2024,,93014,No
1790,AaravGupta,Finance,Consultant,1627098,4,58,Pune,High,No,13-08-2022,,298913,No
1791,KiaraMehta,IT,Analyst,1121806,0,24,Hyderabad,Low,No,26-03-2018,,154858,No
1792,AnanyaMehta,Marketing,Analyst,1067050,17,42,Chennai,High,Yes,30-01-2016,19-08-2019,137637,Yes
1793,VihaanNair,Legal,Specialist,735888,3,46,Kolkata,Average,Yes,28-08-2015,29-08-2017,102211,Yes
1794,NavyaReddy,HR,Lead,612106,5,21,Hyderabad,Low,No,21-09-2016,,80650,No
1795,IshaanSingh,Operations,Consultant,685077,4,47,Delhi,High,Yes,31-05-2017,16-08-2020,95313,Yes
1796,MyraVerma,IT,Lead,785593,4,56,Kolkata,Low,No,24-05-2021,,140083,Yes
1797,AdityaNair,Marketing,Specialist,200559,9,37,Hyderabad,High,Yes,21-02-2023,07-11-2023,40657,No
1798,AdityaGupta,Operations,Specialist,1961856,14,53,Chennai,High,No,07-02-2015,,117890,Yes
1799,SaanviSingh,Marketing,Executive,503564,0,57,Chennai,Average,Yes,18-01-2016,30-10-2019,111450,Yes
1800,AyaanReddy,Legal,Manager,1505927,16,21,Bangalore,Low,No,04-05-2021,,292864,No
1801,ReyanshSingh,Operations,Consultant,1733951,5,45,Kolkata,High,Yes,21-08-2024,10-05-2027,309606,Yes
1802,ArjunMehta,Marketing,Manager,1412905,9,23,Delhi,Low,Yes,27-09-2020,22-11-2025,208394,Yes
1803,MyraReddy,Finance,Analyst,1709788,17,22,Kolkata,Average,Yes,29-05-2020,26-02-2024,232639,Yes
1804,ReyanshPatel,IT,Specialist,1449699,16,32,Bangalore,Low,Yes,07-01-2019,26-01-2022,146906,No
1805,AaravGupta,Admin,Executive,344938,17,24,Kolkata,Average,Yes,03-09-2017,05-07-2021,27695,No
1806,ReyanshNair,HR,Specialist,1178190,0,36,Hyderabad,Average,Yes,26-12-2020,17-03-2022,60181,Yes
1807,SaanviSingh,Finance,Executive,405591,15,50,Mumbai,High,Yes,07-01-2017,18-07-2020,46296,Yes
1808,ReyanshVerma,Admin,Consultant,1893397,11,37,Chennai,Average,No,06-11-2018,,277328,No
1809,ReyanshMehta,Finance,Lead,1186684,14,50,Bangalore,Average,No,30-01-2022,,235635,Yes
1810,KiaraSharma,HR,Specialist,1736697,11,51,Kolkata,Average,No,10-09-2020,,279148,Yes
1811,DiyaReddy,Marketing,Executive,1903930,12,55,Hyderabad,High,No,19-04-2018,,125929,Yes
1812,AdityaNair,Admin,Executive,608916,9,36,Bangalore,High,No,08-10-2016,,142728,Yes
1813,ArjunMehta,IT,Lead,1190003,10,40,Delhi,Low,Yes,17-03-2024,14-04-2029,175959,Yes
1814,IraSharma,HR,Lead,1785644,10,50,Kolkata,Low,No,11-03-2020,,310547,No
1815,RiyaNair,IT,Specialist,1228212,10,47,Mumbai,Low,Yes,22-04-2019,29-01-2022,71776,Yes
1816,DiyaVerma,IT,Executive,1064899,15,36,Hyderabad,Low,No,17-02-2023,,69430,No
1817,DiyaPatel,Operations,Executive,531922,16,46,Kolkata,Low,No,02-06-2022,,101702,Yes
1818,IraSharma,IT,Specialist,1541502,0,56,Delhi,High,No,30-07-2024,,339007,Yes
1819,SaiVerma,HR,Analyst,863440,7,58,Mumbai,Low,No,09-06-2019,,128349,Yes
1820,VihaanIyer,Admin,Specialist,321292,10,36,Kolkata,High,No,30-06-2017,,60664,Yes
1821,RiyaSharma,Marketing,Specialist,715689,11,28,Hyderabad,Average,Yes,21-12-2018,06-04-2021,122264,No
1822,MyraReddy,Finance,Specialist,1725560,16,59,Hyderabad,High,Yes,13-09-2024,12-10-2025,211473,Yes
1823,AyaanKapoor,IT,Manager,245708,18,27,Mumbai,High,Yes,23-06-2017,13-09-2020,33464,Yes
1824,SaanviPatel,Finance,Manager,683157,17,43,Mumbai,Average,Yes,08-02-2017,10-12-2020,118723,No
1825,AnanyaIyer,Marketing,Manager,934750,0,34,Bangalore,Average,No,18-08-2023,,51262,Yes
1826,AnikaSharma,Legal,Consultant,718534,15,34,Delhi,Low,Yes,17-09-2024,14-12-2026,152704,Yes
1827,ArjunSharma,Sales,Manager,894096,5,29,Hyderabad,Average,Yes,05-05-2019,18-03-2022,168200,No
1828,IraReddy,Sales,Consultant,810326,4,56,Kolkata,High,No,28-07-2023,,149036,No
1829,ReyanshIyer,Marketing,Lead,1121815,16,59,Hyderabad,Low,No,18-01-2018,,153414,No
1830,AnanyaGupta,Marketing,Analyst,1593196,11,21,Kolkata,Average,No,24-01-2022,,176793,Yes
1831,AnanyaKapoor,Marketing,Executive,1961331,17,23,Kolkata,Average,No,07-07-2019,,131766,Yes
1832,MyraGupta,Finance,Manager,1282121,7,35,Hyderabad,Low,Yes,04-02-2020,18-08-2023,164208,No
1833,ArjunReddy,Marketing,Specialist,1262836,19,24,Hyderabad,High,Yes,13-08-2016,24-04-2019,248583,Yes
1834,SaanviKapoor,Sales,Manager,887790,9,43,Kolkata,High,Yes,16-12-2020,20-04-2022,76954,Yes
1835,ReyanshReddy,IT,Lead,284153,11,21,Kolkata,High,Yes,05-08-2023,01-06-2025,27138,No
1836,MyraMehta,IT,Analyst,1508064,3,49,Mumbai,Low,Yes,16-01-2023,25-08-2024,211341,Yes
1837,ArjunKapoor,Legal,Manager,1025329,0,42,Bangalore,Low,No,01-02-2021,,196442,No
1838,SaanviKapoor,Legal,Specialist,1470612,8,43,Hyderabad,Average,Yes,27-03-2016,16-07-2017,318703,No
1839,AaravVerma,Marketing,Consultant,1422366,8,55,Chennai,High,No,30-05-2021,,242941,Yes
1840,RiyaSingh,Finance,Executive,1230120,14,23,Kolkata,Average,Yes,21-08-2024,21-01-2030,116912,Yes
1841,IraGupta,Sales,Specialist,1317330,13,42,Kolkata,Low,No,09-07-2021,,226833,No
1842,AnikaMehta,Sales,Analyst,567482,13,36,Delhi,Low,No,29-11-2015,,126943,Yes
1843,SaanviVerma,IT,Manager,1908086,18,58,Hyderabad,Low,No,17-12-2018,,222919,No
1844,AaravVerma,Marketing,Lead,342108,4,26,Delhi,High,No,22-08-2019,,76686,Yes
1845,KiaraPatel,Finance,Lead,434456,15,53,Pune,High,No,27-07-2022,,95916,Yes
1846,AdityaReddy,Marketing,Executive,323351,9,51,Hyderabad,Average,Yes,11-08-2016,07-01-2021,22317,No
1847,AadhyaSingh,IT,Consultant,253811,1,48,Pune,Average,No,11-04-2016,,37884,Yes
1848,NavyaVerma,Finance,Consultant,1601823,12,53,Chennai,High,No,30-04-2023,,214931,Yes
1849,IraNair,Legal,Executive,1534391,2,27,Pune,Low,No,13-07-2022,,198639,No
1850,KrishnaKapoor,Operations,Specialist,1648598,17,52,Pune,Average,No,17-06-2021,,281443,Yes
1851,AaravVerma,Admin,Manager,1067424,4,48,Chennai,Average,Yes,08-11-2021,21-06-2026,169267,No
1852,KrishnaVerma,Admin,Lead,1806561,4,53,Chennai,High,No,08-12-2020,,137220,No
1853,VivaanSingh,Finance,Lead,963361,0,24,Kolkata,High,Yes,28-11-2017,02-01-2020,218438,Yes
1854,VihaanMehta,Operations,Lead,1371744,7,40,Pune,High,No,11-06-2016,,341696,No
1855,VivaanReddy,Admin,Specialist,662326,17,51,Chennai,High,Yes,04-03-2019,20-08-2022,64803,No
1856,AadhyaSharma,Sales,Lead,1723433,8,23,Mumbai,Low,No,22-09-2023,,334745,Yes
1857,IshaanNair,HR,Consultant,517545,18,36,Hyderabad,Average,No,04-02-2019,,122253,No
1858,DiyaMehta,Marketing,Specialist,1560764,2,54,Kolkata,Low,No,03-12-2021,,163581,No
1859,KrishnaGupta,Sales,Lead,1325832,12,22,Kolkata,High,No,11-12-2016,,138480,No
1860,DiyaGupta,Admin,Executive,1796436,18,45,Bangalore,Average,Yes,02-11-2022,23-11-2025,269536,No
1861,IshaanVerma,Finance,Consultant,675551,6,40,Hyderabad,Average,No,31-12-2017,,88450,Yes
1862,SaanviMehta,Marketing,Consultant,746312,0,22,Hyderabad,Average,No,02-10-2015,,125517,No
1863,DiyaGupta,IT,Analyst,1743912,9,49,Delhi,Low,Yes,01-07-2021,29-06-2023,359082,No
1864,NavyaKapoor,Marketing,Lead,821029,3,50,Chennai,Low,No,22-08-2023,,156641,Yes
1865,ReyanshVerma,Finance,Consultant,1750642,17,46,Chennai,High,No,15-03-2016,,319306,No
1866,ArjunReddy,Operations,Specialist,247367,16,51,Mumbai,Average,Yes,04-10-2021,27-08-2023,45794,No
1867,RiyaSingh,Finance,Analyst,607962,12,24,Mumbai,Average,Yes,11-12-2022,17-01-2028,128961,Yes
1868,MyraGupta,Marketing,Executive,926487,13,55,Hyderabad,Low,Yes,26-11-2017,17-01-2020,179852,Yes
1869,AyaanIyer,Sales,Manager,1510646,11,31,Delhi,Average,Yes,19-07-2021,21-05-2026,158556,Yes
1870,RiyaIyer,Admin,Specialist,1243131,1,39,Chennai,High,Yes,10-07-2019,01-10-2022,216880,No
1871,SaiKapoor,Legal,Consultant,954208,9,36,Chennai,Average,No,17-02-2021,,126355,No
1872,KrishnaNair,Operations,Analyst,825219,10,36,Mumbai,Average,No,28-07-2023,,157698,Yes
1873,ArjunReddy,Sales,Lead,1885999,18,41,Chennai,Low,Yes,25-07-2018,21-08-2022,349284,No
1874,MyraReddy,Finance,Lead,599130,16,28,Mumbai,High,No,27-07-2015,,117510,Yes
1875,KiaraPatel,HR,Specialist,1823162,0,21,Chennai,Average,No,23-07-2015,,161173,No
1876,AdityaGupta,HR,Lead,863478,4,36,Hyderabad,High,Yes,19-11-2016,04-10-2019,196344,No
1877,IraGupta,Finance,Consultant,1823477,7,23,Bangalore,Low,No,03-08-2020,,454929,No
1878,AaravSingh,Admin,Specialist,1540740,7,39,Pune,Low,No,02-05-2024,,319403,Yes
1879,KiaraPatel,Marketing,Analyst,387486,0,38,Mumbai,High,No,11-06-2017,,71317,Yes
1880,MyraSingh,Operations,Executive,1933391,15,58,Chennai,Low,No,28-07-2024,,178339,Yes
1881,AdityaSingh,Finance,Lead,1032234,15,45,Hyderabad,High,Yes,06-11-2023,24-11-2025,149236,Yes
1882,AyaanSingh,IT,Manager,269519,19,49,Delhi,High,No,31-12-2020,,16203,Yes
1883,AnanyaVerma,Finance,Specialist,244772,12,28,Chennai,High,No,06-07-2022,,39940,No
1884,SaanviIyer,IT,Analyst,239080,2,55,Mumbai,Low,No,11-09-2020,,36504,No
1885,SaiNair,Marketing,Specialist,1127281,11,29,Delhi,Low,No,03-05-2016,,147924,No
1886,ReyanshMehta,Operations,Consultant,1784156,6,47,Pune,Low,No,24-06-2019,,103820,No
1887,VihaanKapoor,Marketing,Executive,1857057,13,23,Chennai,Low,Yes,13-12-2023,01-02-2029,420728,No
1888,VihaanGupta,HR,Lead,946470,17,43,Delhi,Low,No,09-05-2019,,216547,No
1889,IshaanSharma,Operations,Executive,1180812,15,54,Mumbai,Low,No,25-11-2016,,121078,Yes
1890,MyraMehta,Operations,Executive,917116,16,43,Kolkata,High,Yes,12-01-2023,21-01-2028,134544,No
1891,AnikaGupta,Admin,Consultant,1840371,1,52,Kolkata,Low,Yes,24-11-2023,07-07-2026,419777,No
1892,AaravSingh,HR,Lead,1512588,7,21,Kolkata,Low,No,06-09-2024,,133063,No
1893,VihaanReddy,IT,Lead,1526452,12,51,Chennai,Low,Yes,22-02-2018,20-10-2018,272403,No
1894,ReyanshSingh,IT,Lead,1383750,4,25,Bangalore,Average,No,19-08-2023,,156806,No
1895,VihaanKapoor,Finance,Analyst,1587781,18,36,Mumbai,Average,Yes,01-08-2015,30-05-2018,344797,Yes
1896,IraMehta,Legal,Executive,734820,14,33,Bangalore,Low,No,15-08-2023,,62402,Yes
1897,NavyaVerma,Operations,Lead,303021,7,38,Chennai,High,No,06-06-2017,,46217,Yes
1898,IshaanReddy,IT,Specialist,1006409,0,49,Kolkata,Low,No,08-07-2018,,65127,No
1899,SaanviNair,Legal,Executive,1110294,7,23,Hyderabad,Low,No,01-08-2016,,173178,Yes
1900,AnanyaKapoor,Admin,Lead,873954,14,23,Hyderabad,Average,No,25-06-2016,,177952,No
1901,VivaanKapoor,HR,Manager,862858,10,58,Delhi,Average,Yes,06-01-2020,04-08-2024,141426,No
1902,VivaanKapoor,HR,Executive,500763,18,23,Bangalore,Average,Yes,28-05-2021,05-05-2022,37741,No
1903,MyraSharma,Legal,Consultant,247850,18,46,Chennai,High,Yes,20-12-2016,07-10-2020,25511,No
1904,VivaanMehta,Finance,Specialist,1610124,0,25,Mumbai,Low,No,07-12-2021,,91308,Yes
1905,ReyanshIyer,Sales,Lead,1661846,13,24,Pune,High,Yes,28-09-2024,20-03-2026,267285,Yes
1906,SaanviMehta,Finance,Analyst,1548483,18,51,Delhi,Low,No,11-08-2015,,105911,Yes
1907,SaanviMehta,Operations,Specialist,323980,13,30,Delhi,Low,Yes,15-09-2016,14-09-2017,25567,Yes
1908,RiyaPatel,Legal,Consultant,419073,12,33,Chennai,High,No,22-08-2018,,55098,Yes
1909,KrishnaNair,HR,Specialist,901696,7,52,Kolkata,Average,No,11-11-2017,,147343,No
1910,ReyanshIyer,Marketing,Lead,685825,7,58,Delhi,High,No,07-12-2017,,92113,Yes
1911,KiaraGupta,Sales,Executive,268304,18,28,Pune,Low,Yes,24-08-2023,29-03-2028,34083,Yes
1912,IraVerma,IT,Lead,1321153,15,51,Bangalore,Low,No,25-11-2022,,215048,No
1913,IshaanKapoor,Marketing,Analyst,1621913,18,48,Kolkata,High,No,31-12-2017,,106624,Yes
1914,VihaanNair,Sales,Executive,1228719,11,57,Chennai,Average,Yes,15-12-2017,14-03-2021,259470,Yes
1915,NavyaSharma,Admin,Specialist,251999,17,22,Delhi,Low,Yes,03-03-2017,19-02-2020,49978,Yes
1916,SaanviGupta,Finance,Consultant,1893249,9,21,Kolkata,Low,Yes,24-02-2016,06-03-2020,263456,No
1917,RiyaReddy,Admin,Consultant,1974755,8,48,Mumbai,Average,Yes,11-12-2018,15-12-2019,394309,Yes
1918,ReyanshReddy,HR,Lead,1558293,17,26,Delhi,Low,No,23-09-2018,,139137,No
1919,SaiReddy,Admin,Manager,528206,15,28,Pune,Low,No,16-07-2018,,67772,No
1920,ArjunPatel,Finance,Manager,1246072,6,37,Mumbai,High,Yes,09-03-2016,09-07-2017,258667,No
1921,KiaraSharma,Admin,Executive,493362,12,43,Kolkata,Low,No,17-11-2022,,71042,Yes
1922,ArjunKapoor,Operations,Executive,229717,0,49,Delhi,High,Yes,13-07-2016,18-04-2021,26840,No
1923,NavyaKapoor,HR,Lead,1710902,9,39,Pune,Low,No,29-01-2018,,360420,No
1924,VivaanGupta,Finance,Consultant,1599458,12,33,Mumbai,Low,No,18-05-2015,,225684,Yes
1925,AnikaSharma,Legal,Lead,470151,3,45,Delhi,Low,Yes,24-06-2022,16-04-2025,50476,Yes
1926,AaravIyer,Legal,Analyst,953158,13,43,Pune,High,No,19-05-2018,,210158,No
1927,AyaanIyer,Marketing,Analyst,1479372,0,39,Pune,Average,No,05-11-2018,,138859,Yes
1928,KiaraKapoor,Operations,Manager,958019,9,23,Mumbai,Average,Yes,24-08-2018,19-03-2021,76046,No
1929,KrishnaGupta,Operations,Consultant,1721093,11,43,Delhi,Average,No,25-04-2016,,99073,Yes
1930,VivaanIyer,Legal,Consultant,222551,4,33,Chennai,Low,No,13-04-2018,,16259,Yes
1931,DiyaMehta,Legal,Specialist,447652,17,47,Hyderabad,Average,No,16-05-2017,,43800,No
1932,SaanviIyer,Operations,Analyst,950310,16,38,Bangalore,High,No,13-08-2015,,134849,Yes
1933,NavyaMehta,Sales,Manager,1080670,4,22,Pune,Low,Yes,17-05-2024,25-06-2027,249838,No
1934,KiaraKapoor,Legal,Analyst,1917354,17,37,Pune,Average,Yes,07-01-2017,24-03-2022,370151,No
1935,ArjunIyer,Finance,Lead,593781,2,50,Pune,Average,No,24-10-2020,,141806,No
1936,VivaanMehta,Sales,Analyst,237180,11,24,Chennai,Low,No,25-01-2015,,31080,No
1937,SaiIyer,HR,Consultant,354195,17,51,Mumbai,Average,Yes,18-06-2017,20-05-2019,79804,No
1938,AnikaGupta,Legal,Lead,557054,14,21,Kolkata,Low,Yes,06-04-2020,02-11-2022,128774,No
1939,AnanyaIyer,Sales,Consultant,931455,16,34,Mumbai,Average,No,12-04-2024,,90643,Yes
1940,VihaanVerma,Finance,Executive,254796,2,22,Delhi,Low,No,17-12-2016,,44056,Yes
1941,AnanyaReddy,Sales,Consultant,763506,15,38,Mumbai,Low,No,26-01-2016,,177559,Yes
1942,DiyaSingh,Operations,Lead,1051112,9,27,Kolkata,Average,No,07-05-2021,,228417,No
1943,SaiPatel,Marketing,Executive,600850,10,57,Kolkata,High,Yes,06-12-2016,12-02-2018,79375,Yes
1944,SaiNair,Finance,Lead,1882252,7,51,Chennai,Average,Yes,14-08-2016,17-03-2019,97576,No
1945,KrishnaMehta,Finance,Consultant,1511147,5,48,Mumbai,Average,Yes,10-03-2017,24-09-2018,134104,Yes
1946,ArjunNair,Admin,Specialist,738769,3,29,Hyderabad,Low,Yes,15-05-2015,17-08-2017,160934,No
1947,KiaraSingh,IT,Specialist,1300266,6,23,Delhi,Average,No,01-07-2017,,204277,No
1948,AdityaReddy,Finance,Manager,795053,17,42,Mumbai,High,No,03-06-2023,,101549,No
1949,ArjunVerma,Sales,Consultant,1646053,10,46,Bangalore,Average,Yes,16-06-2023,29-12-2025,374581,No
1950,RiyaIyer,HR,Lead,923486,12,55,Chennai,Average,Yes,13-09-2021,13-08-2025,118960,No
1951,KrishnaMehta,Marketing,Lead,1042606,4,47,Delhi,Average,No,28-01-2017,,67811,Yes
1952,VivaanMehta,Marketing,Analyst,1335788,2,48,Hyderabad,Average,No,23-05-2024,,255418,Yes
1953,KrishnaIyer,Finance,Analyst,1145032,11,35,Chennai,Low,Yes,06-04-2019,21-01-2023,189392,Yes
1954,AnikaSharma,Marketing,Specialist,529782,12,21,Mumbai,Average,No,31-08-2015,,59288,No
1955,VivaanPatel,Legal,Analyst,1535119,14,36,Bangalore,High,No,23-08-2015,,282211,No
1956,AnanyaGupta,Operations,Consultant,284106,2,35,Bangalore,High,Yes,28-11-2019,23-03-2022,14338,No
1957,IshaanPatel,Finance,Specialist,934303,8,49,Pune,Low,No,21-06-2016,,69374,Yes
1958,AaravGupta,Finance,Manager,292508,19,58,Delhi,Low,No,13-02-2019,,40146,Yes
1959,ArjunSingh,Sales,Executive,1364638,19,37,Kolkata,Low,Yes,14-09-2020,27-03-2024,301133,Yes
1960,AnanyaSingh,Finance,Manager,1102810,14,53,Chennai,High,No,12-04-2016,,236398,No
1961,VihaanSingh,Finance,Executive,1091588,12,35,Pune,Low,Yes,20-06-2017,09-11-2019,81189,Yes
1962,SaiVerma,Finance,Executive,1508876,5,35,Hyderabad,High,Yes,08-04-2016,20-05-2020,185143,Yes
1963,VivaanVerma,Legal,Analyst,1836617,8,37,Pune,High,Yes,11-05-2016,29-11-2020,143575,No
1964,ReyanshIyer,IT,Specialist,1031659,13,30,Bangalore,High,Yes,27-08-2018,08-02-2023,109123,No
1965,SaiKapoor,HR,Executive,268259,18,27,Mumbai,Low,No,27-10-2016,,45765,Yes
1966,MyraSingh,Sales,Consultant,216375,5,23,Delhi,High,Yes,08-03-2020,05-06-2021,50361,Yes
1967,SaiReddy,Sales,Manager,400798,6,50,Hyderabad,High,No,23-06-2022,,23133,No
1968,NavyaPatel,Sales,Specialist,344867,19,59,Bangalore,Average,Yes,15-04-2017,22-05-2022,58510,Yes
1969,KrishnaPatel,IT,Executive,1097156,18,46,Delhi,Low,No,09-08-2018,,270482,No
1970,VivaanSingh,Legal,Executive,1612210,2,27,Pune,High,No,14-06-2024,,194115,Yes
1971,AdityaReddy,Operations,Consultant,906376,8,33,Pune,High,Yes,04-09-2024,23-03-2029,81635,No
1972,AnanyaIyer,Operations,Consultant,497180,2,47,Kolkata,Average,No,24-09-2021,,46707,No
1973,IshaanIyer,Operations,Lead,1038099,9,33,Pune,Low,Yes,07-12-2023,16-02-2029,113707,Yes
1974,VivaanReddy,Legal,Specialist,610887,8,50,Hyderabad,Average,No,11-09-2024,,142128,No
1975,KiaraIyer,IT,Manager,993354,1,22,Pune,Average,No,04-12-2021,,174313,Yes
1976,ArjunReddy,Legal,Consultant,1372914,3,43,Mumbai,Average,No,03-02-2024,,262310,Yes
1977,AadhyaGupta,IT,Lead,565208,17,31,Mumbai,Low,Yes,18-03-2021,03-07-2022,132549,Yes
1978,SaanviIyer,IT,Analyst,684600,19,40,Bangalore,Low,Yes,01-10-2017,14-09-2019,129185,No
1979,SaanviGupta,Marketing,Lead,889050,1,34,Bangalore,Low,Yes,10-02-2017,13-02-2021,157662,No
1980,RiyaIyer,Legal,Specialist,399330,11,28,Kolkata,Low,No,28-01-2023,,69301,Yes
1981,DiyaVerma,Finance,Analyst,1364937,11,41,Pune,Average,No,11-06-2018,,204158,Yes
1982,AyaanKapoor,Admin,Manager,250818,19,30,Hyderabad,Average,Yes,07-09-2020,08-01-2025,24082,No
1983,SaiReddy,Marketing,Consultant,1576173,1,57,Chennai,Average,Yes,09-12-2022,26-08-2023,323606,Yes
1984,NavyaPatel,Operations,Consultant,1747334,5,31,Bangalore,High,Yes,18-11-2021,03-02-2023,173206,No
1985,AnikaIyer,Finance,Executive,1886748,13,23,Hyderabad,Average,No,23-03-2015,,195864,Yes
1986,ReyanshReddy,Sales,Analyst,1772837,9,47,Pune,Average,No,12-01-2015,,107347,No
1987,AnikaReddy,Sales,Manager,1900288,17,46,Bangalore,High,Yes,12-12-2019,29-08-2024,266415,Yes
1988,AyaanIyer,Admin,Executive,916861,4,51,Bangalore,High,Yes,24-11-2017,06-03-2023,205412,No
1989,ArjunSingh,Operations,Executive,529205,18,45,Chennai,Average,No,12-05-2019,,128095,No
1990,AdityaIyer,Legal,Manager,1481035,12,48,Kolkata,Average,Yes,10-08-2020,23-02-2025,173669,No
1991,VivaanIyer,Sales,Manager,668163,4,45,Pune,Low,No,27-03-2015,,107150,No
1992,RiyaIyer,IT,Analyst,498307,19,24,Bangalore,Average,No,24-06-2015,,41833,Yes
1993,ReyanshSingh,Finance,Analyst,1579300,8,22,Pune,Low,Yes,15-08-2024,03-02-2030,184262,No
1994,AyaanNair,Legal,Consultant,1887696,19,43,Kolkata,Low,No,09-10-2018,,143426,No
1995,ReyanshGupta,Marketing,Executive,647392,1,43,Delhi,High,No,26-04-2019,,64733,Yes
1996,DiyaIyer,IT,Specialist,859297,14,30,Pune,Average,Yes,21-02-2017,20-10-2017,126498,No
1997,AnanyaVerma,Marketing,Specialist,1512470,16,29,Bangalore,Low,No,08-07-2019,,107540,No
1998,SaiSingh,IT,Analyst,1014883,15,53,Delhi,Low,Yes,23-01-2018,21-04-2022,61308,No
1999,MyraIyer,Operations,Manager,1791189,12,36,Bangalore,High,No,29-05-2018,,439227,Yes
2000,AadhyaReddy,Legal,Manager,534154,2,30,Bangalore,High,Yes,19-07-2019,23-10-2024,73793,No
2001,AnanyaSingh,HR,Lead,1420416,19,46,Delhi,High,Yes,28-11-2015,06-05-2020,180721,No
2002,AdityaVerma,IT,Manager,1468458,3,48,Delhi,High,Yes,30-03-2016,28-11-2019,199097,Yes
2003,AdityaReddy,Operations,Analyst,1093155,1,46,Delhi,Average,No,22-06-2018,,204370,Yes
2004,IraNair,HR,Lead,366415,10,37,Hyderabad,High,No,04-07-2019,,48237,Yes
2005,MyraVerma,Sales,Specialist,1015122,1,59,Mumbai,Low,No,28-05-2019,,99925,Yes
2006,AyaanSharma,HR,Executive,1588431,15,38,Pune,High,Yes,10-07-2024,22-11-2028,295180,No
2007,VivaanSharma,Sales,Manager,573798,8,24,Mumbai,Low,No,05-06-2020,,28717,No
2008,SaanviNair,HR,Lead,620474,3,54,Kolkata,Average,No,28-01-2016,,101401,Yes
2009,AadhyaKapoor,Finance,Executive,698149,4,25,Mumbai,High,Yes,18-04-2018,23-08-2021,53554,Yes
2010,AyaanSingh,Admin,Executive,329466,3,29,Bangalore,High,Yes,03-04-2015,31-05-2020,43103,No
2011,NavyaGupta,Legal,Manager,1794575,9,30,Mumbai,High,Yes,07-10-2016,08-03-2018,431035,No
2012,KrishnaKapoor,Operations,Lead,1188537,5,45,Hyderabad,Low,Yes,12-02-2021,27-11-2023,219213,No
2013,AnanyaMehta,Operations,Analyst,712871,15,52,Hyderabad,Low,No,31-10-2018,,136379,No
2014,AaravIyer,Legal,Manager,358818,9,54,Mumbai,Low,Yes,09-05-2020,29-06-2022,46811,No
2015,VihaanMehta,Sales,Lead,573519,18,54,Pune,High,No,14-09-2024,,76923,Yes
2016,AnikaPatel,Operations,Specialist,1237904,14,50,Delhi,High,Yes,27-06-2019,06-03-2020,74835,No
2017,ReyanshKapoor,HR,Analyst,1313405,2,49,Delhi,Low,Yes,18-03-2016,14-01-2019,280026,No
2018,ReyanshIyer,Legal,Consultant,1551441,7,39,Bangalore,Average,No,02-04-2017,,282160,Yes
2019,IraIyer,Marketing,Consultant,452856,5,21,Kolkata,Low,Yes,28-10-2017,29-11-2019,34790,Yes
2020,AaravSharma,HR,Executive,1269527,14,39,Bangalore,Low,No,21-01-2018,,316315,No
2021,SaanviSingh,IT,Executive,1212535,11,53,Delhi,Average,Yes,23-09-2016,03-09-2021,110271,Yes
2022,AadhyaReddy,Finance,Analyst,1684732,9,51,Hyderabad,High,Yes,01-09-2018,04-07-2021,217327,No
2023,VivaanVerma,Marketing,Manager,404580,17,46,Bangalore,Average,Yes,01-09-2022,21-08-2025,45853,Yes
2024,AaravIyer,IT,Executive,448535,12,49,Delhi,Low,Yes,19-07-2024,27-06-2028,73291,No
2025,AnikaKapoor,Marketing,Analyst,1794245,2,53,Delhi,High,No,27-08-2020,,129515,Yes
2026,ArjunMehta,Finance,Specialist,249892,13,37,Pune,Average,Yes,11-01-2019,13-10-2023,15420,Yes
2027,IraNair,Admin,Specialist,1220961,6,30,Mumbai,Low,Yes,24-12-2016,25-08-2019,246819,Yes
2028,KrishnaPatel,Admin,Manager,1115108,11,37,Kolkata,Average,Yes,14-01-2020,25-07-2022,79423,No
2029,ReyanshMehta,Admin,Executive,923666,14,32,Pune,Low,No,03-06-2021,,217750,No
2030,AyaanSharma,Marketing,Analyst,653116,1,27,Delhi,High,No,31-12-2015,,149928,No
2031,IraKapoor,IT,Analyst,1428736,2,45,Pune,Average,Yes,11-06-2018,24-02-2019,107384,No
2032,DiyaNair,IT,Lead,401466,5,35,Hyderabad,Average,No,13-12-2022,,56355,No
2033,IshaanGupta,Admin,Consultant,511416,4,24,Chennai,Average,No,14-01-2018,,41185,No
2034,AdityaSingh,Marketing,Manager,1111952,17,44,Bangalore,Average,No,07-09-2018,,147166,No
2035,MyraGupta,HR,Analyst,1259214,4,23,Chennai,High,Yes,18-03-2024,23-07-2025,211767,No
2036,MyraGupta,IT,Manager,715518,2,43,Kolkata,High,No,30-03-2020,,150688,Yes
2037,AadhyaVerma,HR,Lead,1610781,17,56,Delhi,High,Yes,06-05-2020,09-07-2023,357546,No
2038,MyraGupta,Sales,Consultant,1702631,16,27,Pune,Average,No,23-01-2020,,196706,Yes
2039,AnanyaReddy,Legal,Lead,1122996,11,51,Pune,Average,Yes,21-04-2022,05-06-2023,59282,No
2040,AadhyaVerma,Sales,Consultant,1834470,11,40,Pune,Average,Yes,21-05-2024,26-07-2028,390986,Yes
2041,AaravKapoor,Finance,Specialist,1154227,13,31,Mumbai,Low,No,18-11-2017,,193664,Yes
2042,SaanviPatel,Sales,Lead,833672,3,30,Pune,Low,Yes,13-10-2019,20-08-2023,112119,Yes
2043,AaravSharma,Marketing,Executive,792520,12,53,Mumbai,Low,Yes,25-02-2023,10-04-2026,75410,Yes
2044,KrishnaIyer,Finance,Specialist,1219526,15,39,Bangalore,High,No,17-05-2022,,204342,Yes
2045,RiyaPatel,Operations,Specialist,753098,11,33,Bangalore,Low,No,21-04-2021,,105006,No
2046,RiyaSingh,Admin,Consultant,1653617,3,48,Chennai,High,Yes,28-12-2017,21-08-2018,337775,No
2047,VivaanIyer,Operations,Analyst,763339,2,22,Delhi,Average,No,16-04-2018,,164656,No
2048,MyraVerma,Legal,Consultant,1012902,9,29,Chennai,High,No,15-02-2021,,194209,No
2049,AaravNair,HR,Specialist,246638,4,32,Kolkata,Low,No,11-02-2024,,22253,No
2050,MyraVerma,Finance,Manager,1944677,18,39,Pune,High,Yes,19-02-2016,14-03-2021,295022,No
2051,SaanviReddy,Sales,Lead,1021929,17,46,Hyderabad,Low,No,24-05-2022,,226920,No
2052,MyraIyer,Sales,Lead,1217977,2,45,Hyderabad,Low,Yes,19-04-2016,28-05-2018,269846,Yes
2053,AnikaSharma,Admin,Executive,1719962,19,59,Chennai,Low,No,14-09-2024,,325492,No
2054,AnikaNair,HR,Analyst,281991,8,57,Chennai,Low,No,22-01-2018,,25995,Yes
2055,KiaraPatel,IT,Executive,883444,15,44,Bangalore,High,No,24-02-2019,,142874,No
2056,VihaanGupta,Finance,Manager,1477991,6,26,Hyderabad,Average,Yes,13-03-2022,20-08-2026,111355,Yes
2057,SaanviGupta,Legal,Executive,1824233,17,24,Bangalore,Low,Yes,06-08-2016,02-11-2019,268662,No
2058,AnikaIyer,Sales,Consultant,1131697,10,47,Hyderabad,High,Yes,16-11-2021,05-02-2023,59397,Yes
2059,SaiGupta,IT,Consultant,1986272,15,26,Chennai,High,Yes,18-04-2015,09-06-2017,285172,No
2060,IraReddy,Legal,Executive,787371,13,36,Pune,High,No,13-11-2016,,170723,Yes
2061,AadhyaIyer,HR,Analyst,462399,16,32,Hyderabad,High,No,05-10-2023,,52459,Yes
2062,AdityaVerma,Marketing,Consultant,1021482,8,49,Bangalore,Average,No,17-01-2019,,158903,Yes
2063,ArjunVerma,HR,Manager,1041464,15,36,Delhi,High,Yes,21-12-2020,02-09-2022,159785,Yes
2064,KiaraKapoor,Operations,Lead,1969819,5,48,Bangalore,Average,Yes,06-12-2022,25-07-2024,275314,Yes
2065,AnikaNair,Finance,Lead,1735410,0,49,Delhi,Low,Yes,04-11-2015,06-02-2019,224523,Yes
2066,IshaanGupta,Legal,Executive,1832974,17,55,Bangalore,Low,Yes,19-06-2018,11-06-2019,199340,Yes
2067,NavyaPatel,HR,Analyst,212938,2,59,Kolkata,Low,No,10-08-2023,,25155,Yes
2068,IraMehta,Sales,Consultant,1268620,12,44,Hyderabad,Average,No,15-08-2021,,80349,Yes
2069,VihaanGupta,Legal,Lead,538608,11,48,Pune,High,Yes,30-04-2018,20-11-2021,91029,Yes
2070,ArjunKapoor,IT,Executive,1711602,13,27,Hyderabad,High,Yes,03-01-2023,08-01-2026,417479,Yes
2071,AyaanNair,Operations,Manager,889746,3,29,Kolkata,Average,No,19-09-2023,,169782,Yes
2072,AadhyaSharma,Operations,Specialist,1804453,7,49,Delhi,Low,No,15-02-2023,,381537,No
2073,KiaraSingh,Sales,Consultant,1462916,9,46,Mumbai,Average,No,23-08-2020,,206119,Yes
2074,AyaanSingh,Marketing,Specialist,1503027,5,27,Kolkata,Low,No,22-04-2019,,147749,Yes
2075,AadhyaVerma,Finance,Consultant,714539,5,21,Kolkata,Low,Yes,04-05-2018,13-12-2020,178224,No
2076,KrishnaNair,Marketing,Specialist,348182,19,28,Pune,Average,No,16-09-2022,,28967,No
2077,IshaanIyer,Admin,Specialist,1431784,2,52,Kolkata,High,Yes,26-06-2020,16-08-2025,252107,No
2078,AnanyaVerma,Admin,Analyst,877913,14,26,Chennai,High,Yes,26-09-2016,05-08-2020,98197,No
2079,KrishnaPatel,Marketing,Lead,971122,4,33,Chennai,Low,No,06-11-2023,,217824,No
2080,AyaanSingh,Sales,Analyst,655884,10,28,Bangalore,Low,No,12-07-2024,,145925,No
2081,KrishnaPatel,Legal,Consultant,517399,13,23,Pune,Low,Yes,05-06-2018,21-09-2020,101172,No
2082,ReyanshReddy,Operations,Manager,1539091,14,35,Kolkata,Average,Yes,12-04-2024,13-09-2029,93283,Yes
2083,IshaanMehta,Sales,Lead,1065048,9,53,Kolkata,High,No,30-07-2017,,263057,Yes
2084,IraReddy,Sales,Specialist,878063,13,21,Hyderabad,High,No,14-08-2016,,92805,No
2085,MyraReddy,IT,Analyst,1337495,16,33,Chennai,Low,No,20-01-2019,,310799,Yes
2086,SaanviKapoor,Legal,Executive,957262,2,44,Delhi,Low,No,27-05-2022,,111037,No
2087,KiaraKapoor,Marketing,Lead,1367574,12,51,Chennai,Average,Yes,12-02-2022,29-10-2026,214076,No
2088,VivaanNair,Admin,Lead,433229,6,47,Delhi,Average,No,13-04-2018,,47215,No
2089,AnanyaVerma,IT,Manager,750277,0,38,Delhi,Average,Yes,02-10-2022,01-05-2023,45377,Yes
2090,AdityaPatel,Finance,Lead,633855,7,49,Chennai,Average,Yes,06-07-2020,21-01-2023,97939,Yes
2091,AadhyaMehta,HR,Consultant,1120569,6,49,Chennai,Low,Yes,22-11-2021,30-08-2024,111593,Yes
2092,AnanyaSingh,Marketing,Analyst,445256,14,56,Hyderabad,Low,Yes,16-01-2022,16-07-2023,90454,Yes
2093,RiyaSingh,Marketing,Lead,948870,7,57,Bangalore,Low,Yes,03-05-2016,13-12-2020,224740,Yes
2094,MyraSingh,Operations,Manager,1250995,7,37,Mumbai,Average,Yes,27-07-2024,10-03-2027,297381,Yes
2095,SaiVerma,Marketing,Specialist,1424858,0,54,Delhi,Low,Yes,16-10-2020,12-04-2022,229578,No
2096,AyaanMehta,Admin,Lead,1148614,0,23,Mumbai,Low,Yes,03-11-2015,13-06-2019,121899,No
2097,VihaanSharma,Sales,Consultant,465161,5,49,Bangalore,Average,No,23-02-2017,,78722,No
2098,ReyanshMehta,Finance,Executive,1985237,16,41,Hyderabad,High,No,16-07-2016,,358009,No
2099,ArjunNair,Legal,Executive,1054967,6,59,Chennai,Average,Yes,10-03-2015,08-03-2019,105961,No
2100,AadhyaKapoor,Operations,Analyst,1713528,17,55,Delhi,Average,No,04-07-2017,,207842,No
2101,RiyaMehta,Operations,Manager,966412,18,32,Pune,Low,No,27-07-2016,,201756,Yes
2102,SaanviMehta,Sales,Analyst,1177444,5,27,Bangalore,Average,No,04-09-2020,,173692,Yes
2103,IshaanMehta,Legal,Lead,1835335,8,47,Hyderabad,Low,Yes,20-03-2019,21-03-2021,341389,Yes
2104,KiaraSharma,Legal,Lead,1880871,6,35,Bangalore,Average,No,08-05-2020,,303590,Yes
2105,IraNair,Admin,Specialist,1228520,4,48,Delhi,Average,No,13-11-2015,,131540,No
2106,AyaanPatel,Operations,Analyst,1504116,19,54,Hyderabad,Low,Yes,24-10-2020,23-09-2023,251443,Yes
2107,AnikaKapoor,Sales,Executive,1763332,5,50,Hyderabad,Average,Yes,26-08-2023,29-03-2026,297944,Yes
2108,AdityaGupta,Finance,Lead,1780835,5,36,Pune,High,Yes,11-12-2017,01-02-2023,222123,No
2109,AdityaKapoor,Marketing,Specialist,1417756,11,35,Mumbai,Average,Yes,21-07-2020,03-02-2022,254688,No
2110,KrishnaGupta,Sales,Specialist,666196,14,34,Bangalore,Low,Yes,03-06-2021,18-09-2024,108325,Yes
2111,AdityaSingh,HR,Lead,957993,3,47,Pune,High,Yes,03-02-2019,22-11-2019,175150,No
2112,MyraIyer,Legal,Manager,537864,19,27,Mumbai,Low,Yes,15-05-2020,06-06-2024,123698,Yes
2113,AdityaVerma,Marketing,Manager,1947914,8,48,Chennai,Low,No,02-12-2015,,270365,No
2114,SaiGupta,IT,Manager,1884445,3,22,Kolkata,Low,No,22-07-2020,,418747,Yes
2115,KrishnaKapoor,HR,Lead,361940,5,38,Chennai,Low,No,21-04-2022,,43035,Yes
2116,SaiSharma,Admin,Manager,284179,17,39,Kolkata,Low,Yes,18-12-2020,19-03-2025,20228,No
2117,AnikaPatel,Admin,Manager,594718,16,37,Hyderabad,Low,Yes,11-10-2020,23-12-2024,133642,Yes
2118,SaiSingh,HR,Executive,645544,8,25,Hyderabad,Low,Yes,24-08-2020,16-11-2025,72259,No
2119,KiaraKapoor,Admin,Consultant,256731,2,58,Kolkata,Average,No,14-02-2024,,43715,No
2120,NavyaReddy,Legal,Analyst,973164,12,31,Chennai,Average,Yes,21-01-2021,07-12-2024,116345,No
2121,ArjunSharma,Sales,Executive,254645,0,23,Chennai,Average,No,27-02-2019,,34039,Yes
2122,RiyaNair,Legal,Specialist,1428190,9,28,Bangalore,Average,Yes,24-02-2019,03-02-2023,187955,No
2123,IraMehta,HR,Manager,1995962,8,30,Hyderabad,High,Yes,21-10-2016,04-11-2021,266713,No
2124,AnikaGupta,Marketing,Specialist,1794164,0,22,Mumbai,Low,Yes,19-06-2021,20-03-2025,173335,Yes
2125,KiaraPatel,Admin,Specialist,992135,5,32,Hyderabad,High,No,23-09-2021,,68994,No
2126,ReyanshIyer,IT,Specialist,1703502,13,21,Delhi,Low,Yes,01-03-2015,21-10-2018,283584,Yes
2127,IshaanReddy,HR,Analyst,1177666,18,38,Hyderabad,Average,No,24-02-2022,,255344,Yes
2128,RiyaPatel,Operations,Lead,930076,6,28,Chennai,Average,Yes,11-05-2021,30-07-2022,171918,No
2129,AdityaReddy,Operations,Manager,1497685,0,58,Bangalore,High,Yes,25-02-2018,24-02-2022,161508,Yes
2130,VihaanGupta,Marketing,Executive,1849258,2,39,Delhi,High,Yes,18-11-2018,22-09-2020,316782,No
2131,AaravIyer,Legal,Analyst,1297838,12,52,Kolkata,High,No,08-09-2023,,206778,No
2132,RiyaReddy,Marketing,Analyst,1349384,16,54,Delhi,High,Yes,17-02-2018,24-06-2019,317700,No
2133,IraNair,HR,Consultant,1089856,11,41,Kolkata,High,Yes,28-06-2024,26-02-2025,144462,Yes
2134,SaanviReddy,Admin,Consultant,1227691,11,34,Pune,High,No,11-01-2024,,152592,Yes
2135,ArjunMehta,Finance,Lead,978492,3,46,Hyderabad,Average,No,07-08-2019,,235488,Yes
2136,VivaanSharma,Marketing,Executive,1353729,2,39,Mumbai,Low,No,09-04-2020,,69906,Yes
2137,AadhyaGupta,Legal,Lead,1822964,19,28,Chennai,Average,Yes,20-06-2020,11-06-2022,95915,Yes
2138,AdityaGupta,HR,Analyst,1549148,14,43,Pune,Average,Yes,18-06-2016,01-08-2017,328645,Yes
2139,KiaraGupta,Admin,Executive,1889115,9,24,Delhi,High,No,27-08-2018,,175376,No
2140,RiyaReddy,Admin,Analyst,262598,15,51,Chennai,High,No,29-05-2019,,44323,No
2141,NavyaGupta,Marketing,Lead,346075,18,57,Kolkata,Low,Yes,31-03-2022,05-11-2022,86442,Yes
2142,AadhyaIyer,Marketing,Analyst,1909610,10,35,Chennai,Average,No,05-02-2016,,224158,No
2143,VivaanSingh,Marketing,Analyst,357723,18,24,Delhi,Low,Yes,14-11-2024,08-02-2028,40024,Yes
2144,AyaanIyer,IT,Executive,1253222,1,53,Pune,High,No,25-03-2024,,68796,No
2145,SaanviNair,Operations,Analyst,954016,11,22,Delhi,Low,Yes,15-10-2017,25-07-2021,146715,No
2146,AdityaReddy,HR,Specialist,1448720,2,27,Hyderabad,Average,Yes,22-07-2022,13-10-2025,192876,No
2147,IraSharma,Operations,Analyst,299280,8,30,Delhi,Average,Yes,30-05-2023,26-03-2024,29165,No
2148,IraNair,Sales,Specialist,888235,4,33,Hyderabad,Low,No,15-06-2019,,197818,Yes
2149,RiyaGupta,Operations,Manager,1189269,10,57,Chennai,Average,No,08-08-2021,,128321,Yes
2150,VihaanVerma,Finance,Consultant,471609,15,55,Delhi,Low,No,23-05-2017,,103429,No
2151,AdityaGupta,HR,Executive,1874214,0,48,Hyderabad,Low,Yes,03-04-2018,11-08-2022,279526,Yes
2152,IshaanReddy,Operations,Consultant,1327248,1,51,Chennai,Low,Yes,25-05-2017,06-10-2022,316575,Yes
2153,IshaanReddy,Finance,Executive,886763,11,44,Chennai,Low,Yes,24-05-2023,04-04-2027,119656,Yes
2154,ReyanshGupta,Legal,Specialist,757658,7,30,Delhi,Average,No,27-11-2019,,115201,Yes
2155,RiyaPatel,IT,Executive,1807443,7,29,Hyderabad,High,No,09-08-2023,,264128,Yes
2156,NavyaVerma,Admin,Lead,1237441,10,28,Mumbai,High,No,02-11-2017,,208076,Yes
2157,SaanviReddy,IT,Consultant,1241371,2,43,Hyderabad,Average,No,07-06-2021,,169284,No
2158,IshaanNair,Legal,Manager,1151937,18,32,Kolkata,Average,No,19-11-2022,,199852,Yes
2159,AyaanIyer,IT,Consultant,1949923,2,25,Mumbai,Low,Yes,01-08-2016,19-03-2019,136895,Yes
2160,AnikaVerma,IT,Executive,1631041,11,57,Hyderabad,Low,Yes,27-03-2023,25-02-2025,335112,Yes
2161,IshaanReddy,Operations,Lead,472667,9,23,Mumbai,High,No,14-12-2018,,60033,No
2162,AadhyaVerma,Marketing,Consultant,1703934,15,59,Mumbai,Average,Yes,12-07-2016,06-09-2017,313990,No
2163,SaiNair,Sales,Analyst,1097371,19,46,Delhi,Low,Yes,12-06-2018,20-10-2020,70257,No
2164,SaanviGupta,Admin,Specialist,1998820,12,41,Pune,Average,No,18-02-2022,,315041,No
2165,ArjunReddy,Legal,Consultant,1874286,6,42,Bangalore,High,Yes,15-01-2022,06-07-2024,448978,Yes
2166,SaiPatel,Legal,Executive,1890420,15,46,Hyderabad,Average,Yes,08-07-2018,30-08-2020,199843,Yes
2167,ArjunMehta,Admin,Analyst,648781,11,50,Mumbai,High,Yes,21-02-2015,02-01-2016,72515,No
2168,VivaanSharma,Operations,Consultant,904364,18,28,Bangalore,High,No,09-10-2022,,134898,No
2169,AaravVerma,Admin,Lead,1507042,2,52,Mumbai,Low,Yes,05-07-2015,07-10-2016,366097,No
2170,NavyaPatel,Legal,Lead,321701,19,40,Chennai,High,Yes,06-07-2019,14-10-2021,24897,No
2171,VivaanIyer,Marketing,Lead,1104401,0,49,Kolkata,Average,Yes,06-01-2024,16-07-2026,164042,No
2172,AnanyaSharma,Legal,Lead,744517,11,59,Pune,Low,No,15-07-2016,,119444,No
2173,KiaraSingh,Sales,Analyst,1813255,19,34,Kolkata,High,Yes,20-12-2020,30-05-2024,135236,No
2174,KrishnaPatel,HR,Manager,1759750,15,27,Pune,High,No,01-11-2023,,100840,No
2175,KrishnaSharma,Sales,Executive,936427,0,53,Mumbai,Average,Yes,19-05-2023,01-05-2026,113727,No
2176,AaravNair,HR,Executive,1888735,15,23,Kolkata,Average,No,17-12-2018,,126119,Yes
2177,NavyaPatel,HR,Specialist,750613,5,44,Chennai,Low,No,11-09-2023,,143058,Yes
2178,AyaanNair,Operations,Manager,215141,9,36,Chennai,High,Yes,19-12-2023,07-02-2028,24913,Yes
2179,AadhyaVerma,Operations,Consultant,1664517,0,32,Mumbai,Average,Yes,26-11-2016,10-07-2017,85977,Yes
2180,ArjunPatel,IT,Consultant,952913,12,59,Bangalore,High,No,17-08-2017,,143521,No
2181,SaiNair,Sales,Consultant,1232564,7,50,Mumbai,Average,Yes,02-09-2015,25-06-2019,203003,No
2182,IshaanKapoor,Finance,Executive,690913,3,50,Mumbai,Low,Yes,05-05-2015,10-05-2017,45968,Yes
2183,AdityaPatel,IT,Executive,1029027,17,25,Kolkata,Average,No,14-06-2016,,156827,Yes
2184,NavyaKapoor,Admin,Lead,433725,9,57,Delhi,Average,No,27-09-2018,,64767,Yes
2185,DiyaVerma,Operations,Manager,736208,8,44,Hyderabad,Low,No,03-09-2024,,55119,Yes
2186,RiyaVerma,Finance,Manager,1937846,4,39,Mumbai,Average,Yes,19-08-2024,26-12-2029,137495,Yes
2187,IraReddy,HR,Analyst,742301,6,46,Kolkata,Average,No,13-01-2017,,153495,Yes
2188,NavyaNair,Sales,Manager,462701,10,34,Mumbai,High,No,29-03-2022,,61816,Yes
2189,AyaanIyer,Admin,Specialist,748866,17,55,Bangalore,High,No,25-05-2016,,57509,Yes
2190,VivaanSharma,Admin,Manager,737262,17,25,Delhi,High,No,19-02-2019,,173205,Yes
2191,DiyaReddy,Legal,Consultant,1056634,10,51,Kolkata,Low,No,17-09-2017,,98119,No
2192,AdityaGupta,Finance,Lead,890288,12,45,Chennai,High,Yes,19-10-2022,11-08-2023,101430,Yes
2193,IraIyer,Operations,Executive,1807695,11,58,Chennai,Low,No,25-01-2016,,342781,Yes
2194,IshaanKapoor,Legal,Analyst,1919555,3,50,Delhi,Low,Yes,22-02-2016,16-10-2020,472391,No
2195,ArjunPatel,Legal,Manager,1036127,11,59,Bangalore,Average,No,02-06-2017,,80827,Yes
2196,NavyaReddy,Finance,Specialist,1502376,7,34,Bangalore,High,No,13-06-2022,,97682,No
2197,AaravSharma,Marketing,Analyst,1705867,1,33,Mumbai,High,Yes,22-11-2019,14-11-2024,209329,Yes
2198,NavyaSingh,Finance,Analyst,1213295,13,50,Delhi,Low,No,01-08-2018,,213229,No
2199,AnanyaVerma,IT,Lead,274280,5,46,Mumbai,High,Yes,12-12-2024,01-01-2029,24449,Yes
2200,VivaanPatel,Marketing,Lead,276215,13,26,Kolkata,High,Yes,25-08-2022,01-10-2027,18440,No
2201,MyraPatel,Finance,Specialist,461968,11,33,Kolkata,Low,No,24-10-2023,,33306,No
2202,AdityaReddy,Marketing,Consultant,1435544,4,45,Delhi,Low,Yes,19-07-2018,12-04-2023,116996,Yes
2203,AnikaSharma,Finance,Specialist,601392,13,26,Delhi,Average,No,21-04-2023,,44919,No
2204,MyraVerma,Marketing,Manager,507003,10,32,Chennai,High,Yes,18-10-2023,05-06-2027,42722,Yes
2205,AnanyaGupta,IT,Consultant,720766,5,28,Chennai,High,Yes,03-06-2016,16-06-2021,88864,Yes
2206,IraMehta,IT,Manager,320035,2,42,Pune,High,Yes,09-12-2015,25-05-2019,33037,No
2207,AaravKapoor,Marketing,Lead,1389042,4,51,Kolkata,High,Yes,05-11-2024,03-09-2029,224158,No
2208,MyraMehta,HR,Specialist,1130784,15,49,Mumbai,High,No,18-07-2021,,57743,Yes
2209,NavyaPatel,Operations,Manager,1772102,5,57,Hyderabad,High,No,20-10-2024,,202970,No
2210,KrishnaMehta,Finance,Consultant,1810921,4,43,Hyderabad,Average,No,24-12-2021,,186378,Yes
2211,VihaanNair,Sales,Consultant,879290,8,45,Bangalore,High,Yes,23-08-2016,13-07-2017,185290,Yes
2212,AnikaVerma,Sales,Manager,1706440,15,58,Pune,Low,Yes,06-01-2021,16-12-2023,272856,Yes
2213,VivaanVerma,Legal,Manager,1044355,14,21,Mumbai,Average,Yes,09-11-2022,09-11-2024,87356,Yes
2214,ReyanshVerma,HR,Specialist,769955,12,27,Delhi,Average,Yes,16-11-2018,09-05-2023,78906,No
2215,ArjunGupta,Finance,Analyst,1306136,15,30,Bangalore,Average,No,11-01-2015,,225152,No
2216,KiaraMehta,IT,Manager,1136827,13,52,Hyderabad,Average,Yes,28-03-2017,10-08-2021,190462,Yes
2217,IraIyer,Marketing,Specialist,1182912,18,24,Delhi,Average,Yes,12-12-2022,21-08-2025,81996,No
2218,KiaraGupta,HR,Executive,652532,12,37,Pune,Average,No,14-11-2023,,46711,Yes
2219,AadhyaVerma,Marketing,Manager,1503609,4,35,Bangalore,Average,Yes,04-04-2016,20-12-2016,282588,No
2220,AaravIyer,Finance,Lead,616462,1,26,Hyderabad,Average,No,16-06-2023,,96431,Yes
2221,KiaraMehta,Marketing,Specialist,650067,8,25,Hyderabad,Average,Yes,17-01-2021,28-01-2026,153091,No
2222,AyaanIyer,IT,Executive,1382864,18,53,Kolkata,Low,No,09-11-2018,,139242,No
2223,AyaanKapoor,IT,Executive,320730,5,26,Bangalore,High,No,14-05-2017,,54436,No
2224,VihaanPatel,Marketing,Consultant,457506,9,39,Hyderabad,Low,Yes,13-12-2024,08-08-2029,67252,Yes
2225,AyaanPatel,Marketing,Manager,1920915,18,47,Kolkata,High,Yes,26-02-2015,20-09-2017,312840,No
2226,NavyaSharma,IT,Executive,1381349,6,27,Bangalore,High,No,16-04-2018,,146840,No
2227,AaravIyer,Sales,Manager,599769,18,29,Delhi,High,No,11-04-2024,,84479,No
2228,KrishnaPatel,Sales,Consultant,1574956,17,36,Hyderabad,High,No,12-04-2021,,345267,Yes
2229,SaanviIyer,Sales,Manager,1773772,11,30,Bangalore,Low,No,31-01-2020,,140229,No
2230,IraMehta,Operations,Specialist,1807943,17,22,Mumbai,Average,Yes,21-06-2015,27-09-2016,101252,Yes
2231,VihaanSingh,IT,Manager,1294681,3,46,Hyderabad,Low,Yes,03-02-2015,11-05-2016,276830,No
2232,AadhyaKapoor,Finance,Executive,1285110,10,34,Pune,High,No,14-11-2023,,212184,Yes
2233,AyaanMehta,Sales,Analyst,1912208,17,52,Delhi,Low,No,19-05-2017,,367575,Yes
2234,AnikaNair,Finance,Analyst,1180013,2,59,Pune,High,No,18-04-2020,,260232,Yes
2235,AdityaReddy,Sales,Lead,773374,15,36,Delhi,Low,No,24-05-2024,,110489,Yes
2236,VivaanIyer,Marketing,Lead,1229621,12,29,Mumbai,High,Yes,22-03-2016,24-07-2017,126954,No
2237,ReyanshNair,Operations,Executive,1775324,4,42,Delhi,High,Yes,04-06-2024,15-10-2026,351791,No
2238,AaravNair,Operations,Analyst,232175,11,43,Kolkata,Average,Yes,09-10-2019,26-10-2023,54953,Yes
2239,VihaanSingh,HR,Consultant,1967052,5,52,Bangalore,Low,Yes,14-08-2021,03-08-2025,395353,Yes
2240,AyaanSharma,IT,Manager,1282169,12,25,Kolkata,Low,Yes,12-01-2016,29-03-2019,283107,Yes
2241,IshaanIyer,HR,Consultant,1117947,18,41,Hyderabad,Low,Yes,01-10-2016,20-08-2017,71777,Yes
2242,VihaanMehta,Operations,Consultant,559221,9,44,Kolkata,Average,No,04-08-2021,,85361,Yes
2243,AdityaGupta,Admin,Specialist,353560,19,43,Delhi,Low,No,19-03-2018,,44421,Yes
2244,MyraGupta,Legal,Executive,1203639,5,48,Delhi,Low,Yes,15-05-2024,09-03-2025,90209,Yes
2245,ArjunNair,Finance,Specialist,1831894,5,36,Mumbai,High,Yes,05-01-2022,17-05-2024,144613,No
2246,NavyaKapoor,Operations,Specialist,1039232,5,25,Mumbai,High,Yes,15-07-2019,12-10-2021,107167,No
2247,AadhyaGupta,Admin,Analyst,1279729,11,59,Bangalore,Average,Yes,10-03-2023,15-05-2026,74690,Yes
2248,ReyanshNair,Marketing,Specialist,1719514,15,44,Kolkata,High,No,10-10-2020,,224269,Yes
2249,AnikaVerma,IT,Executive,1657082,7,22,Mumbai,High,Yes,10-09-2015,18-01-2021,224737,No
2250,SaanviSingh,IT,Executive,1768422,12,52,Chennai,Low,Yes,28-03-2023,15-01-2027,428581,Yes
2251,AyaanSharma,Finance,Manager,1311177,15,46,Chennai,High,Yes,29-01-2017,24-12-2021,314837,No
2252,NavyaKapoor,Finance,Analyst,359876,13,30,Bangalore,Average,Yes,12-04-2018,14-12-2019,57740,Yes
2253,VivaanNair,Admin,Manager,1614297,17,49,Mumbai,Low,Yes,16-11-2017,29-04-2022,383802,Yes
2254,RiyaIyer,Finance,Specialist,1218057,9,25,Pune,High,Yes,14-08-2021,16-08-2023,239694,No
2255,KiaraGupta,Marketing,Analyst,1929410,7,51,Delhi,Low,Yes,09-01-2019,16-12-2021,120770,Yes
2256,AaravSharma,Finance,Analyst,847937,1,59,Mumbai,High,Yes,19-03-2020,30-04-2023,126707,Yes
2257,ReyanshIyer,Finance,Specialist,286569,19,53,Kolkata,High,No,27-12-2017,,24020,Yes
2258,RiyaSharma,IT,Analyst,883850,9,25,Bangalore,Average,Yes,14-03-2021,20-11-2024,115217,No
2259,IshaanPatel,IT,Executive,1443336,5,38,Chennai,Low,No,03-09-2024,,294200,No
2260,IraKapoor,Finance,Manager,1911143,16,55,Mumbai,Average,Yes,03-04-2015,19-09-2018,421960,No
2261,SaanviIyer,HR,Lead,1571242,7,21,Hyderabad,Average,Yes,31-12-2015,16-10-2018,162119,Yes
2262,RiyaSharma,HR,Consultant,285015,10,37,Bangalore,Low,No,26-03-2021,,48530,No
2263,AnanyaVerma,Operations,Consultant,850660,14,28,Chennai,Average,Yes,16-04-2020,31-03-2022,115574,No
2264,SaanviSingh,Finance,Manager,930526,8,46,Hyderabad,Low,No,28-07-2015,,171578,Yes
2265,AnanyaReddy,HR,Analyst,245704,18,33,Bangalore,Low,No,24-05-2019,,27559,Yes
2266,MyraSharma,Admin,Executive,1720384,14,24,Hyderabad,Low,Yes,09-01-2017,08-04-2022,376137,No
2267,RiyaSingh,Admin,Lead,299704,5,47,Bangalore,Low,Yes,05-09-2015,23-10-2020,47219,Yes
2268,AdityaSharma,Marketing,Executive,1104367,2,53,Delhi,Average,No,08-08-2016,,264082,Yes
2269,MyraKapoor,HR,Analyst,483590,3,34,Pune,High,No,18-12-2016,,114402,Yes
2270,MyraIyer,Admin,Manager,1922868,13,23,Chennai,Low,No,15-06-2024,,452568,Yes
2271,NavyaVerma,Legal,Analyst,1820706,11,25,Mumbai,Low,Yes,05-06-2016,24-04-2018,380959,Yes
2272,SaanviSingh,Marketing,Consultant,1702079,2,52,Mumbai,High,No,22-01-2019,,197242,No
2273,IshaanGupta,HR,Manager,1261399,2,39,Hyderabad,High,Yes,25-11-2022,27-11-2023,262342,No
2274,NavyaNair,Sales,Executive,1306347,9,55,Bangalore,Average,Yes,21-02-2021,07-03-2023,141447,No
2275,VivaanNair,Marketing,Consultant,367605,10,39,Hyderabad,Low,No,06-03-2023,,47980,No
2276,IshaanSharma,IT,Specialist,912261,11,47,Kolkata,Low,No,07-01-2020,,67569,No
2277,MyraGupta,Marketing,Manager,1886786,2,40,Kolkata,High,Yes,12-01-2021,13-03-2026,265695,Yes
2278,IraNair,Marketing,Specialist,681193,10,26,Kolkata,Average,No,26-02-2017,,47755,Yes
2279,AyaanVerma,Operations,Manager,740027,11,33,Chennai,High,Yes,17-07-2021,08-03-2022,113001,No
2280,AnanyaGupta,Admin,Lead,1636052,13,38,Kolkata,High,Yes,08-06-2015,06-08-2018,143602,No
2281,VivaanPatel,HR,Analyst,391012,13,45,Mumbai,Low,Yes,11-05-2024,29-09-2029,50975,Yes
2282,DiyaMehta,Marketing,Lead,966230,14,49,Bangalore,High,Yes,14-10-2021,25-10-2023,111545,No
2283,AyaanGupta,Finance,Executive,236051,5,39,Delhi,High,No,19-11-2024,,48383,No
2284,VihaanKapoor,HR,Lead,1538853,19,43,Mumbai,Low,Yes,23-10-2019,14-03-2023,210717,Yes
2285,IraMehta,IT,Specialist,1181769,14,36,Pune,Average,Yes,01-07-2017,13-03-2021,244938,Yes
2286,AadhyaSharma,Finance,Executive,877551,4,25,Kolkata,High,No,14-04-2024,,99718,No
2287,SaanviVerma,Admin,Lead,1835377,7,25,Kolkata,Average,Yes,26-01-2016,30-08-2017,174326,Yes
2288,SaiMehta,HR,Executive,1196196,8,24,Chennai,Low,No,12-07-2020,,214040,No
2289,VihaanKapoor,IT,Lead,349776,14,56,Chennai,Low,Yes,13-05-2024,27-03-2026,83450,No
2290,AnanyaIyer,Admin,Analyst,1575983,15,30,Pune,Average,Yes,30-03-2021,20-11-2021,281684,No
2291,AaravSingh,Sales,Specialist,1990979,11,56,Bangalore,High,No,24-04-2015,,303434,Yes
2292,VivaanVerma,Marketing,Lead,258541,17,53,Delhi,Low,No,02-03-2024,,35927,Yes
2293,MyraPatel,Sales,Manager,335669,4,26,Hyderabad,High,No,01-11-2019,,53113,No
2294,AaravSingh,IT,Specialist,663819,3,53,Mumbai,Low,Yes,28-11-2024,26-05-2029,98916,Yes
2295,RiyaSingh,IT,Executive,1673562,7,57,Mumbai,Average,No,12-07-2022,,130189,No
2296,AnanyaNair,Finance,Executive,1775233,11,42,Bangalore,Low,No,12-06-2016,,229801,Yes
2297,NavyaKapoor,Legal,Consultant,827267,4,58,Delhi,Average,Yes,20-06-2019,03-02-2021,133190,No
2298,AyaanIyer,Legal,Specialist,1843305,19,44,Hyderabad,High,Yes,23-11-2016,31-01-2018,388943,Yes
2299,VihaanGupta,Legal,Executive,1315472,7,47,Delhi,Low,Yes,30-03-2017,24-05-2022,227896,Yes
2300,DiyaNair,Legal,Lead,1650255,1,25,Delhi,Low,No,06-04-2020,,142692,Yes
2301,KiaraVerma,Operations,Consultant,1945488,15,26,Mumbai,Low,Yes,25-04-2015,30-07-2016,166631,Yes
2302,KrishnaReddy,Operations,Executive,1524453,7,35,Kolkata,Average,Yes,08-06-2021,15-04-2022,352572,No
2303,AnikaVerma,Admin,Consultant,1619098,4,25,Kolkata,Average,No,09-08-2015,,285828,Yes
2304,RiyaMehta,Marketing,Analyst,1864069,1,26,Pune,Low,Yes,23-04-2022,09-01-2024,344480,Yes
2305,IshaanKapoor,HR,Lead,210204,8,23,Hyderabad,Low,No,06-08-2015,,21069,No
2306,AyaanIyer,IT,Specialist,1065754,3,52,Delhi,Low,Yes,26-02-2018,09-11-2018,192091,No
2307,RiyaVerma,HR,Executive,1609167,18,31,Pune,Average,No,15-03-2021,,153967,Yes
2308,RiyaSharma,Operations,Lead,1025177,8,42,Chennai,High,Yes,24-09-2022,12-05-2025,192070,No
2309,IshaanSingh,IT,Executive,471258,6,39,Pune,Average,No,25-01-2015,,63077,Yes
2310,SaanviSingh,Legal,Lead,828375,18,22,Chennai,Average,No,05-02-2023,,82059,No
2311,AdityaKapoor,Marketing,Manager,1539487,15,59,Chennai,Average,No,17-06-2015,,342652,Yes
2312,ArjunReddy,Finance,Analyst,1344935,12,32,Delhi,High,No,11-01-2022,,199865,Yes
2313,SaiMehta,Finance,Manager,896203,10,47,Kolkata,Low,No,26-12-2023,,54976,Yes
2314,AadhyaNair,HR,Specialist,970878,16,47,Chennai,High,Yes,31-07-2019,02-07-2021,187394,No
2315,ArjunNair,Finance,Specialist,1846278,6,27,Kolkata,Average,Yes,21-09-2018,14-06-2019,337795,No
2316,SaiMehta,Marketing,Lead,1332273,6,41,Pune,Low,Yes,06-02-2021,19-07-2026,332699,No
2317,RiyaReddy,Sales,Lead,439190,6,47,Mumbai,High,Yes,07-08-2017,12-05-2022,64853,No
2318,AaravReddy,Legal,Consultant,667119,18,23,Delhi,Low,No,09-02-2017,,108059,No
2319,AaravKapoor,IT,Specialist,791952,9,42,Chennai,Average,Yes,25-07-2021,04-04-2025,86654,No
2320,KrishnaVerma,Legal,Lead,509091,5,32,Hyderabad,Average,No,30-09-2018,,96901,Yes
2321,ReyanshSharma,Admin,Specialist,1900883,16,27,Delhi,High,Yes,14-04-2019,01-03-2024,121987,Yes
2322,NavyaReddy,Operations,Executive,362818,1,36,Bangalore,Low,No,28-08-2016,,56427,No
2323,MyraGupta,Sales,Lead,1794156,6,25,Kolkata,Average,No,06-04-2024,,286735,Yes
2324,AaravGupta,Admin,Manager,1258335,16,33,Delhi,Low,No,18-02-2016,,70552,No
2325,SaanviVerma,HR,Executive,470651,15,40,Kolkata,Average,Yes,07-05-2020,16-12-2021,100991,Yes
2326,AdityaMehta,Operations,Executive,1890598,10,31,Delhi,Low,No,16-12-2024,,207017,Yes
2327,RiyaPatel,Finance,Analyst,1906325,4,40,Pune,High,Yes,31-10-2015,20-06-2018,95661,No
2328,VivaanIyer,Legal,Manager,1888367,15,26,Kolkata,High,Yes,25-02-2023,15-08-2025,184121,No
2329,AadhyaGupta,HR,Consultant,276054,19,33,Bangalore,Low,No,30-10-2015,,47001,No
2330,AaravIyer,Admin,Specialist,769503,17,34,Chennai,Average,No,18-04-2018,,160468,Yes
2331,VivaanIyer,IT,Consultant,1726535,7,42,Hyderabad,Average,Yes,19-03-2018,20-10-2018,151565,Yes
2332,DiyaSharma,Finance,Consultant,455931,9,45,Kolkata,Average,No,09-09-2020,,102244,No
2333,VivaanGupta,Finance,Analyst,465808,0,51,Delhi,Average,No,12-05-2016,,86984,Yes
2334,ReyanshMehta,Sales,Specialist,852692,3,21,Mumbai,Low,Yes,12-05-2015,06-08-2019,120680,No
2335,DiyaGupta,Sales,Analyst,1836336,8,50,Hyderabad,Low,No,28-04-2022,,356828,Yes
2336,KiaraSharma,Sales,Manager,932484,12,43,Pune,Low,Yes,16-01-2015,08-11-2019,181851,Yes
2337,AaravNair,Finance,Manager,1893487,0,58,Kolkata,Average,Yes,14-09-2023,08-01-2029,339127,No
2338,ArjunIyer,Admin,Lead,1746502,18,21,Chennai,Average,No,01-05-2021,,217835,Yes
2339,ReyanshMehta,Admin,Executive,1449657,14,23,Pune,High,No,29-10-2023,,118928,No
2340,KrishnaSingh,HR,Consultant,720140,15,55,Mumbai,High,No,13-03-2016,,125844,Yes
2341,ArjunNair,Marketing,Lead,1317648,13,27,Delhi,Low,No,04-03-2019,,92163,No
2342,IshaanSharma,Sales,Specialist,385639,3,40,Mumbai,High,No,10-09-2017,,74075,Yes
2343,SaanviIyer,Finance,Manager,1860204,5,48,Hyderabad,High,No,15-10-2017,,305761,Yes
2344,SaiVerma,HR,Manager,1891056,6,58,Pune,Low,No,10-11-2018,,122581,Yes
2345,VihaanMehta,Marketing,Lead,1786293,7,57,Hyderabad,Low,No,22-11-2019,,352263,No
2346,RiyaIyer,Sales,Specialist,1075247,13,32,Kolkata,Low,Yes,25-12-2023,23-12-2024,258074,Yes
2347,NavyaGupta,Operations,Specialist,1256654,6,34,Delhi,Average,Yes,06-08-2024,11-07-2029,135269,No
2348,AaravIyer,Legal,Specialist,856228,11,51,Pune,Low,No,15-08-2023,,67116,No
2349,VivaanNair,Admin,Manager,351633,16,37,Hyderabad,High,Yes,17-08-2024,10-08-2029,50595,Yes
2350,DiyaSharma,Legal,Lead,664175,1,37,Mumbai,Low,Yes,06-03-2019,30-09-2023,66972,Yes
2351,AyaanReddy,Operations,Consultant,1974348,11,59,Mumbai,Low,No,27-03-2023,,363969,No
2352,AaravReddy,Admin,Executive,366964,12,32,Pune,Average,No,09-07-2016,,25281,Yes
2353,AdityaKapoor,IT,Executive,656036,1,43,Chennai,Low,No,17-12-2017,,155272,No
2354,KiaraSingh,HR,Lead,1658668,2,31,Chennai,High,No,11-03-2023,,89877,Yes
2355,AadhyaSingh,Marketing,Lead,679818,8,34,Kolkata,Low,Yes,26-11-2019,29-07-2022,38584,Yes
2356,VivaanReddy,HR,Lead,1843074,18,56,Pune,High,Yes,12-02-2019,17-09-2023,220420,No
2357,RiyaPatel,Marketing,Consultant,1532907,17,25,Mumbai,Average,No,31-12-2023,,204303,Yes
2358,AdityaPatel,Operations,Specialist,1160985,9,32,Pune,High,No,14-06-2016,,84908,Yes
2359,KiaraVerma,Operations,Manager,435994,17,50,Mumbai,High,No,06-11-2018,,78067,No
2360,SaanviIyer,Sales,Lead,489884,0,40,Kolkata,High,Yes,22-01-2018,06-02-2023,92792,Yes
2361,RiyaIyer,Marketing,Specialist,1895060,14,40,Kolkata,Low,Yes,24-03-2019,14-07-2022,356536,No
2362,IraSingh,Admin,Specialist,1644500,11,46,Chennai,Low,No,11-03-2017,,226681,No
2363,ArjunGupta,Operations,Lead,201379,7,21,Chennai,Low,No,25-02-2024,,26266,Yes
2364,MyraReddy,HR,Specialist,1676106,1,21,Pune,Low,Yes,14-11-2016,18-12-2020,201949,No
2365,VivaanPatel,HR,Consultant,742057,17,37,Kolkata,Average,No,02-08-2018,,44650,No
2366,RiyaReddy,Admin,Lead,1375101,15,26,Delhi,Low,Yes,22-11-2022,26-08-2025,72660,Yes
2367,KrishnaKapoor,IT,Consultant,617740,17,44,Bangalore,Average,No,27-01-2015,,81117,No
2368,SaiKapoor,Legal,Specialist,858197,7,30,Chennai,Average,Yes,10-03-2022,05-08-2024,81470,Yes
2369,DiyaSingh,Marketing,Manager,1493073,16,58,Pune,Low,Yes,25-08-2015,08-03-2018,186783,No
2370,SaanviMehta,Sales,Lead,1050297,9,33,Chennai,Low,No,14-08-2023,,56542,No
2371,SaiPatel,Finance,Consultant,358502,1,59,Pune,Average,Yes,30-07-2023,08-09-2026,73416,No
2372,IraGupta,Operations,Specialist,1714289,3,59,Mumbai,High,Yes,14-10-2017,09-05-2018,325616,No
2373,AnikaMehta,Sales,Analyst,960151,10,47,Chennai,High,No,01-05-2018,,211284,Yes
2374,AyaanKapoor,Finance,Lead,1548964,5,46,Pune,Average,No,24-09-2016,,362901,No
2375,AaravIyer,Marketing,Specialist,1161915,14,33,Kolkata,High,No,13-07-2020,,147898,Yes
2376,RiyaReddy,Admin,Consultant,1127906,18,34,Bangalore,Average,Yes,18-04-2023,26-07-2027,67129,Yes
2377,ReyanshPatel,Finance,Consultant,1129964,7,39,Chennai,High,Yes,05-03-2015,19-10-2018,212065,Yes
2378,IraSingh,Admin,Manager,1303690,12,43,Delhi,Low,No,02-04-2016,,117049,Yes
2379,KrishnaSharma,Finance,Analyst,1563202,5,33,Mumbai,Average,No,20-12-2018,,215026,Yes
2380,AnanyaPatel,Admin,Executive,812529,2,44,Bangalore,Average,Yes,19-07-2021,10-12-2024,149168,Yes
2381,ReyanshGupta,Operations,Lead,1085697,11,43,Mumbai,Average,No,02-05-2018,,200259,Yes
2382,AyaanNair,Admin,Analyst,926903,2,49,Delhi,Low,No,13-02-2017,,105288,Yes
2383,VihaanPatel,Finance,Executive,1133796,0,28,Kolkata,Average,Yes,24-10-2020,17-09-2022,165213,No
2384,SaanviSingh,Finance,Consultant,1813774,14,59,Chennai,High,No,24-05-2023,,428290,Yes
2385,RiyaGupta,Admin,Executive,985428,8,30,Bangalore,Average,Yes,25-11-2017,21-08-2022,120057,Yes
2386,NavyaKapoor,Operations,Specialist,867351,16,34,Mumbai,Low,No,09-10-2021,,51610,No
2387,AadhyaSharma,Operations,Lead,444826,0,42,Chennai,Average,No,06-04-2022,,73639,No
2388,KrishnaPatel,IT,Manager,1576236,18,33,Hyderabad,High,No,21-05-2016,,129224,No
2389,KrishnaKapoor,Operations,Consultant,1060180,3,22,Chennai,Average,No,21-04-2022,,67586,No
2390,RiyaPatel,IT,Lead,500102,19,51,Mumbai,Average,Yes,20-12-2019,27-05-2024,27403,Yes
2391,AadhyaReddy,HR,Manager,359224,13,40,Kolkata,Low,Yes,10-06-2017,08-01-2018,87101,Yes
2392,ArjunPatel,Operations,Consultant,1784081,13,23,Mumbai,High,Yes,09-11-2018,08-11-2023,187253,Yes
2393,AyaanGupta,Finance,Analyst,307042,13,23,Kolkata,Average,Yes,21-11-2018,02-06-2023,67337,Yes
2394,AaravReddy,Operations,Specialist,833556,2,24,Delhi,High,Yes,17-01-2020,20-08-2022,108503,No
2395,MyraGupta,Finance,Analyst,1134382,0,27,Bangalore,Average,No,06-06-2024,,171602,No
2396,AnikaSingh,Admin,Manager,273079,10,47,Hyderabad,High,Yes,27-05-2023,02-05-2024,23081,No
2397,KiaraIyer,Marketing,Consultant,1019245,11,30,Hyderabad,Low,Yes,25-10-2016,06-12-2018,79685,Yes
2398,DiyaKapoor,IT,Analyst,762773,8,37,Bangalore,Low,Yes,01-10-2016,25-12-2018,60533,Yes
2399,SaiKapoor,Finance,Consultant,1556644,5,41,Mumbai,Low,Yes,03-11-2015,19-11-2017,100740,Yes
2400,ReyanshSingh,IT,Consultant,1090648,10,34,Delhi,High,No,18-01-2017,,155379,Yes
2401,VivaanNair,HR,Executive,1144177,15,25,Chennai,Low,No,04-07-2019,,94489,No
2402,IraGupta,Sales,Consultant,1889339,7,46,Chennai,Average,No,12-02-2017,,143920,Yes
2403,MyraGupta,Admin,Specialist,411811,11,31,Chennai,High,Yes,12-08-2020,15-07-2025,59272,No
2404,SaiGupta,Operations,Specialist,1142013,4,26,Hyderabad,Average,No,11-05-2021,,195195,No
2405,MyraPatel,Admin,Manager,1623574,10,57,Hyderabad,Low,Yes,25-11-2015,21-02-2017,209556,No
2406,ArjunSingh,Finance,Lead,802878,7,58,Kolkata,High,No,18-04-2024,,113601,No
2407,MyraMehta,Finance,Specialist,631838,15,34,Delhi,High,Yes,25-05-2016,28-12-2017,36145,No
2408,VihaanIyer,IT,Executive,895494,11,57,Hyderabad,High,Yes,19-06-2018,22-06-2021,105938,Yes
2409,KiaraMehta,IT,Executive,1400761,11,23,Bangalore,Low,Yes,15-07-2015,11-06-2019,139377,Yes
2410,AnikaSingh,Sales,Consultant,483453,0,37,Hyderabad,Low,Yes,26-02-2024,21-09-2024,79820,No
2411,AnanyaSingh,Finance,Consultant,1970358,8,32,Bangalore,Low,Yes,26-09-2023,06-08-2028,387098,Yes
2412,SaiReddy,Operations,Consultant,1063498,7,52,Mumbai,High,Yes,21-12-2020,21-03-2026,262902,No
2413,MyraPatel,Marketing,Specialist,1265314,7,54,Delhi,Average,No,12-11-2022,,110134,No
2414,AyaanGupta,Legal,Analyst,890807,18,27,Mumbai,Low,No,09-12-2018,,136187,No
2415,KrishnaSingh,Admin,Lead,381350,3,37,Pune,High,Yes,10-05-2020,27-01-2022,22213,Yes
2416,KiaraSingh,Admin,Executive,243923,12,48,Mumbai,High,Yes,19-02-2015,10-03-2018,44338,No
2417,AdityaGupta,HR,Analyst,795316,7,52,Mumbai,High,No,28-11-2019,,42948,No
2418,VihaanMehta,Admin,Consultant,1976264,19,52,Kolkata,Average,Yes,24-11-2024,09-10-2029,291734,Yes
2419,ArjunGupta,HR,Consultant,695187,5,21,Kolkata,Low,Yes,16-10-2017,23-03-2023,80285,No
2420,SaanviSharma,Sales,Manager,587554,3,21,Delhi,Low,No,13-02-2020,,120586,No
2421,RiyaIyer,Admin,Analyst,1457623,3,34,Pune,Low,No,05-08-2015,,236100,No
2422,SaiMehta,Legal,Executive,727561,2,27,Kolkata,Low,Yes,19-01-2024,14-10-2027,179908,Yes
2423,KrishnaPatel,Sales,Specialist,1860458,3,34,Pune,Low,No,22-12-2016,,186735,Yes
2424,KiaraVerma,Operations,Manager,525737,4,43,Mumbai,High,Yes,30-12-2017,22-04-2023,28616,Yes
2425,ArjunSingh,IT,Consultant,1265049,3,56,Chennai,High,No,07-01-2018,,224260,Yes
2426,AdityaPatel,Sales,Specialist,1473673,15,39,Bangalore,High,Yes,23-09-2023,07-04-2028,213890,Yes
2427,RiyaMehta,HR,Lead,209387,15,21,Hyderabad,Average,Yes,24-01-2023,26-07-2026,20904,Yes
2428,AnikaIyer,Finance,Lead,450139,0,25,Delhi,Low,No,19-04-2022,,105010,Yes
2429,ArjunGupta,Finance,Manager,1134499,13,33,Mumbai,Low,No,31-01-2020,,235804,No
2430,KiaraGupta,HR,Executive,668968,15,35,Chennai,High,Yes,23-06-2015,07-07-2020,128474,Yes
2431,VihaanNair,Legal,Executive,910731,0,37,Mumbai,Low,Yes,11-03-2020,17-04-2025,159008,Yes
2432,RiyaSharma,Admin,Manager,1726769,6,29,Pune,Average,No,11-12-2022,,268534,Yes
2433,ReyanshSingh,Sales,Executive,466891,6,35,Bangalore,High,Yes,16-12-2018,29-11-2019,30677,No
2434,SaanviReddy,Sales,Lead,340926,12,26,Delhi,High,Yes,13-07-2020,16-06-2023,42035,No
2435,IshaanKapoor,Finance,Manager,219455,8,26,Kolkata,Average,Yes,10-04-2021,12-02-2023,41387,Yes
2436,AdityaPatel,HR,Lead,812840,4,34,Pune,Average,Yes,29-11-2024,07-09-2029,46251,No
2437,AaravSingh,Operations,Manager,368332,7,48,Mumbai,High,No,11-08-2017,,56490,No
2438,ArjunSharma,Sales,Consultant,973202,5,52,Kolkata,Average,No,06-12-2016,,99582,No
2439,AdityaSharma,Sales,Consultant,1101334,10,53,Pune,High,No,10-12-2015,,177272,Yes
2440,AnikaIyer,HR,Executive,306960,7,54,Mumbai,Average,Yes,09-09-2023,25-12-2025,74553,Yes
2441,KrishnaMehta,Legal,Analyst,1133671,18,36,Chennai,Average,No,28-12-2020,,258767,No
2442,IshaanGupta,Sales,Executive,946355,6,43,Bangalore,Low,Yes,31-10-2015,07-05-2019,85238,Yes
2443,ArjunIyer,HR,Specialist,1477879,17,47,Delhi,Average,Yes,20-05-2021,16-03-2023,289548,No
2444,AyaanKapoor,Admin,Analyst,817231,12,49-,Delhi,Low,Yes,23-12-2019,20-10-2024,181786,No
2445,AdityaNair,Legal,Lead,436028,3,29,Delhi,Average,Yes,13-04-2018,03-02-2020,34776,Yes
2446,ArjunPatel,Finance,Analyst,1398324,5,23,Bangalore,Average,Yes,10-09-2022,17-10-2024,69983,Yes
2447,AyaanPatel,HR,Manager,447439,19,52,Delhi,Low,Yes,15-12-2017,31-08-2020,103643,No
2448,SaanviIyer,Admin,Analyst,1370085,7,39,Hyderabad,Average,Yes,10-06-2022,21-06-2026,109562,No
2449,KiaraSingh,Operations,Analyst,1441165,11,37,Bangalore,Average,Yes,12-09-2022,14-04-2023,197132,Yes
2450,KrishnaIyer,Finance,Manager,203743,12,41,Kolkata,Average,No,20-09-2023,,34837,No
2451,AaravVerma,HR,Lead,1579580,2,36,Delhi,Low,Yes,29-07-2021,29-10-2023,295977,Yes
2452,ReyanshSharma,Legal,Lead,355183,3,53,Mumbai,Low,No,10-06-2015,,87487,No
2453,KrishnaVerma,Admin,Manager,1037329,14,46,Hyderabad,High,Yes,29-06-2023,01-05-2025,192347,Yes
2454,NavyaVerma,Operations,Specialist,1273391,12,34,Delhi,Low,Yes,22-09-2018,03-11-2022,232097,Yes
2455,AnanyaSharma,Admin,Executive,1445175,19,35,Mumbai,High,Yes,08-11-2015,07-05-2019,111220,No
2456,KiaraVerma,Sales,Executive,609633,17,22,Hyderabad,High,Yes,06-09-2015,02-05-2019,143642,No
2457,AdityaSharma,Marketing,Analyst,1968494,19,48,Chennai,Average,No,11-01-2016,,236012,No
2458,ReyanshNair,IT,Executive,660665,9,43,Pune,Low,Yes,02-06-2021,11-08-2025,162216,Yes
2459,AnikaNair,IT,Analyst,396945,16,47,Chennai,High,No,09-02-2020,,63509,No
2460,AadhyaNair,Marketing,Specialist,592613,12,59,Delhi,Low,Yes,29-03-2023,26-08-2024,65629,Yes
2461,AnanyaMehta,Sales,Lead,1775537,10,30,Hyderabad,Low,No,06-03-2023,,384083,No
2462,AadhyaNair,Legal,Manager,1758542,6,57,Delhi,Average,Yes,24-02-2021,20-06-2025,258626,Yes
2463,ArjunIyer,HR,Executive,625716,18,24,Delhi,Average,No,10-10-2022,,106787,No
2464,AadhyaVerma,Marketing,Analyst,868582,16,39,Pune,High,Yes,07-06-2024,31-08-2029,81646,Yes
2465,VihaanSharma,Admin,Lead,1112046,13,59,Hyderabad,High,No,01-05-2015,,185363,Yes
2466,KrishnaSharma,HR,Consultant,699344,9,49,Pune,Average,Yes,23-08-2017,03-05-2020,154926,Yes
2467,AnikaPatel,HR,Analyst,405719,17,57,Mumbai,High,Yes,27-04-2018,02-04-2021,76026,No
2468,SaiSharma,Marketing,Lead,1886051,17,57,Chennai,High,Yes,14-05-2023,02-10-2026,377642,No
2469,RiyaIyer,Legal,Lead,1359762,13,29,Chennai,Average,Yes,05-09-2016,03-04-2020,275473,Yes
2470,ReyanshIyer,Admin,Consultant,1098607,10,42,Delhi,Average,No,01-03-2018,,186304,No
2471,VihaanNair,Legal,Executive,834157,1,31,Mumbai,Low,No,17-10-2022,,44056,No
2472,VivaanIyer,Admin,Lead,722485,5,41,Bangalore,Low,Yes,07-02-2018,10-02-2023,123416,Yes
2473,AnanyaNair,IT,Manager,1114394,7,59,Pune,High,No,17-08-2020,,187574,Yes
2474,RiyaIyer,HR,Executive,1676470,1,36,Pune,Average,Yes,27-12-2015,22-12-2020,278086,No
2475,ArjunSharma,Sales,Specialist,752958,16,47,Delhi,High,No,11-04-2017,,130453,Yes
2476,VihaanVerma,Legal,Executive,685119,0,46,Kolkata,Low,Yes,28-05-2018,30-07-2020,156707,No
2477,VihaanKapoor,Finance,Manager,255904,19,50,Bangalore,High,No,17-08-2020,,39369,Yes
2478,VihaanVerma,Admin,Executive,466320,11,21,Pune,High,No,22-05-2019,,51257,Yes
2479,AdityaKapoor,Legal,Analyst,693406,7,28,Bangalore,High,Yes,19-01-2023,19-07-2027,38199,Yes
2480,VihaanIyer,Operations,Lead,921202,3,36,Chennai,High,Yes,15-08-2023,12-06-2025,174944,No
2481,NavyaReddy,Admin,Executive,971812,19,44,Chennai,Low,Yes,10-11-2023,01-01-2028,114871,Yes
2482,KrishnaKapoor,HR,Specialist,1179581,15,54,Hyderabad,Average,No,22-06-2024,,119882,Yes
2483,SaiMehta,Legal,Lead,842811,17,28,Delhi,Average,No,04-01-2024,,67110,Yes
2484,AdityaGupta,Admin,Consultant,291788,15,42,Kolkata,High,No,09-09-2024,,58483,Yes
2485,RiyaNair,IT,Specialist,882561,2,39,Pune,Average,No,01-08-2024,,186638,Yes
2486,KrishnaSharma,Operations,Manager,1658485,5,34,Pune,Low,No,12-05-2015,,408964,Yes
2487,AnikaNair,Finance,Analyst,1103606,6,56,Hyderabad,Low,No,05-03-2017,,182820,Yes
2488,SaiIyer,Marketing,Consultant,769601,9,36,Kolkata,High,Yes,22-09-2021,09-12-2024,149147,No
2489,SaanviReddy,Finance,Specialist,1606046,13,34,Chennai,High,No,20-06-2017,,310343,Yes
2490,IshaanSharma,Legal,Consultant,1252945,19,37,Pune,Average,No,16-05-2018,,118096,No
2491,MyraMehta,Marketing,Lead,1420531,11,29,Hyderabad,Low,No,08-03-2024,,306241,No
2492,NavyaPatel,IT,Executive,250272,9,37,Hyderabad,Low,Yes,08-10-2024,07-11-2026,25967,No
2493,VihaanNair,IT,Manager,282641,19,43,Bangalore,High,Yes,05-09-2023,04-12-2027,69609,No
2494,KrishnaKapoor,IT,Executive,1718904,19,42,Chennai,High,Yes,09-05-2016,30-06-2019,272135,No
2495,MyraNair,Sales,Lead,1852386,2,54,Delhi,Average,Yes,11-07-2016,01-07-2021,298624,No
2496,SaanviIyer,IT,Lead,1008157,14,34,Hyderabad,High,Yes,07-09-2018,09-06-2021,185289,No
2497,AaravSingh,Finance,Executive,1437445,7,48,Bangalore,Low,Yes,16-11-2017,30-10-2019,143565,Yes
2498,AnikaMehta,Operations,Consultant,378982,10,33,Kolkata,High,Yes,15-06-2024,22-04-2028,82415,Yes
2499,AadhyaVerma,Sales,Manager,860709,8,48,Hyderabad,High,No,30-01-2020,,214058,Yes
2500,AnanyaGupta,Sales,Executive,1926399,8,56,Bangalore,Average,Yes,19-09-2020,23-05-2025,283738,No
2501,AnanyaSharma,IT,Analyst,1132280,19,51,Bangalore,Average,No,23-03-2019,,63828,Yes
2502,KrishnaVerma,Finance,Specialist,477941,7,25,Bangalore,High,Yes,10-04-2018,22-04-2021,83632,Yes
2503,IshaanPatel,HR,Lead,343949,17,47,Hyderabad,Average,Yes,17-02-2018,01-04-2022,75330,No
2504,IraVerma,IT,Consultant,1374804,17,59,Bangalore,High,Yes,12-12-2019,20-08-2020,145788,Yes
2505,SaanviIyer,IT,Executive,1858931,7,48,Bangalore,Low,No,13-04-2016,,188739,No
2506,AadhyaKapoor,Finance,Manager,329909,15,55,Kolkata,Average,Yes,25-11-2018,30-12-2019,71518,No
2507,SaanviPatel,Legal,Lead,1523827,6,38,Pune,High,Yes,03-08-2019,25-07-2024,195557,No
2508,RiyaKapoor,Admin,Analyst,734398,16,35,Chennai,Average,No,09-11-2018,,102151,Yes
2509,AnanyaReddy,Marketing,Analyst,790855,1,29,Kolkata,High,Yes,29-08-2024,09-04-2029,77886,Yes
2510,VihaanSingh,IT,Consultant,1270798,18,35,Chennai,High,Yes,20-11-2016,09-04-2021,182822,Yes
2511,IraReddy,Sales,Consultant,1070181,7,22,Hyderabad,High,Yes,18-09-2016,03-03-2020,168785,No
2512,VihaanVerma,Admin,Executive,1919527,6,24,Hyderabad,High,Yes,06-11-2022,10-07-2023,431779,Yes
2513,RiyaKapoor,Legal,Manager,845214,8,33,Hyderabad,Average,Yes,15-03-2018,03-10-2019,130166,No
2514,ArjunVerma,Marketing,Analyst,1450033,7,41,Bangalore,High,Yes,28-04-2019,08-12-2021,280562,No
2515,IraSharma,HR,Executive,1051098,18,43,Chennai,High,No,28-04-2022,,203188,Yes
2516,IshaanKapoor,Marketing,Manager,1373290,2,25,Delhi,Average,No,04-09-2022,,125019,No
2517,KrishnaKapoor,Legal,Specialist,337039,6,44,Hyderabad,Average,Yes,10-09-2015,26-03-2020,82640,No
2518,AadhyaPatel,IT,Executive,883429,14,28,Kolkata,Average,No,17-02-2024,,144950,No
2519,DiyaIyer,Admin,Analyst,647564,5,57,Chennai,Low,No,19-02-2020,,102558,No
2520,AnanyaMehta,Sales,Lead,517006,9,23,Kolkata,High,Yes,21-05-2024,11-08-2029,115598,No
2521,ArjunMehta,Operations,Analyst,677044,1,21,Kolkata,Average,No,15-09-2023,,85257,Yes
2522,SaiNair,Operations,Consultant,347748,7,47,Bangalore,Low,Yes,31-01-2021,19-12-2021,48805,No
2523,AnanyaSingh,Operations,Manager,429164,11,39,Delhi,Low,No,03-02-2017,,50012,Yes
2524,SaiVerma,IT,Manager,1754496,6,49,Bangalore,Low,No,07-07-2020,,254586,No
2525,IraIyer,Marketing,Specialist,1506147,18,26,Mumbai,Average,Yes,28-03-2018,05-07-2019,123526,No
2526,AaravVerma,Finance,Manager,1129700,12,22,Bangalore,High,Yes,02-03-2019,24-02-2024,113627,Yes
2527,DiyaKapoor,Marketing,Lead,369259,9,54,Kolkata,High,No,01-11-2024,,19331,Yes
2528,AaravKapoor,HR,Executive,986157,10,37,Hyderabad,High,No,20-05-2024,,109314,No
2529,IraKapoor,IT,Manager,1572175,0,21,Kolkata,Low,Yes,22-05-2022,18-08-2026,106416,No
2530,KiaraSharma,Marketing,Specialist,1350187,4,46,Mumbai,High,No,31-01-2016,,189387,No
2531,SaiNair,Finance,Manager,1939995,9,39,Pune,Low,Yes,11-06-2020,14-03-2022,131389,Yes
2532,ReyanshKapoor,Marketing,Manager,1728474,19,41,Pune,Average,No,24-10-2024,,363121,Yes
2533,AadhyaReddy,Legal,Lead,332335,14,37,Delhi,Average,No,04-09-2020,,71713,Yes
2534,DiyaPatel,IT,Analyst,686476,0,45,Mumbai,Low,Yes,13-09-2018,15-07-2021,56844,No
2535,KrishnaReddy,Marketing,Executive,1474573,10,51,Delhi,High,No,17-05-2022,,334173,No
2536,IshaanReddy,Marketing,Consultant,1839422,11,22,Hyderabad,Average,Yes,18-07-2016,26-07-2021,379845,Yes
2537,AdityaVerma,IT,Manager,1217232,5,27,Mumbai,High,No,07-05-2021,,282698,No
2538,MyraSingh,Admin,Consultant,1552471,2,50,Chennai,High,Yes,26-08-2024,01-02-2030,157912,No
2539,KiaraNair,Sales,Manager,560013,8,38,Pune,Average,Yes,23-08-2018,01-03-2023,28487,No
2540,SaiSharma,Sales,Lead,1488716,11,32,Chennai,Average,Yes,06-06-2019,31-12-2019,346186,Yes
2541,IraReddy,HR,Consultant,1582960,7,44,Chennai,Low,Yes,28-10-2019,20-06-2023,104582,No
2542,AyaanSharma,Marketing,Analyst,746848,12,34,Pune,High,Yes,22-03-2022,08-09-2023,41619,Yes
2543,SaanviSingh,Sales,Analyst,291257,6,46,Pune,High,Yes,21-07-2021,17-08-2022,28119,No
2544,RiyaMehta,Operations,Manager,793358,19,41,Bangalore,Low,Yes,23-10-2023,30-08-2025,137004,Yes
2545,NavyaVerma,Legal,Specialist,1433548,1,39,Hyderabad,High,No,21-04-2015,,113812,Yes
2546,AadhyaReddy,IT,Analyst,569432,17,34,Bangalore,Average,No,03-03-2018,,117362,No
2547,KrishnaNair,HR,Lead,1022614,5,50,Mumbai,High,No,24-10-2015,,80185,Yes
2548,IraSingh,Sales,Specialist,1084729,3,54,Pune,High,Yes,16-01-2015,02-05-2019,103515,Yes
2549,AnanyaMehta,Finance,Manager,1142151,13,51,Chennai,Average,No,07-03-2015,,178486,No
2550,RiyaSingh,Legal,Lead,537088,19,34,Chennai,High,Yes,14-11-2023,03-05-2028,73635,Yes
2551,IshaanReddy,Admin,Lead,555970,4,58,Pune,Low,No,04-06-2017,,69713,Yes
2552,KrishnaIyer,IT,Analyst,1358949,5,24,Hyderabad,Low,Yes,13-02-2017,22-12-2018,230865,Yes
2553,RiyaKapoor,Legal,Consultant,818214,2,53,Bangalore,Low,No,26-10-2020,,103134,Yes
2554,ReyanshKapoor,Sales,Lead,986872,13,56,Hyderabad,Low,Yes,10-08-2018,19-01-2023,169015,Yes
2555,AnikaVerma,IT,Executive,1399195,0,26,Pune,High,No,11-11-2016,,121149,Yes
2556,SaanviGupta,Sales,Manager,1729451,2,55,Chennai,High,Yes,09-06-2016,07-07-2017,263938,Yes
2557,SaiGupta,Finance,Executive,422873,18,32,Kolkata,Low,Yes,08-02-2017,03-04-2022,93462,Yes
2558,AyaanGupta,HR,Executive,1538223,8,41,Delhi,High,No,15-01-2015,,136641,No
2559,AadhyaNair,Finance,Executive,563133,11,52,Delhi,High,No,05-01-2015,,84147,No
2560,VihaanSharma,Finance,Analyst,1320116,17,41,Mumbai,Average,No,27-05-2019,,316557,Yes
2561,IshaanSharma,Sales,Lead,1628705,9,44,Bangalore,Average,Yes,26-09-2017,12-09-2018,285407,Yes
2562,AnikaKapoor,HR,Specialist,950071,0,58,Bangalore,Average,Yes,22-09-2020,07-03-2023,77687,Yes
2563,AnanyaPatel,Legal,Lead,1719546,16,54,Bangalore,High,Yes,22-04-2017,24-10-2018,367224,Yes
2564,AaravMehta,HR,Specialist,1306517,10,38,Kolkata,Average,Yes,09-02-2015,25-06-2016,291351,Yes
2565,DiyaPatel,Operations,Consultant,1917222,19,33,Chennai,Average,No,22-04-2022,,123631,Yes
2566,AnanyaSharma,HR,Specialist,1654915,3,56,Hyderabad,High,No,17-02-2022,,313704,No
2567,KrishnaVerma,Finance,Executive,1067481,14,56,Pune,Average,No,08-11-2020,,167871,No
2568,AdityaVerma,Sales,Analyst,1583782,5,55,Delhi,Average,No,05-06-2018,,315406,Yes
2569,SaanviSingh,Marketing,Lead,1031284,8,58,Hyderabad,Low,Yes,12-08-2022,11-07-2024,205581,No
2570,MyraMehta,Legal,Specialist,1243302,17,24,Chennai,Low,No,08-01-2022,,135922,Yes
2571,SaanviKapoor,Legal,Manager,1430970,12,36,Hyderabad,High,No,22-03-2018,,263399,Yes
2572,NavyaMehta,Legal,Lead,1207260,1,42,Chennai,High,Yes,17-04-2020,02-09-2024,129696,No
2573,NavyaIyer,Finance,Analyst,1259238,10,56,Delhi,Average,No,19-04-2020,,297446,Yes
2574,DiyaIyer,Finance,Lead,1880442,5,54,Hyderabad,Average,Yes,06-04-2024,26-12-2027,193744,Yes
2575,ArjunSharma,Finance,Manager,368902,13,35,Hyderabad,High,No,28-01-2022,,18520,No
2576,NavyaSingh,IT,Specialist,561995,18,59,Delhi,Average,Yes,30-09-2018,28-10-2022,119639,Yes
2577,AnikaReddy,IT,Executive,950561,13,33,Kolkata,Average,No,01-04-2017,,117930,No
2578,NavyaReddy,Finance,Specialist,1130728,12,29,Hyderabad,Average,No,10-07-2015,,170752,Yes
2579,ArjunIyer,Marketing,Specialist,1695181,4,29,Chennai,Low,Yes,27-11-2022,17-09-2026,261129,Yes
2580,MyraKapoor,IT,Analyst,1204802,14,53,Delhi,High,No,21-12-2022,,252646,Yes
2581,AadhyaPatel,IT,Manager,680545,13,39,Mumbai,High,No,24-05-2016,,131197,No
2582,NavyaSingh,Finance,Specialist,1821498,16,48,Delhi,High,No,05-10-2022,,268579,No
2583,KrishnaGupta,Finance,Lead,1630264,18,53,Bangalore,High,No,10-03-2016,,163787,No
2584,IraSharma,Operations,Specialist,832822,10,25,Kolkata,High,Yes,18-06-2019,27-05-2022,58918,Yes
2585,AnikaGupta,IT,Analyst,632809,11,33,Hyderabad,Low,Yes,06-06-2022,12-07-2026,62835,Yes
2586,AdityaNair,Sales,Consultant,1130291,16,40,Bangalore,Average,No,01-08-2021,,217226,Yes
2587,KiaraGupta,Sales,Manager,613146,14,54,Bangalore,Average,Yes,27-10-2023,03-07-2028,104404,Yes
2588,MyraSingh,Operations,Consultant,962301,16,24,Kolkata,Average,Yes,24-01-2017,21-12-2021,150469,Yes
2589,AdityaIyer,IT,Manager,689838,8,44,Pune,Average,No,10-09-2024,,96990,Yes
2590,AdityaGupta,Legal,Executive,1004406,15,45,Hyderabad,High,No,11-04-2019,,83794,Yes
2591,IraVerma,HR,Analyst,1223404,8,35,Chennai,High,Yes,13-11-2023,31-10-2027,182073,Yes
2592,VihaanSingh,Operations,Executive,894199,8,26,Chennai,Low,No,19-02-2023,,84753,Yes
2593,AdityaReddy,IT,Specialist,1661275,7,35,Delhi,High,Yes,28-07-2019,10-03-2020,373308,No
2594,AyaanIyer,HR,Lead,811530,17,55,Mumbai,Low,Yes,28-04-2018,25-11-2018,156474,Yes
2595,KiaraVerma,Legal,Lead,1788253,5,41,Bangalore,High,Yes,04-03-2022,29-04-2026,394660,Yes
2596,IraPatel,Finance,Lead,1083601,19,49,Chennai,Average,No,19-09-2023,,226625,No
2597,AyaanGupta,Admin,Specialist,1648980,16,38,Chennai,High,Yes,24-10-2021,14-10-2024,240434,No
2598,DiyaGupta,Marketing,Analyst,467429,11,31,Hyderabad,Low,No,28-02-2019,,92359,Yes
2599,RiyaKapoor,IT,Specialist,1009427,8,21,Mumbai,Average,Yes,19-06-2021,14-02-2024,183470,Yes
2600,AdityaSharma,Marketing,Analyst,569556,8,39,Delhi,Low,No,25-02-2019,,71989,No
2601,AyaanGupta,Finance,Specialist,788141,19,39,Bangalore,Low,No,28-01-2020,,59471,No
2602,KrishnaKapoor,Sales,Analyst,614170,6,56,Kolkata,Low,No,23-01-2019,,77163,Yes
2603,SaanviPatel,Legal,Executive,493805,1,53,Pune,Average,No,17-12-2022,,80982,Yes
2604,AnikaKapoor,Sales,Consultant,407537,19,55,Bangalore,Average,Yes,06-10-2018,15-08-2022,97070,No
2605,SaiReddy,Sales,Specialist,856341,12,29,Kolkata,High,No,08-10-2017,,188446,No
2606,ArjunKapoor,HR,Analyst,1237004,15,52,Bangalore,Low,No,13-01-2019,,146812,No
2607,KrishnaSharma,Legal,Analyst,1825338,5,54,Hyderabad,High,No,23-12-2020,,173361,No
2608,AdityaReddy,Legal,Manager,459383,13,48,Mumbai,High,Yes,15-02-2015,13-02-2019,34671,Yes
2609,RiyaSharma,Operations,Analyst,778078,0,27,Delhi,Low,No,11-01-2022,,112398,No
2610,AaravSingh,Finance,Manager,737488,19,57,Delhi,Low,Yes,05-03-2023,10-12-2025,47939,No
2611,NavyaNair,Finance,Lead,815973,2,59,Pune,Low,Yes,19-09-2024,24-12-2025,132692,No
2612,IshaanIyer,Legal,Executive,693496,8,26,Pune,High,Yes,12-06-2023,15-03-2025,81100,Yes
2613,AaravNair,Operations,Manager,1400413,19,56,Bangalore,Average,Yes,12-02-2024,22-03-2026,202757,Yes
2614,AaravVerma,IT,Manager,1664236,9,29,Hyderabad,Average,No,01-04-2020,,194895,Yes
2615,AaravGupta,Legal,Consultant,311153,14,52,Delhi,Low,No,12-02-2015,,55929,Yes
2616,AnanyaMehta,IT,Analyst,600717,14,34,Kolkata,High,No,07-12-2018,,137066,No
2617,RiyaReddy,HR,Specialist,448850,8,57,Bangalore,Low,No,15-09-2020,,57412,Yes
2618,KiaraMehta,IT,Specialist,480371,3,38,Chennai,High,Yes,11-12-2015,09-06-2020,58378,No
2619,AnikaReddy,HR,Manager,1129958,7,44,Pune,Low,Yes,16-05-2018,24-11-2020,273967,Yes
2620,SaanviPatel,Sales,Analyst,1413945,16,42,Kolkata,High,Yes,16-10-2019,29-11-2021,208905,Yes
2621,AnikaVerma,HR,Analyst,254583,13,35,Bangalore,Low,Yes,11-04-2015,01-09-2018,31482,Yes
2622,AadhyaSharma,Marketing,Executive,1307839,19,48,Delhi,High,No,03-02-2024,,181513,Yes
2623,AyaanReddy,IT,Lead,1106906,8,56,Bangalore,Average,Yes,06-12-2017,25-05-2021,181946,No
2624,AnikaReddy,IT,Executive,1316380,0,28,Bangalore,Average,Yes,13-08-2024,22-07-2025,204970,Yes
2625,VivaanNair,Admin,Lead,1336469,17,42,Chennai,Low,Yes,06-07-2016,15-05-2019,293403,No
2626,AnikaNair,HR,Executive,1928177,4,54,Chennai,Average,No,05-04-2018,,415309,No
2627,KrishnaSharma,Sales,Specialist,1007662,6,57,Chennai,Average,Yes,18-09-2023,25-02-2026,86823,Yes
2628,ReyanshSingh,Marketing,Analyst,1982478,9,44,Chennai,High,No,25-06-2023,,388818,Yes
2629,AaravSharma,Legal,Specialist,237869,9,37,Hyderabad,Average,Yes,11-04-2021,15-10-2023,33034,No
2630,AnanyaSharma,Sales,Manager,528396,8,27,Pune,Average,Yes,08-09-2019,03-08-2023,52341,Yes
2631,IraMehta,Legal,Analyst,1863573,6,29,Bangalore,Low,No,05-09-2020,,364406,Yes
2632,IshaanVerma,Admin,Lead,1524112,19,27,Bangalore,Low,Yes,05-12-2024,06-08-2027,209450,Yes
2633,AnikaGupta,Sales,Manager,1082622,19,59,Bangalore,Average,Yes,01-06-2021,25-09-2023,183568,Yes
2634,AaravSharma,HR,Consultant,1147176,12,59,Hyderabad,High,Yes,27-09-2018,06-05-2021,158183,No
2635,AyaanSharma,Legal,Lead,248737,7,38,Bangalore,Low,Yes,18-10-2019,15-01-2021,61780,Yes
2636,VihaanVerma,Legal,Specialist,382075,9,22,Hyderabad,Low,Yes,26-09-2019,13-01-2024,33852,Yes
2637,IshaanReddy,Admin,Analyst,1994662,11,52,Kolkata,High,No,11-08-2022,,396760,No
2638,AnikaGupta,Finance,Manager,420013,3,46,Chennai,High,No,05-02-2015,,58220,No
2639,SaiNair,HR,Manager,1152064,16,27,Kolkata,Low,No,09-04-2017,,79779,Yes
2640,AaravGupta,Admin,Analyst,1679748,18,59,Bangalore,High,Yes,10-08-2021,26-05-2025,328502,Yes
2641,KrishnaIyer,Admin,Executive,887055,7,59,Pune,High,Yes,08-05-2017,14-01-2022,211150,Yes
2642,KiaraVerma,Finance,Analyst,1715697,13,34,Kolkata,Low,Yes,22-12-2023,09-09-2026,152842,Yes
2643,SaiMehta,Legal,Consultant,1971246,14,52,Mumbai,Low,Yes,23-03-2015,31-01-2018,228300,Yes
2644,DiyaKapoor,Finance,Lead,819113,19,30,Chennai,Average,Yes,09-06-2023,10-07-2028,180410,No
2645,AnikaVerma,Legal,Executive,257788,7,21,Kolkata,Low,No,21-07-2019,,63462,Yes
2646,MyraReddy,Operations,Lead,612230,8,36,Chennai,Low,No,22-06-2024,,104553,No
2647,IraGupta,Finance,Specialist,1475286,10,45,Chennai,High,Yes,13-08-2024,20-04-2027,302773,Yes
2648,AnanyaMehta,Admin,Lead,547786,19,37,Kolkata,High,Yes,28-08-2019,27-03-2020,45510,Yes
2649,MyraNair,IT,Lead,1513107,0,52,Chennai,Average,Yes,05-12-2019,29-04-2021,212302,No
2650,AnanyaPatel,HR,Consultant,290450,5,59,Delhi,High,Yes,01-06-2024,04-06-2025,44467,Yes
2651,IraGupta,HR,Executive,1327167,9,30,Mumbai,High,Yes,06-04-2023,12-04-2027,239244,No
2652,MyraGupta,Sales,Manager,1347328,16,50,Pune,Low,Yes,04-03-2017,30-11-2018,143709,No
2653,AdityaPatel,Marketing,Specialist,622418,16,41,Bangalore,High,Yes,06-08-2017,25-03-2021,123207,Yes
2654,NavyaVerma,Finance,Specialist,1260528,18,27,Bangalore,High,Yes,09-01-2018,01-07-2020,92673,Yes
2655,ArjunSharma,IT,Executive,488581,1,52,Pune,Low,Yes,20-11-2019,01-02-2021,92665,No
2656,ArjunMehta,IT,Manager,643172,11,55,Pune,Average,No,14-05-2024,,66890,No
2657,ArjunVerma,Sales,Analyst,957902,15,40,Pune,Low,Yes,25-03-2024,10-12-2025,142504,Yes
2658,NavyaVerma,Legal,Analyst,662753,2,29,Delhi,Average,No,03-04-2016,,80954,No
2659,ReyanshSharma,HR,Analyst,1857301,9,29,Pune,High,Yes,25-03-2015,08-12-2015,358877,No
2660,KiaraIyer,Operations,Specialist,1059029,8,25,Chennai,Low,Yes,10-11-2016,17-12-2017,195214,Yes
2661,AdityaSharma,IT,Lead,1831337,0,59,Delhi,Average,Yes,10-04-2024,27-09-2029,127076,No
2662,IshaanNair,HR,Manager,813337,5,52,Chennai,High,Yes,25-01-2024,05-11-2028,193955,Yes
2663,AaravPatel,Sales,Consultant,926262,1,51,Chennai,Average,Yes,28-03-2019,02-04-2023,115301,No
2664,SaanviGupta,IT,Lead,303845,2,22,Delhi,Low,Yes,13-06-2021,25-07-2026,34713,No
2665,IraSharma,HR,Analyst,1502306,2,42,Hyderabad,High,No,21-07-2017,,287126,No
2666,SaanviIyer,HR,Specialist,1030154,2,51,Mumbai,High,No,08-11-2019,,200313,Yes
2667,AdityaSingh,Legal,Analyst,1666559,19,54,Bangalore,Low,No,07-01-2022,,101732,No
2668,KrishnaPatel,HR,Specialist,404739,19,29,Hyderabad,Average,Yes,14-08-2016,22-05-2020,61215,No
2669,RiyaMehta,Sales,Lead,1237763,8,58,Hyderabad,Average,Yes,14-02-2018,26-10-2021,91996,No
2670,RiyaNair,IT,Specialist,677698,4,36,Mumbai,Low,Yes,11-09-2021,08-10-2025,111813,No
2671,ArjunNair,Finance,Executive,1413837,5,41,Bangalore,Low,No,31-03-2019,,205076,Yes
2672,AadhyaGupta,Operations,Consultant,695521,7,21,Chennai,High,No,13-05-2017,,155605,No
2673,ArjunVerma,HR,Lead,512946,4,50,Pune,Average,Yes,11-03-2021,30-03-2024,39222,No
2674,ArjunMehta,Marketing,Consultant,1238470,17,22,Delhi,High,No,19-08-2018,,75206,No
2675,AyaanMehta,Operations,Manager,541180,8,34,Mumbai,High,No,24-01-2016,,38366,No
2676,SaiReddy,HR,Analyst,531012,10,25,Chennai,Low,Yes,20-09-2023,18-08-2026,80797,Yes
2677,KrishnaMehta,HR,Consultant,750162,1,37,Mumbai,Low,Yes,23-07-2015,19-10-2018,138467,No
2678,NavyaIyer,Legal,Executive,1567753,17,38,Bangalore,High,No,04-03-2016,,280865,No
2679,KiaraNair,Marketing,Specialist,1489783,15,38,Bangalore,Average,No,16-05-2018,,372246,No
2680,AnanyaMehta,Operations,Manager,334278,11,54,Hyderabad,Average,No,13-01-2022,,66159,No
2681,SaanviNair,Legal,Executive,458946,18,55,Hyderabad,Low,No,02-04-2023,,111247,Yes
2682,AdityaGupta,Operations,Analyst,1802028,18,38,Bangalore,Low,Yes,27-08-2016,18-10-2019,236121,No
2683,RiyaPatel,Finance,Analyst,758227,2,39,Mumbai,Average,Yes,17-02-2018,01-07-2023,162143,No
2684,DiyaSingh,Legal,Specialist,1505021,12,50,Bangalore,Average,Yes,10-06-2022,29-08-2023,220196,Yes
2685,AyaanSharma,Admin,Analyst,809003,0,30,Mumbai,Low,No,03-01-2022,,61805,Yes
2686,KrishnaGupta,Legal,Executive,1335686,18,44,Kolkata,Average,Yes,27-10-2020,30-10-2021,210556,No
2687,MyraSingh,Sales,Manager,959987,19,24,Kolkata,Low,No,18-02-2019,,105593,Yes
2688,IshaanReddy,Marketing,Manager,1136232,11,43,Pune,Low,No,04-08-2021,,268020,No
2689,AyaanIyer,Sales,Executive,1480956,10,31,Pune,Low,Yes,05-11-2024,26-12-2029,313044,Yes
2690,IraKapoor,Operations,Manager,228669,17,38,Mumbai,Low,Yes,13-01-2022,15-02-2023,15160,No
2691,MyraIyer,Finance,Lead,225741,14,36,Bangalore,Average,Yes,18-03-2019,03-08-2021,41921,Yes
2692,DiyaPatel,IT,Specialist,1523038,11,33,Chennai,Average,No,21-10-2016,,141567,No
2693,IraSharma,Finance,Specialist,204642,9,53,Mumbai,High,Yes,27-03-2021,27-05-2022,45960,Yes
2694,NavyaNair,Operations,Consultant,1667836,19,23,Kolkata,Low,Yes,31-10-2024,16-07-2026,341955,No
2695,KiaraIyer,IT,Lead,273820,6,22,Hyderabad,Average,No,10-12-2022,,46080,No
2696,ReyanshMehta,Admin,Executive,1914927,9,56,Delhi,Average,Yes,20-02-2016,17-03-2018,334084,Yes
2697,DiyaGupta,Admin,Lead,431789,8,31,Delhi,Low,No,31-03-2022,,49224,No
2698,NavyaSharma,HR,Executive,794608,1,23,Mumbai,Average,Yes,20-08-2020,03-06-2023,95614,Yes
2699,AdityaPatel,IT,Analyst,692665,14,31,Hyderabad,High,Yes,16-04-2019,14-10-2020,70728,Yes
2700,AadhyaSharma,Marketing,Manager,377375,19,48,Chennai,High,Yes,27-11-2015,13-07-2020,83683,Yes
2701,SaanviKapoor,Finance,Specialist,1274106,4,30,Mumbai,Low,Yes,14-02-2022,19-03-2025,281056,Yes
2702,ReyanshNair,Operations,Analyst,692049,12,25,Pune,Low,No,01-03-2024,,158762,Yes
2703,AaravSingh,IT,Lead,1819530,17,58,Pune,High,No,05-07-2022,,353603,Yes
2704,DiyaGupta,Operations,Lead,1748757,16,42,Bangalore,High,Yes,16-05-2020,13-03-2022,142963,Yes
2705,ArjunGupta,IT,Consultant,1566435,13,56,Pune,Average,Yes,19-02-2023,05-08-2024,256687,Yes
2706,NavyaSingh,IT,Executive,1190533,8,41,Bangalore,Average,No,11-04-2017,,131012,Yes
2707,DiyaMehta,IT,Manager,1627705,7,24,Hyderabad,Average,Yes,17-10-2022,20-12-2027,267387,No
2708,VivaanIyer,Legal,Executive,1536728,4,26,Delhi,High,No,02-12-2019,,98423,Yes
2709,NavyaGupta,Legal,Lead,621128,14,56,Hyderabad,Low,Yes,20-11-2019,03-12-2024,134870,Yes
2710,SaanviSharma,Finance,Executive,1049735,14,35,Hyderabad,Low,Yes,07-11-2016,05-06-2020,239496,No
2711,VihaanReddy,Sales,Lead,1121594,18,48,Pune,High,Yes,22-09-2018,11-08-2020,169577,Yes
2712,IraNair,Marketing,Lead,994814,10,35,Kolkata,Average,No,02-11-2024,,177373,No
2713,ReyanshReddy,Admin,Analyst,675197,2,38,Mumbai,Low,Yes,09-01-2021,07-04-2023,102992,Yes
2714,ArjunGupta,IT,Consultant,1082517,17,35,Chennai,Low,Yes,01-05-2016,28-06-2021,254191,No
2715,KrishnaGupta,Operations,Lead,223027,9,33,Pune,High,Yes,09-12-2024,24-11-2025,42499,Yes
2716,SaiReddy,Legal,Executive,258334,3,23,Hyderabad,Low,No,05-05-2024,,14671,Yes
2717,DiyaSharma,Legal,Manager,941187,0,35,Kolkata,High,No,16-12-2017,,64650,Yes
2718,AdityaVerma,HR,Analyst,1387462,18,21,Hyderabad,High,No,20-03-2024,,73722,No
2719,VihaanMehta,HR,Specialist,326745,11,32,Pune,Average,Yes,29-11-2015,11-11-2019,33806,No
2720,VihaanKapoor,Operations,Manager,574557,11,40,Delhi,High,Yes,07-11-2019,27-08-2023,94736,Yes
2721,SaanviGupta,Legal,Consultant,1607539,8,54,Delhi,High,No,17-03-2017,,309621,No
2722,AyaanSingh,Admin,Consultant,1226923,4,21,Bangalore,Average,Yes,10-07-2021,23-04-2025,102285,No
2723,KrishnaIyer,HR,Analyst,785233,12,49,Bangalore,Average,Yes,27-07-2021,30-05-2026,175239,Yes
2724,AdityaReddy,Finance,Specialist,1520431,9,56,Pune,Average,Yes,13-02-2019,07-03-2022,152821,Yes
2725,AnikaReddy,Operations,Specialist,1099105,16,51,Bangalore,Low,Yes,15-03-2022,08-01-2024,114738,No
2726,AnikaMehta,Operations,Specialist,701525,14,57,Chennai,Average,No,18-01-2022,,47855,Yes
2727,VivaanIyer,HR,Manager,1483224,5,22,Delhi,Average,Yes,07-08-2015,28-08-2020,153563,No
2728,SaiSharma,Finance,Lead,944875,18,22,Kolkata,High,No,03-01-2024,,131094,Yes
2729,ArjunVerma,IT,Analyst,911182,19,54,Delhi,Low,Yes,03-10-2021,25-03-2023,95463,No
2730,RiyaNair,Admin,Lead,828556,11,55,Chennai,High,No,15-05-2018,,104666,No
2731,VivaanSingh,Admin,Manager,1753672,12,43,Delhi,Low,No,05-07-2023,,252611,No
2732,IraMehta,Finance,Lead,1890882,1,39,Kolkata,Low,Yes,12-07-2017,19-02-2018,339100,No
2733,SaanviSharma,Admin,Analyst,917804,6,32,Pune,High,No,07-02-2024,,132272,No
2734,DiyaMehta,Sales,Consultant,1616642,14,44,Pune,High,No,11-10-2024,,271119,Yes
2735,VihaanSingh,Finance,Consultant,1509764,18,24,Kolkata,Average,No,30-06-2017,,339693,No
2736,ReyanshSharma,Operations,Manager,290629,5,55,Mumbai,Low,Yes,04-03-2021,20-07-2023,60412,Yes
2737,SaiVerma,Finance,Analyst,646850,9,53,Kolkata,Low,No,21-05-2020,,115348,No
2738,SaanviPatel,Marketing,Lead,258249,0,56,Pune,Average,No,20-08-2017,,35308,No
2739,AaravSharma,HR,Manager,955640,11,33,Hyderabad,High,No,25-10-2016,,225190,No
2740,IshaanPatel,Legal,Specialist,1855775,12,57,Hyderabad,Average,No,20-05-2024,,447818,No
2741,IshaanVerma,Legal,Manager,656395,18,41,Hyderabad,Average,No,19-12-2017,,37381,Yes
2742,KrishnaReddy,HR,Executive,1112234,5,29,Hyderabad,Low,No,12-01-2019,,256297,No
2743,AyaanIyer,Sales,Executive,399245,5,21,Chennai,High,No,06-05-2024,,89121,No
2744,AnikaNair,IT,Specialist,1200778,2,26,Hyderabad,Low,Yes,06-01-2015,31-01-2016,98999,No
2745,ArjunSingh,Legal,Manager,1744449,9,43,Bangalore,Low,Yes,17-04-2017,20-01-2021,127834,No
2746,AnikaIyer,HR,Manager,1719645,13,57,Bangalore,Average,Yes,14-12-2017,13-08-2022,136661,Yes
2747,NavyaGupta,Admin,Specialist,1466792,11,42,Pune,Low,No,12-03-2024,,323946,No
2748,AyaanVerma,Operations,Lead,1613268,15,40,Bangalore,High,No,04-06-2021,,199345,No
2749,DiyaPatel,Legal,Consultant,774065,18,52,Hyderabad,Low,No,04-03-2021,,66334,No
2750,KrishnaPatel,Sales,Analyst,404750,17,24,Pune,Average,Yes,05-10-2017,27-02-2020,40652,No
2751,RiyaVerma,Legal,Lead,387150,13,23,Chennai,High,Yes,21-12-2022,15-11-2026,44839,Yes
2752,KrishnaPatel,Admin,Analyst,1338773,13,37,Mumbai,High,No,20-07-2023,,197019,No
2753,KrishnaSharma,IT,Manager,355647,14,21,Mumbai,Low,No,10-12-2015,,32757,No
2754,ArjunSingh,Admin,Consultant,1756299,9,51,Mumbai,High,No,24-09-2015,,430985,Yes
2755,AyaanGupta,Finance,Executive,368828,8,34,Kolkata,High,No,03-07-2017,,33153,Yes
2756,VivaanGupta,Finance,Specialist,313123,6,46,Kolkata,Low,No,07-06-2023,,36061,No
2757,IshaanKapoor,Operations,Manager,1529362,14,50,Bangalore,High,No,13-05-2019,,163151,No
2758,AnanyaIyer,IT,Manager,1377209,11,24,Delhi,Low,Yes,24-07-2024,01-08-2027,104180,Yes
2759,IshaanPatel,Legal,Analyst,389637,14,56,Hyderabad,Low,Yes,05-09-2022,01-08-2026,80548,Yes
2760,AnikaSharma,HR,Manager,549207,14,38,Pune,Average,Yes,06-12-2015,08-08-2017,70257,Yes
2761,VihaanMehta,Admin,Analyst,253533,0,42,Kolkata,Average,No,29-04-2017,,58396,No
2762,ReyanshReddy,Operations,Consultant,1372058,15,32,Pune,Average,Yes,17-12-2019,26-03-2024,250024,No
2763,AdityaSingh,Sales,Executive,313076,12,47,Bangalore,High,No,30-11-2020,,42717,No
2764,ReyanshPatel,Operations,Specialist,958961,7,51,Hyderabad,Low,Yes,06-07-2018,18-05-2022,124941,Yes
2765,AyaanKapoor,Operations,Executive,1056665,5,48,Mumbai,Average,Yes,12-12-2016,12-06-2020,142350,Yes
2766,AadhyaGupta,IT,Executive,965127,18,58,Kolkata,Low,Yes,15-10-2022,14-12-2027,133215,No
2767,KiaraPatel,IT,Analyst,521289,16,21,Hyderabad,Low,Yes,12-01-2017,11-11-2021,91510,Yes
2768,IshaanMehta,Admin,Consultant,1157122,18,57,Chennai,Average,No,21-02-2024,,183704,Yes
2769,VivaanKapoor,Operations,Consultant,459711,2,26,Pune,Low,No,05-08-2023,,69141,No
2770,AnikaSharma,IT,Consultant,1991624,18,48,Delhi,High,No,13-09-2017,,190470,No
2771,IshaanVerma,Admin,Analyst,1280362,13,26,Mumbai,Low,No,29-08-2019,,205824,Yes
2772,AnanyaSharma,IT,Manager,605486,8,37,Chennai,Average,Yes,08-09-2022,04-11-2026,70055,Yes
2773,SaiKapoor,Marketing,Specialist,1500637,0,45,Hyderabad,Average,Yes,23-02-2023,29-01-2025,343885,No
2774,AnanyaGupta,Sales,Manager,1156996,18,28,Mumbai,High,Yes,19-03-2020,06-07-2021,199538,Yes
2775,AaravGupta,HR,Manager,1679606,14,56,Bangalore,Average,Yes,05-04-2024,24-09-2027,310458,Yes
2776,ReyanshSharma,Sales,Executive,1768333,4,50,Mumbai,Low,No,08-02-2015,,141429,No
2777,KiaraIyer,Finance,Consultant,730553,15,27,Pune,Low,No,12-08-2021,,72447,No
2778,DiyaSharma,Admin,Specialist,583898,12,55,Mumbai,Average,No,26-07-2015,,57760,No
2779,AyaanSharma,IT,Analyst,1967942,17,40,Pune,Average,Yes,03-09-2023,29-10-2027,347826,Yes
2780,AdityaGupta,Sales,Consultant,728671,6,40,Chennai,High,No,29-04-2017,,43341,No
2781,SaiMehta,HR,Manager,1992563,18,42,Bangalore,High,Yes,25-02-2022,13-04-2023,288958,Yes
2782,ArjunKapoor,Marketing,Specialist,1512628,10,38,Delhi,High,Yes,14-08-2019,05-12-2024,79019,Yes
2783,KiaraGupta,IT,Consultant,453928,8,27,Kolkata,Low,No,14-05-2020,,59933,Yes
2784,DiyaSharma,Admin,Consultant,240449,3,34,Hyderabad,Average,No,01-02-2015,,13892,Yes
2785,IraIyer,Operations,Analyst,1620785,18,34,Hyderabad,Low,Yes,11-08-2019,19-10-2021,390368,No
2786,VivaanNair,Operations,Consultant,1043399,13,41,Chennai,Low,No,31-03-2022,,74740,Yes
2787,IraGupta,Operations,Lead,574494,4,36,Kolkata,Low,Yes,06-01-2020,27-08-2023,45104,Yes
2788,AnanyaSingh,HR,Lead,1932968,17,55,Kolkata,High,No,30-11-2020,,353475,No
2789,SaanviKapoor,Marketing,Consultant,1392894,16,22,Bangalore,High,Yes,24-10-2018,08-01-2020,73330,Yes
2790,IraMehta,Sales,Specialist,1888255,4,54,Chennai,Low,Yes,23-11-2017,28-11-2021,261556,Yes
2791,ArjunVerma,Finance,Executive,1841218,16,34,Delhi,High,No,28-07-2022,,102236,Yes
2792,AyaanReddy,Legal,Consultant,227426,0,49,Chennai,Low,Yes,07-04-2020,05-09-2021,26828,No
2793,VivaanIyer,Marketing,Consultant,1867761,7,54,Delhi,High,Yes,18-01-2015,11-05-2019,370938,Yes
2794,DiyaVerma,Marketing,Consultant,1793103,9,32,Bangalore,Low,No,25-04-2020,,347509,Yes
2795,IraVerma,IT,Manager,209290,19,21,Mumbai,Average,No,19-05-2021,,50075,No
2796,AyaanMehta,Admin,Manager,1778013,8,57,Mumbai,Low,No,15-07-2022,,154782,No
2797,ArjunGupta,Finance,Specialist,1367950,18,47,Mumbai,Average,No,31-03-2016,,73560,No
2798,AnikaNair,Sales,Manager,1772566,14,47,Pune,High,Yes,15-07-2017,13-05-2018,354920,Yes
2799,ReyanshPatel,Marketing,Analyst,506489,9,38,Hyderabad,Low,No,15-05-2022,,102154,No
2800,NavyaSingh,Operations,Executive,1149013,2,35,Bangalore,Average,Yes,23-06-2019,15-02-2020,153892,Yes
2801,AaravReddy,Legal,Lead,1763764,16,46,Pune,Average,Yes,30-07-2019,29-08-2021,291995,No
2802,ReyanshIyer,Admin,Analyst,1029321,9,57,Chennai,High,Yes,10-01-2021,30-07-2023,240351,No
2803,AadhyaMehta,IT,Lead,1992048,13,55,Pune,Average,No,10-03-2024,,381680,Yes
2804,KrishnaGupta,Admin,Specialist,1482129,11,22,Hyderabad,Average,Yes,22-03-2023,06-07-2024,186922,Yes
2805,DiyaSingh,IT,Executive,855954,0,44,Hyderabad,Low,No,11-04-2024,,50397,No
2806,MyraVerma,IT,Lead,842531,1,39,Mumbai,Low,No,19-01-2020,,70737,Yes
2807,ArjunSingh,Marketing,Executive,986526,12,42,Delhi,Average,No,12-11-2017,,99418,Yes
2808,VivaanGupta,Operations,Analyst,689881,2,43,Kolkata,High,No,04-01-2021,,96392,Yes
2809,AadhyaMehta,Admin,Consultant,1576807,6,28,Pune,Low,No,03-04-2019,,342104,Yes
2810,RiyaPatel,IT,Executive,742618,3,35,Hyderabad,Average,Yes,15-09-2020,19-12-2025,65629,No
2811,KrishnaSingh,HR,Consultant,421437,8,27,Pune,High,No,13-08-2018,,54672,Yes
2812,ReyanshMehta,Finance,Manager,206589,3,58,Pune,High,Yes,16-11-2024,20-08-2025,14410,Yes
2813,KrishnaSingh,Sales,Consultant,1871568,12,44,Kolkata,Low,Yes,30-04-2020,05-08-2021,310874,Yes
2814,SaiGupta,Finance,Manager,1539234,11,41,Kolkata,Low,No,25-04-2021,,293712,No
2815,NavyaVerma,Operations,Lead,1704777,0,26,Mumbai,Average,No,05-04-2020,,112384,No
2816,SaanviPatel,HR,Executive,1531879,0,24,Kolkata,High,Yes,05-02-2024,12-07-2025,189930,No
2817,KrishnaKapoor,HR,Specialist,1270781,19,43,Bangalore,Average,Yes,14-06-2018,03-09-2021,308279,Yes
2818,VivaanNair,IT,Lead,502912,14,54,Chennai,Average,No,04-08-2024,,114660,No
2819,AyaanReddy,Operations,Consultant,869732,18,25,Hyderabad,High,No,23-11-2017,,210436,No
2820,SaanviPatel,Finance,Lead,1299984,2,27,Hyderabad,High,Yes,02-04-2022,16-11-2024,69602,Yes
2821,IshaanGupta,Finance,Lead,1021681,9,52,Mumbai,High,No,25-08-2023,,56186,Yes
2822,SaiVerma,Sales,Manager,596900,19,34,Delhi,Average,Yes,17-02-2021,16-12-2025,66512,Yes
2823,IshaanGupta,Marketing,Lead,1501217,12,51,Mumbai,Low,No,02-06-2017,,242211,No
2824,NavyaSingh,Finance,Executive,1956863,8,48,Hyderabad,High,No,16-04-2021,,462371,Yes
2825,AadhyaSingh,Marketing,Lead,1191348,12,30,Pune,High,Yes,18-08-2023,10-12-2025,263904,Yes
2826,NavyaMehta,Finance,Consultant,1779123,2,48,Chennai,Low,Yes,30-06-2018,22-04-2022,243055,Yes
2827,AadhyaNair,Legal,Executive,1612812,9,37,Pune,High,Yes,26-05-2019,15-05-2020,182078,Yes
2828,VivaanSharma,Operations,Manager,1419067,16,35,Pune,Low,No,14-03-2017,,181391,Yes
2829,MyraNair,Sales,Executive,308269,10,51,Delhi,Average,Yes,09-10-2023,27-09-2027,36587,No
2830,SaiPatel,Sales,Lead,302281,12,40,Mumbai,High,Yes,07-03-2017,30-11-2021,71961,No
2831,MyraGupta,Legal,Lead,1142230,17,41,Mumbai,High,Yes,22-04-2015,20-09-2017,181848,Yes
2832,KiaraNair,Legal,Manager,857739,18,53,Kolkata,Average,No,26-11-2018,,89330,Yes
2833,AyaanGupta,Sales,Lead,1538687,0,35,Chennai,Average,Yes,05-07-2023,18-11-2024,244200,Yes
2834,IraNair,Finance,Lead,1075551,13,53,Bangalore,High,Yes,27-06-2018,09-10-2021,161931,No
2835,SaiNair,Admin,Executive,656982,10,22,Mumbai,Average,No,10-12-2023,,145169,Yes
2836,AaravVerma,Sales,Manager,1173810,19,23,Pune,High,Yes,25-09-2017,05-09-2022,91805,Yes
2837,AyaanSingh,IT,Executive,1658038,4,56,Pune,High,Yes,03-02-2019,30-01-2021,154606,No
2838,SaiIyer,Finance,Lead,818657,17,21,Hyderabad,Average,Yes,22-12-2016,11-05-2021,96056,No
2839,IraIyer,Legal,Executive,204522,14,37,Pune,Low,No,24-06-2022,,14122,No
2840,AnikaGupta,HR,Consultant,1316741,7,54,Chennai,High,Yes,06-08-2020,27-02-2023,124923,No
2841,AyaanVerma,IT,Specialist,1510185,3,59,Chennai,Average,No,09-09-2024,,300100,Yes
2842,KiaraKapoor,Finance,Analyst,1088886,3,27,Chennai,Average,Yes,27-08-2017,16-09-2018,159255,No
2843,DiyaIyer,IT,Consultant,1604787,17,45,Pune,Low,Yes,27-07-2015,23-06-2016,383560,No
2844,SaanviReddy,Legal,Lead,1712709,16,59,Hyderabad,Low,No,21-04-2018,,333682,Yes
2845,ArjunReddy,Admin,Manager,1178476,19,34,Bangalore,High,Yes,25-04-2022,30-05-2024,182566,No
2846,AnanyaMehta,Marketing,Consultant,597348,17,40,Hyderabad,High,Yes,13-03-2015,14-09-2016,131247,No
2847,IshaanGupta,HR,Specialist,226296,8,39,Bangalore,High,No,09-08-2015,,50679,Yes
2848,RiyaNair,Legal,Lead,1850037,5,24,Bangalore,Low,No,26-10-2015,,189963,No
2849,IraSharma,HR,Lead,299074,0,35,Kolkata,High,No,16-07-2023,,60076,No
2850,IraPatel,Operations,Consultant,1042809,6,37,Chennai,High,No,25-06-2018,,128542,No
2851,KrishnaVerma,Sales,Lead,873019,2,50,Kolkata,High,No,01-01-2020,,65964,Yes
2852,AadhyaIyer,Sales,Analyst,987868,17,34,Kolkata,Average,No,19-07-2017,,70923,Yes
2853,SaanviSingh,Finance,Specialist,1246045,6,59,Bangalore,High,Yes,26-07-2021,20-04-2022,221684,No
2854,IshaanReddy,HR,Lead,1026862,19,34,Mumbai,High,No,04-03-2015,,228590,Yes
2855,AnanyaGupta,Finance,Executive,883098,7,49,Mumbai,Average,Yes,08-11-2022,15-03-2027,100828,No
2856,VivaanNair,Legal,Analyst,410190,16,25,Chennai,High,Yes,13-02-2018,04-08-2020,85892,Yes
2857,MyraGupta,Marketing,Lead,1623249,9,50,Kolkata,Average,No,20-10-2023,,164810,Yes
2858,AyaanSharma,Sales,Consultant,1542388,15,29,Kolkata,Low,No,17-04-2015,,94020,No
2859,IshaanKapoor,Sales,Lead,974426,12,56,Chennai,High,No,07-06-2022,,172643,No
2860,VihaanKapoor,Operations,Specialist,1286706,2,50,Kolkata,Low,Yes,18-03-2018,28-10-2019,284493,Yes
2861,KiaraReddy,HR,Executive,787453,2,42,Delhi,Low,Yes,24-05-2018,05-02-2020,89985,No
2862,SaanviNair,Finance,Lead,1826013,17,52,Kolkata,High,No,28-09-2021,,198435,Yes
2863,AaravReddy,Legal,Analyst,1413600,3,44,Delhi,High,No,12-11-2020,,240835,Yes
2864,KiaraKapoor,Marketing,Specialist,1229677,12,30,Hyderabad,High,Yes,29-01-2019,30-05-2020,175615,No
2865,AaravVerma,Admin,Manager,1580763,15,36,Hyderabad,High,Yes,07-11-2017,08-10-2018,366974,Yes
2866,VihaanMehta,Legal,Analyst,1679414,10,26,Pune,Low,Yes,21-10-2017,28-01-2023,211978,Yes
2867,KrishnaPatel,Marketing,Analyst,463672,5,48,Mumbai,High,Yes,07-12-2024,03-02-2028,60338,No
2868,IraPatel,Operations,Specialist,1662303,7,44,Chennai,Average,No,22-10-2020,,116417,Yes
2869,IshaanSharma,Legal,Manager,1833126,9,56,Kolkata,Low,Yes,17-04-2016,25-09-2021,196579,No
2870,DiyaSingh,Legal,Specialist,1012344,9,39,Mumbai,Average,No,04-04-2021,,152041,Yes
2871,SaiGupta,Finance,Lead,1025217,3,49,Delhi,Average,Yes,11-08-2015,11-10-2017,256047,Yes
2872,IshaanIyer,HR,Analyst,1394356,8,35,Hyderabad,Average,No,07-04-2017,,309088,No
2873,IshaanKapoor,Marketing,Consultant,527572,8,46,Kolkata,Average,No,05-09-2016,,86972,Yes
2874,RiyaNair,Operations,Manager,410995,16,23,Delhi,Low,Yes,20-10-2024,28-11-2025,32425,No
2875,AaravIyer,Finance,Manager,466496,16,54,Bangalore,Average,No,13-06-2023,,39401,Yes
2876,VihaanGupta,HR,Executive,734714,16,23,Pune,Low,No,15-05-2017,,90264,Yes
2877,SaiVerma,Finance,Consultant,1223612,1,54,Kolkata,Average,Yes,22-04-2023,13-08-2027,184160,Yes
2878,KiaraIyer,IT,Specialist,980371,5,45,Kolkata,Average,Yes,28-01-2016,15-09-2019,136647,No
2879,MyraReddy,Operations,Lead,705241,4,36,Bangalore,Low,Yes,03-01-2020,17-06-2021,157235,No
2880,SaiReddy,IT,Consultant,1719123,8,43,Kolkata,Average,Yes,28-06-2023,09-07-2025,126345,No
2881,VihaanKapoor,Operations,Specialist,224022,10,47,Bangalore,High,Yes,11-05-2017,22-07-2022,33402,No
2882,AdityaSharma,Operations,Executive,947157,9,43,Chennai,High,Yes,23-11-2018,19-10-2021,167843,No
2883,IshaanSingh,Finance,Analyst,1388347,3,38,Hyderabad,Average,No,11-11-2022,,173610,No
2884,IraMehta,Operations,Consultant,1831329,1,56,Mumbai,Average,Yes,29-10-2019,21-12-2024,288215,No
2885,KiaraKapoor,Marketing,Executive,275937,15,31,Kolkata,Average,Yes,17-12-2016,29-07-2020,49782,No
2886,AnikaPatel,Admin,Manager,1839873,1,49,Bangalore,Average,Yes,10-06-2020,01-10-2025,136548,Yes
2887,AnanyaMehta,Admin,Lead,1923580,2,40,Chennai,Low,Yes,16-06-2020,19-04-2024,315248,Yes
2888,VihaanKapoor,Sales,Specialist,1646846,9,21,Delhi,Low,Yes,28-04-2021,07-02-2026,316242,Yes
2889,NavyaSingh,IT,Specialist,1664275,17,41,Delhi,High,No,29-02-2024,,319067,Yes
2890,MyraVerma,Operations,Manager,1853201,19,49,Hyderabad,High,No,20-06-2016,,357317,Yes
2891,AaravPatel,Legal,Manager,768061,18,21,Bangalore,High,Yes,01-03-2023,14-01-2026,191159,No
2892,SaiVerma,Admin,Consultant,1151463,16,41,Bangalore,Average,No,24-08-2020,,67425,Yes
2893,AnanyaMehta,Admin,Lead,1965679,6,52,Delhi,Low,Yes,01-11-2015,30-11-2016,112705,No
2894,AadhyaIyer,Sales,Analyst,718943,3,21,Bangalore,Average,No,07-11-2021,,170514,Yes
2895,IraIyer,Legal,Manager,832465,14,26,Chennai,Average,Yes,25-12-2017,29-05-2022,127747,No
2896,AyaanMehta,Legal,Manager,968278,10,28,Chennai,High,No,26-10-2016,,171201,No
2897,AadhyaPatel,Operations,Executive,844240,17,47,Chennai,High,Yes,30-12-2021,15-07-2023,43621,Yes
2898,VihaanSharma,Operations,Specialist,214990,9,54,Mumbai,High,Yes,09-06-2021,24-01-2026,53179,Yes
2899,AnanyaGupta,Finance,Consultant,1669065,4,46,Delhi,High,No,05-08-2022,,309798,No
2900,IshaanGupta,Marketing,Specialist,988797,12,29,Bangalore,High,No,01-03-2024,,188742,No
2901,AnikaReddy,Admin,Manager,1392555,4,44,Chennai,Average,No,15-09-2023,,311961,No
2902,AnikaReddy,IT,Lead,1588475,15,50,Pune,Low,Yes,25-05-2017,04-11-2018,339365,Yes
2903,ArjunVerma,Admin,Consultant,1406928,3,34,Chennai,Average,Yes,29-02-2024,25-11-2024,235625,Yes
2904,IshaanKapoor,Sales,Consultant,1779872,11,52,Chennai,Average,Yes,27-03-2019,26-01-2020,328621,No
2905,AaravReddy,Marketing,Analyst,776380,3,37,Bangalore,Low,No,05-10-2018,,81957,Yes
2906,AadhyaIyer,IT,Lead,1172461,3,58,Hyderabad,High,Yes,28-07-2016,27-05-2021,228857,Yes
2907,SaiMehta,HR,Manager,736567,3,55,Chennai,High,No,16-08-2021,,179273,No
2908,MyraVerma,Finance,Lead,1864278,6,28,Mumbai,High,No,13-04-2017,,175985,Yes
2909,KrishnaReddy,HR,Executive,609336,19,56,Pune,High,Yes,27-01-2020,23-09-2023,82892,Yes
2910,KiaraIyer,HR,Analyst,1091354,3,43,Bangalore,Low,No,02-07-2015,,233094,No
2911,AnikaMehta,Sales,Analyst,1288302,7,27,Delhi,High,No,04-04-2021,,106862,Yes
2912,KiaraSharma,Operations,Manager,879590,17,38,Mumbai,High,No,12-05-2023,,191590,Yes
2913,VihaanVerma,Sales,Lead,718982,6,25,Delhi,Low,Yes,24-09-2020,23-09-2022,73498,Yes
2914,AnikaIyer,Marketing,Manager,401703,7,30,Pune,Average,No,19-07-2024,,55008,Yes
2915,AyaanNair,HR,Lead,935566,14,40,Delhi,High,No,04-11-2017,,199101,Yes
2916,NavyaVerma,HR,Analyst,1388317,7,51,Bangalore,Low,Yes,12-08-2021,01-03-2023,313967,No
2917,ReyanshIyer,Sales,Specialist,1631929,19,35,Delhi,Average,No,06-06-2019,,120763,Yes
2918,SaanviNair,IT,Specialist,1202663,13,48,Delhi,Low,No,08-08-2023,,125801,No
2919,AnikaMehta,Sales,Analyst,1478208,1,52,Mumbai,High,Yes,18-10-2023,02-08-2027,307260,Yes
2920,AnanyaKapoor,Operations,Specialist,1538519,3,44,Delhi,Average,No,04-03-2024,,300504,No
2921,AyaanVerma,Operations,Specialist,1568980,19,36,Kolkata,Average,Yes,15-10-2020,23-11-2022,274391,No
2922,AnikaGupta,Operations,Analyst,1975384,11,21,Kolkata,Low,Yes,03-02-2016,16-10-2019,349609,No
2923,IshaanMehta,Legal,Consultant,1670160,19,24,Chennai,Low,Yes,10-06-2020,24-07-2025,123214,Yes
2924,IraIyer,IT,Specialist,431944,0,53,Delhi,Low,No,06-12-2015,,47330,No
2925,AadhyaSharma,Operations,Manager,1579829,9,54,Bangalore,Low,Yes,07-02-2019,04-02-2024,96571,No
2926,KrishnaPatel,Finance,Consultant,1935359,8,37,Pune,Average,Yes,26-10-2023,06-09-2027,275025,Yes
2927,VihaanSingh,Admin,Analyst,852739,3,48,Pune,Low,No,17-02-2024,,63378,No
2928,AadhyaPatel,HR,Analyst,649047,10,30,Delhi,Low,Yes,20-08-2022,26-04-2025,44908,Yes
2929,ArjunIyer,Sales,Executive,857129,6,39,Bangalore,Low,No,29-12-2018,,213519,No
2930,ReyanshNair,IT,Lead,326259,14,57,Kolkata,Low,No,11-01-2016,,17032,No
2931,KrishnaIyer,Finance,Lead,1435147,10,57,Kolkata,High,Yes,31-10-2015,08-05-2019,334369,No
2932,ReyanshSharma,Legal,Lead,1980843,4,32,Kolkata,Low,No,06-08-2022,,432714,No
2933,SaanviPatel,HR,Lead,1378556,5,43,Mumbai,Low,No,19-04-2018,,96068,No
2934,KrishnaReddy,Operations,Executive,1989315,12,34,Kolkata,High,Yes,15-03-2016,12-01-2020,284818,No
2935,MyraIyer,IT,Specialist,1867106,16,52,Delhi,Average,No,22-05-2023,,349549,Yes
2936,AaravNair,Finance,Executive,478796,15,25,Kolkata,Average,No,11-10-2018,,73534,Yes
2937,ReyanshPatel,Sales,Lead,1421996,9,46,Chennai,High,Yes,18-04-2023,17-08-2024,124535,No
2938,ReyanshKapoor,Admin,Specialist,444348,19,40,Pune,High,No,13-04-2015,,37626,Yes
2939,AyaanMehta,Legal,Analyst,1234938,12,34,Kolkata,Average,No,17-05-2020,,95370,Yes
2940,KrishnaVerma,Sales,Consultant,730901,17,49,Delhi,High,Yes,10-10-2021,02-12-2026,53729,Yes
2941,DiyaMehta,Legal,Executive,746356,1,23,Mumbai,High,Yes,09-03-2015,17-03-2019,138592,No
2942,ArjunReddy,Marketing,Manager,1928819,1,32,Delhi,Average,Yes,22-07-2021,28-12-2022,423243,Yes
2943,AyaanVerma,HR,Consultant,1008534,0,24,Pune,Average,No,12-02-2021,,160986,No
2944,ArjunSharma,Marketing,Analyst,1823639,11,51,Delhi,Low,Yes,15-09-2023,17-09-2027,316830,No
2945,AnikaPatel,Finance,Lead,1634953,16,22,Mumbai,Low,No,08-04-2022,,208343,No
2946,AyaanKapoor,Finance,Executive,351171,18,31,Chennai,Average,No,14-03-2018,,78002,Yes
2947,ArjunGupta,Marketing,Lead,1388037,8,25,Hyderabad,Low,No,22-08-2023,,199286,Yes
2948,SaanviPatel,Legal,Manager,792328,7,51,Mumbai,Low,No,12-05-2021,,130394,Yes
2949,IraPatel,IT,Manager,840245,5,23,Bangalore,Low,No,05-04-2023,,172203,Yes
2950,SaiNair,Finance,Executive,259395,6,25,Chennai,High,Yes,02-02-2023,12-10-2026,56430,Yes
2951,ReyanshPatel,Legal,Lead,986401,12,27,Hyderabad,Low,No,26-12-2015,,240169,Yes
2952,VivaanIyer,HR,Manager,234111,6,50,Chennai,Average,No,14-11-2024,,26545,Yes
2953,VivaanGupta,HR,Executive,240565,19,59,Chennai,Average,Yes,09-06-2020,14-06-2023,46669,No
2954,AadhyaGupta,Finance,Lead,238233,2,54,Bangalore,Low,No,21-06-2018,,33302,Yes
2955,AaravReddy,Admin,Specialist,1249586,12,21,Chennai,Average,Yes,09-07-2024,10-06-2029,283886,Yes
2956,VihaanIyer,Sales,Manager,882031,8,21,Bangalore,High,Yes,12-04-2020,24-09-2025,90715,Yes
2957,KiaraMehta,Admin,Executive,1433068,1,34,Mumbai,Low,No,21-10-2015,,186361,Yes
2958,SaiVerma,Finance,Manager,1325201,15,49,Chennai,Average,Yes,10-05-2023,05-04-2027,201467,No
2959,AdityaNair,Admin,Manager,1030989,1,52,Mumbai,Low,Yes,12-05-2017,01-03-2019,195040,No
2960,AnanyaPatel,Legal,Executive,860081,0,44,Hyderabad,Low,Yes,04-04-2020,18-05-2023,136562,Yes
2961,IraSharma,Admin,Analyst,1844698,5,47,Bangalore,Low,No,30-09-2017,,382325,Yes
2962,ArjunMehta,Marketing,Analyst,202589,1,27,Kolkata,Low,Yes,06-08-2018,08-06-2023,24623,No
2963,ArjunVerma,Legal,Executive,918687,10,34,Mumbai,Average,Yes,30-07-2017,23-08-2019,118698,Yes
2964,AnikaPatel,Finance,Manager,1622831,2,30,Pune,High,Yes,08-01-2016,21-12-2018,289161,No
2965,IshaanIyer,Admin,Manager,1204354,6,30,Hyderabad,High,Yes,15-03-2023,30-12-2024,182999,Yes
2966,SaiNair,Operations,Analyst,1356013,10,53,Delhi,Low,Yes,22-09-2017,11-06-2020,72499,No
2967,AadhyaVerma,Admin,Lead,1074261,4,55,Kolkata,Average,Yes,02-11-2021,08-02-2025,192680,Yes
2968,KrishnaReddy,Operations,Lead,1858930,16,38,Chennai,Average,Yes,19-03-2019,01-05-2020,301713,No
2969,VivaanGupta,Finance,Executive,1225926,0,26,Chennai,High,Yes,29-04-2017,03-08-2019,121586,No
2970,MyraSingh,Finance,Manager,841800,2,43,Kolkata,Average,No,25-09-2015,,163979,No
2971,RiyaKapoor,Legal,Analyst,1610877,17,29,Hyderabad,High,No,12-02-2020,,326756,No
2972,ArjunMehta,Admin,Specialist,1692457,16,27,Delhi,Low,No,27-02-2024,,102129,No
2973,KiaraPatel,HR,Lead,633073,1,55,Pune,Low,No,31-12-2021,,38473,Yes
2974,AnikaVerma,HR,Specialist,1647072,9,29,Bangalore,High,Yes,14-07-2020,14-03-2023,336837,Yes
2975,AadhyaPatel,HR,Executive,1422178,17,39,Hyderabad,High,Yes,22-02-2021,04-10-2021,167787,No
2976,RiyaGupta,Sales,Analyst,410704,3,46,Mumbai,Average,No,11-08-2015,,49300,No
2977,KrishnaIyer,HR,Lead,286545,17,21,Mumbai,Low,Yes,15-10-2016,05-07-2020,39041,No
2978,AnanyaPatel,Legal,Manager,1904379,1,56,Mumbai,High,Yes,27-07-2016,20-06-2017,261896,Yes
2979,AdityaGupta,Sales,Consultant,1946176,19,56,Pune,Average,Yes,17-09-2020,23-12-2021,445901,Yes
2980,DiyaReddy,HR,Manager,825329,12,30,Kolkata,Low,Yes,17-02-2018,29-01-2023,173659,Yes
2981,AaravSharma,Legal,Manager,1817805,13,31,Kolkata,Average,No,09-01-2022,,390264,No
2982,AyaanSingh,Finance,Lead,1521874,6,44,Delhi,Low,Yes,18-11-2021,12-09-2022,145017,Yes
2983,KrishnaVerma,Legal,Executive,914090,4,39,Delhi,High,Yes,13-09-2019,12-11-2024,130442,No
2984,AnikaGupta,Sales,Manager,668897,3,30,Pune,Average,Yes,21-05-2019,26-08-2020,151003,No
2985,AnikaKapoor,Admin,Consultant,1458533,10,48,Pune,High,Yes,06-06-2021,03-04-2024,252474,No
2986,AaravKapoor,Operations,Analyst,1471688,4,30,Chennai,Low,No,06-06-2019,,301563,No
2987,KrishnaNair,Sales,Executive,631508,0,23,Delhi,Low,No,10-03-2015,,51309,Yes
2988,AyaanNair,Finance,Executive,233087,16,28,Pune,Low,No,09-11-2024,,45998,Yes
2989,VihaanKapoor,Finance,Analyst,1339269,16,41,Delhi,High,No,12-10-2023,,103934,No
2990,AnanyaKapoor,IT,Lead,422182,7,29,Kolkata,Average,Yes,09-10-2019,05-11-2020,27665,Yes
2991,ReyanshPatel,HR,Executive,600337,17,30,Bangalore,Low,No,25-10-2018,,105441,Yes
2992,KrishnaNair,Legal,Executive,1756610,13,56,Hyderabad,Average,No,29-03-2019,,220242,No
2993,IshaanSingh,Marketing,Specialist,1881141,4,45,Hyderabad,Average,Yes,04-05-2023,16-11-2027,231399,Yes
2994,VihaanSharma,IT,Analyst,297847,15,46,Pune,High,Yes,28-02-2015,26-04-2017,40188,Yes
2995,MyraVerma,IT,Manager,1722905,0,28,Pune,Low,No,18-01-2016,,181911,No
2996,AaravGupta,Legal,Manager,963389,18,57,Delhi,High,No,18-07-2023,,206761,Yes
2997,IraPatel,Operations,Manager,1119580,0,43,Hyderabad,Low,No,13-05-2015,,188821,Yes
2998,AadhyaPatel,IT,Manager,942021,16,42,Bangalore,Average,Yes,26-01-2024,11-01-2029,105731,Yes
2999,IshaanVerma,IT,Lead,623751,4,51,Delhi,High,Yes,21-07-2017,27-08-2022,146466,No
3000,VihaanKapoor,Finance,Consultant,1207338,7,53,Hyderabad,Low,Yes,17-06-2019,27-10-2022,244530,No
3001,DiyaSingh,HR,Analyst,528784,12,29,Pune,Average,Yes,10-11-2018,13-10-2023,63647,Yes
3002,VivaanIyer,IT,Manager,942003,16,51,Delhi,Average,No,16-08-2020,,142996,No
3003,AaravSharma,Finance,Manager,1861442,18,29,Chennai,Low,Yes,10-01-2015,11-12-2019,140629,No
3004,AdityaSharma,Finance,Consultant,585145,14,46,Pune,Low,Yes,04-01-2022,07-04-2025,67683,Yes
3005,AnikaNair,Finance,Analyst,530429,14,45,Delhi,Low,Yes,12-06-2020,20-09-2024,37160,No
3006,MyraReddy,HR,Specialist,934391,2,37,Pune,Average,No,07-11-2018,,133733,No
3007,AyaanPatel,Marketing,Specialist,1540731,16,37,Pune,Low,No,09-05-2024,,160626,Yes
3008,ArjunIyer,Legal,Manager,1007819,18,56,Kolkata,High,No,21-10-2021,,64007,No
3009,AaravVerma,Finance,Analyst,1027530,3,34,Mumbai,Low,No,27-03-2024,,235967,No
3010,ReyanshPatel,Admin,Manager,1139536,1,28,Bangalore,Low,No,08-08-2018,,80413,No
3011,AdityaIyer,Legal,Lead,1224483,15,34,Mumbai,Low,No,21-09-2018,,288308,Yes
3012,ArjunIyer,IT,Specialist,1288003,5,21,Hyderabad,Low,No,25-05-2016,,223268,No
3013,SaanviReddy,Legal,Manager,1578162,7,23,Kolkata,Low,No,06-03-2015,,146019,Yes
3014,RiyaIyer,Legal,Lead,1227348,12,50,Hyderabad,High,No,09-01-2024,,231645,No
3015,IraIyer,Finance,Consultant,1928789,13,24,Mumbai,High,Yes,23-05-2018,20-02-2020,414092,Yes
3016,DiyaSharma,HR,Specialist,1410763,16,35,Delhi,High,No,08-08-2016,,193776,No
3017,IshaanGupta,IT,Manager,1139507,19,49,Bangalore,Average,Yes,01-09-2024,06-08-2029,65952,No
3018,VivaanPatel,Legal,Consultant,1411694,1,28,Kolkata,Average,Yes,25-07-2018,20-07-2023,117910,Yes
3019,ArjunVerma,Operations,Consultant,1725128,19,26,Hyderabad,Average,No,19-11-2019,,391509,Yes
3020,DiyaPatel,IT,Executive,726406,8,31,Hyderabad,High,No,09-06-2024,,92858,No
3021,AdityaVerma,Finance,Consultant,288114,1,35,Pune,High,No,22-07-2024,,26732,Yes
3022,MyraKapoor,Finance,Lead,1813685,6,24,Mumbai,Average,Yes,08-12-2023,02-11-2027,373679,Yes
3023,AadhyaMehta,Marketing,Manager,697821,13,55,Bangalore,High,No,07-04-2021,,94547,Yes
3024,AdityaKapoor,Marketing,Lead,978873,9,23,Kolkata,Average,Yes,03-01-2024,29-12-2025,145082,No
3025,SaanviPatel,HR,Analyst,434257,18,39,Kolkata,Low,Yes,26-04-2024,07-02-2026,103719,Yes
3026,SaiVerma,IT,Analyst,843887,14,58,Bangalore,Low,No,13-06-2017,,209145,Yes
3027,SaiMehta,HR,Executive,693466,19,52,Pune,Average,Yes,03-02-2020,22-07-2025,134485,No
3028,RiyaKapoor,Legal,Executive,1158599,9,27,Kolkata,Low,No,25-04-2020,,256560,Yes
3029,VihaanKapoor,Legal,Executive,433597,4,36,Delhi,Low,Yes,27-10-2020,07-06-2022,58072,Yes
3030,ReyanshVerma,Admin,Lead,1000444,9,25,Kolkata,High,Yes,26-04-2020,07-12-2024,228899,Yes
3031,AdityaPatel,HR,Executive,1388615,1,42,Mumbai,Average,No,27-11-2022,,247579,Yes
3032,AyaanVerma,Admin,Consultant,1774471,3,50,Delhi,High,No,28-08-2020,,128687,No
3033,VivaanVerma,Legal,Manager,1639485,0,38,Kolkata,Average,Yes,08-10-2018,10-03-2023,307727,No
3034,VihaanSingh,Marketing,Consultant,1363264,6,54,Hyderabad,High,No,06-10-2021,,122698,No
3035,AaravVerma,Finance,Manager,782476,4,43,Hyderabad,Average,Yes,19-05-2018,14-05-2019,174447,No
3036,NavyaGupta,Finance,Executive,943537,0,52,Hyderabad,Low,No,12-08-2017,,196245,Yes
3037,IraGupta,Admin,Lead,1361384,11,29,Kolkata,Low,Yes,30-08-2015,14-01-2020,315422,No
3038,VihaanNair,Finance,Specialist,1224146,9,54,Delhi,High,Yes,26-06-2016,04-12-2018,157566,No
3039,ArjunGupta,Sales,Consultant,1653989,9,28,Chennai,High,No,30-12-2016,,339010,No
3040,IraIyer,Finance,Lead,1984424,19,40,Mumbai,Average,No,24-02-2018,,130108,Yes
3041,VivaanIyer,Legal,Lead,1535035,14,54,Kolkata,Low,Yes,20-04-2023,19-03-2026,185877,Yes
3042,IshaanKapoor,HR,Consultant,1505068,7,47,Pune,High,No,02-03-2024,,330957,No
3043,KiaraKapoor,HR,Executive,1453282,3,36,Mumbai,High,No,23-05-2023,,290926,No
3044,ReyanshGupta,Sales,Specialist,866483,2,26,Mumbai,Low,Yes,14-05-2017,27-01-2020,199441,No
3045,AnikaSharma,Legal,Lead,230881,9,35,Pune,Average,No,16-02-2024,,37009,No
3046,KrishnaNair,Admin,Executive,511095,16,48,Hyderabad,Average,No,26-02-2018,,109781,Yes
3047,AadhyaSingh,Finance,Manager,1844899,19,28,Chennai,Average,Yes,03-08-2023,14-07-2027,446737,Yes
3048,AnanyaSharma,Finance,Specialist,1605744,9,32,Bangalore,Low,No,28-07-2024,,346031,Yes
3049,AaravIyer,HR,Manager,1292796,11,37,Mumbai,Average,Yes,05-11-2021,10-06-2023,132019,No
3050,SaiPatel,Sales,Consultant,691567,16,55,Pune,High,Yes,26-09-2023,10-11-2025,76605,Yes
3051,AnikaGupta,Marketing,Lead,208177,3,35,Kolkata,Average,Yes,10-02-2023,21-09-2025,34414,Yes
3052,AaravSharma,Marketing,Executive,1978066,10,59,Pune,Average,Yes,13-03-2022,27-03-2023,358001,Yes
3053,AnanyaMehta,HR,Manager,1161454,11,56,Delhi,Average,Yes,23-02-2018,12-11-2018,151162,No
3054,IraReddy,Legal,Consultant,1618224,18,54,Bangalore,Average,Yes,21-01-2017,27-01-2022,333669,Yes
3055,RiyaReddy,Sales,Analyst,708604,12,25,Chennai,Low,Yes,21-04-2023,30-11-2023,101467,Yes
3056,AnanyaSharma,Finance,Analyst,1601146,5,53,Hyderabad,Average,No,09-06-2023,,226968,Yes
3057,IraKapoor,Legal,Executive,1682208,10,44,Bangalore,Average,Yes,05-11-2020,21-08-2022,100614,No
3058,AnanyaVerma,IT,Lead,1489363,9,45,Kolkata,Low,No,14-10-2021,,169280,No
3059,AnanyaVerma,IT,Manager,1684718,14,26,Chennai,Average,No,10-01-2017,,364859,Yes
3060,AnanyaReddy,Marketing,Manager,853689,3,43,Hyderabad,High,Yes,19-02-2017,03-04-2018,147909,No
3061,SaiMehta,Legal,Executive,1809000,0,32,Mumbai,Average,No,06-06-2018,,341888,No
3062,DiyaPatel,Legal,Specialist,1441777,19,22,Hyderabad,Low,Yes,25-11-2017,06-10-2020,207014,No
3063,AdityaIyer,Finance,Executive,857003,17,52,Hyderabad,Low,Yes,31-08-2018,07-04-2019,104262,No
3064,VihaanReddy,Legal,Analyst,1888160,14,23,Kolkata,High,No,17-06-2019,,159443,Yes
3065,IraSharma,Sales,Executive,302020,2,27,Hyderabad,Average,No,14-12-2023,,51027,Yes
3066,NavyaSharma,IT,Specialist,487744,18,27,Bangalore,Low,No,26-04-2024,,83443,No
3067,KiaraGupta,Legal,Executive,1261725,17,39,Mumbai,High,Yes,31-01-2024,12-03-2029,164261,No
3068,KrishnaNair,Legal,Manager,858554,14,28,Hyderabad,Low,No,12-09-2021,,179515,Yes
3069,KiaraNair,Legal,Analyst,1450534,17,36,Mumbai,Low,No,10-05-2015,,91317,No
3070,ReyanshGupta,Admin,Executive,448719,2,50,Kolkata,High,Yes,24-02-2015,30-01-2020,28191,No
3071,ReyanshKapoor,Legal,Specialist,1039096,4,22,Hyderabad,High,Yes,28-01-2024,08-08-2026,197367,No
3072,RiyaGupta,Sales,Lead,1118241,19,45,Hyderabad,High,No,06-12-2015,,196055,Yes
3073,AadhyaSharma,Marketing,Lead,373453,14,59,Chennai,Average,Yes,01-03-2021,26-10-2024,68534,Yes
3074,VivaanReddy,Operations,Manager,1620545,15,50,Bangalore,Low,No,23-07-2020,,232780,Yes
3075,NavyaSingh,IT,Specialist,308197,12,44-,Mumbai,High,No,06-01-2016,,76406,Yes
3076,AnanyaSingh,Admin,Specialist,714938,6,31,Bangalore,Low,No,26-10-2020,,147700,Yes
3077,AnanyaNair,Admin,Executive,681615,17,41,Pune,Average,No,05-07-2022,,116429,No
3078,AnanyaReddy,Marketing,Manager,1662197,14,34,Hyderabad,Low,Yes,18-02-2020,07-10-2022,217422,Yes
3079,NavyaPatel,IT,Manager,441630,12,38,Hyderabad,Low,No,17-10-2022,,108690,Yes
3080,KiaraMehta,IT,Executive,366804,14,50,Pune,Low,Yes,24-07-2023,03-02-2025,32417,Yes
3081,IraVerma,Finance,Executive,481260,9,47,Kolkata,Average,No,05-03-2021,,62917,No
3082,AadhyaSingh,Finance,Specialist,1162275,12,35,Delhi,Average,Yes,28-12-2023,02-03-2026,264818,Yes
3083,IshaanGupta,Operations,Executive,1790404,5,50,Bangalore,Average,No,18-05-2021,,125646,Yes
3084,VivaanReddy,IT,Executive,636060,4,45,Kolkata,Average,Yes,10-09-2017,20-01-2023,141349,Yes
3085,AnikaGupta,IT,Executive,619655,8,41,Mumbai,High,No,12-02-2018,,45196,Yes
3086,VihaanPatel,IT,Consultant,264467,14,46,Hyderabad,Average,No,19-07-2016,,46810,Yes
3087,VivaanNair,HR,Executive,980196,8,31,Hyderabad,Average,Yes,12-04-2019,08-03-2022,197201,Yes
3088,AdityaNair,Sales,Specialist,962405,0,23,Kolkata,Low,No,20-08-2017,,122366,Yes
3089,VivaanPatel,Sales,Manager,1469555,4,35,Mumbai,Average,No,16-12-2018,,111741,Yes
3090,KrishnaPatel,Legal,Lead,346104,16,28,Mumbai,Low,No,30-05-2023,,38826,Yes
3091,AnikaPatel,Admin,Specialist,1551967,8,31,Mumbai,High,Yes,11-01-2020,20-10-2023,255095,Yes
3092,AnikaSharma,Legal,Analyst,478169,18,57,Bangalore,Low,Yes,11-11-2019,12-10-2020,60374,No
3093,RiyaSingh,Operations,Executive,893983,19,23,Pune,High,Yes,09-04-2021,18-11-2024,158154,Yes
3094,ArjunIyer,IT,Specialist,1503053,2,44,Mumbai,High,Yes,16-07-2018,10-05-2022,145402,Yes
3095,AnikaVerma,Legal,Manager,1859570,9,51,Bangalore,High,Yes,20-10-2024,28-07-2026,251325,No
3096,AnikaNair,HR,Manager,741689,17,27,Kolkata,Average,No,22-04-2015,,107349,No
3097,SaanviReddy,IT,Specialist,1899407,0,23,Kolkata,Low,No,27-09-2024,,241230,No
3098,ReyanshSingh,Admin,Analyst,592963,9,29,Chennai,High,No,06-05-2023,,92541,Yes
3099,KiaraSharma,Legal,Analyst,1064144,0,40,Kolkata,Low,No,19-10-2023,,218646,No
3100,DiyaNair,HR,Manager,788826,10,23,Delhi,High,Yes,01-01-2024,03-01-2029,80628,Yes
3101,AnikaGupta,HR,Manager,1862296,9,49,Mumbai,Low,No,24-07-2017,,123546,No
3102,AyaanSingh,HR,Analyst,735539,6,44,Bangalore,High,Yes,01-04-2016,24-10-2020,144962,Yes
3103,SaiGupta,Operations,Manager,1354969,8,40,Mumbai,Low,Yes,09-02-2021,11-04-2022,181472,Yes
3104,SaiMehta,Operations,Executive,1854307,8,42,Delhi,Low,No,24-10-2024,,314969,No
3105,DiyaSharma,Finance,Lead,1212516,5,39,Pune,Low,No,31-12-2017,,138719,No
3106,AnanyaSharma,Sales,Specialist,1469343,12,40,Chennai,High,No,09-01-2017,,101575,Yes
3107,RiyaMehta,Sales,Manager,1514084,9,51,Mumbai,Average,Yes,11-10-2022,30-04-2025,161800,No
3108,SaiSingh,Legal,Manager,1644244,8,29,Delhi,High,Yes,01-03-2016,11-01-2021,305286,No
3109,AnikaKapoor,Sales,Executive,1596615,13,33,Mumbai,Average,No,08-08-2020,,298270,Yes
3110,SaiSingh,HR,Specialist,1476849,17,46,Kolkata,Average,No,29-03-2018,,94377,No
3111,RiyaSingh,IT,Executive,1573814,0,51,Delhi,Low,Yes,23-10-2023,02-01-2029,344646,No
3112,SaanviMehta,Finance,Specialist,1869208,12,51,Hyderabad,Average,No,16-02-2017,,185928,No
3113,SaiVerma,HR,Specialist,693938,2,59,Mumbai,High,No,05-09-2021,,95082,Yes
3114,AnikaMehta,Admin,Analyst,1165098,19,26,Chennai,Low,Yes,02-12-2017,19-01-2021,95376,Yes
3115,SaanviIyer,Finance,Consultant,893278,1,58,Mumbai,Low,No,24-10-2021,,53893,No
3116,AyaanNair,IT,Specialist,255037,1,32,Kolkata,Average,No,20-04-2019,,27765,No
3117,ArjunKapoor,Legal,Analyst,734637,7,41,Hyderabad,Low,Yes,22-06-2018,28-11-2023,69465,Yes
3118,RiyaNair,Finance,Specialist,738786,15,35,Kolkata,Low,Yes,15-03-2022,03-11-2023,68030,Yes
3119,AnikaSingh,IT,Consultant,1379886,16,24,Pune,High,No,01-07-2023,,239497,No
3120,ArjunPatel,HR,Manager,850906,13,35,Mumbai,High,Yes,13-06-2024,25-10-2025,143212,Yes
3121,DiyaMehta,Operations,Analyst,961563,9,58,Delhi,Average,Yes,02-02-2017,26-04-2018,181858,No
3122,ReyanshGupta,Finance,Lead,1220131,8,35,Pune,Low,No,25-03-2023,,95106,Yes
3123,VivaanKapoor,Admin,Specialist,345991,18,39,Chennai,Average,Yes,19-01-2022,20-10-2022,69340,No
3124,KiaraSingh,IT,Analyst,1465568,9,38,Pune,High,No,08-05-2020,,330347,Yes
3125,ArjunVerma,Sales,Consultant,1527153,2,47,Kolkata,Average,No,03-03-2022,,262637,Yes
3126,AnikaGupta,HR,Analyst,355205,14,34,Kolkata,High,No,21-06-2017,,64781,No
3127,VivaanNair,Admin,Consultant,790238,9,37,Hyderabad,High,Yes,01-02-2017,05-03-2019,48422,Yes
3128,AyaanGupta,Legal,Analyst,893739,14,46,Delhi,Average,Yes,23-07-2015,22-12-2018,154261,Yes
3129,AnanyaIyer,Marketing,Specialist,568708,3,51,Bangalore,Low,No,06-04-2020,,111964,No
3130,NavyaKapoor,Sales,Consultant,1209241,17,37,Chennai,Low,No,07-09-2018,,113203,No
3131,IraGupta,Legal,Manager,1158999,2,43,Delhi,High,No,16-07-2017,,216718,No
3132,IraGupta,IT,Analyst,1901992,18,22,Bangalore,Low,No,15-05-2019,,311974,No
3133,AdityaSingh,Legal,Manager,1331022,2,25,Chennai,Low,Yes,01-04-2021,26-04-2025,221674,Yes
3134,DiyaSharma,Finance,Lead,865468,0,37,Mumbai,Average,No,04-01-2023,,86293,Yes
3135,IshaanIyer,IT,Lead,201223,7,27,Hyderabad,Low,No,23-08-2017,,10843,Yes
3136,AaravVerma,IT,Manager,1720974,14,53,Mumbai,Average,Yes,22-11-2016,15-04-2019,104776,No
3137,AnikaSingh,IT,Lead,1947844,3,37,Delhi,Low,No,13-06-2021,,358338,No
3138,SaiIyer,HR,Manager,1787484,7,54,Hyderabad,Average,Yes,04-08-2021,29-03-2024,143262,No
3139,AnanyaSharma,Operations,Specialist,1514980,4,52,Mumbai,Low,Yes,04-05-2015,28-10-2016,371076,No
3140,IshaanSharma,HR,Consultant,1023424,6,37,Mumbai,High,Yes,04-10-2023,28-04-2026,219622,Yes
3141,AdityaSingh,Sales,Manager,902736,2,49,Bangalore,Low,Yes,22-01-2015,22-01-2016,107049,Yes
3142,SaiPatel,Admin,Executive,1377052,17,25,Delhi,High,Yes,21-08-2019,30-12-2021,125680,No
3143,AaravSharma,Legal,Executive,396983,14,41,Chennai,Low,No,14-08-2019,,39727,No
3144,VivaanReddy,Legal,Analyst,1148244,0,35,Hyderabad,Low,No,09-11-2024,,65738,Yes
3145,IraNair,IT,Specialist,764493,18,54,Bangalore,Low,No,16-02-2024,,187596,Yes
3146,AaravSingh,Operations,Manager,1706821,4,27,Hyderabad,Low,Yes,09-04-2023,16-05-2028,179389,No
3147,AadhyaVerma,Admin,Specialist,1755482,6,23,Pune,Low,Yes,25-01-2018,23-01-2020,332229,Yes
3148,ReyanshMehta,Legal,Executive,587684,5,47,Delhi,High,No,26-06-2019,,117578,No
3149,AdityaNair,Marketing,Manager,900972,17,43,Mumbai,High,Yes,16-04-2019,07-09-2021,55047,No
3150,DiyaPatel,Marketing,Executive,569956,2,56,Pune,Low,No,18-09-2015,,140485,Yes
3151,KiaraIyer,Legal,Lead,943987,16,26,Bangalore,Average,No,14-01-2016,,125382,Yes
3152,AadhyaMehta,Marketing,Lead,1168927,15,37,Bangalore,Low,Yes,20-04-2015,29-10-2017,258226,No
3153,AadhyaVerma,Admin,Analyst,1858027,13,42,Kolkata,Average,Yes,02-11-2015,23-09-2020,232438,No
3154,AaravVerma,Admin,Lead,1904894,11,39,Chennai,High,Yes,01-05-2022,11-04-2025,254312,Yes
3155,IshaanGupta,HR,Manager,1480555,19,23,Bangalore,High,Yes,25-03-2018,22-01-2021,277784,No
3156,IshaanPatel,Marketing,Executive,1261018,18,30,Kolkata,Average,Yes,18-07-2023,26-03-2026,287983,Yes
3157,KrishnaReddy,Legal,Analyst,1156302,18,28,Kolkata,Low,No,23-04-2015,,279084,No
3158,KiaraSingh,HR,Manager,378054,17,32,Bangalore,Average,No,14-01-2020,,56096,Yes
3159,SaanviGupta,Legal,Lead,939578,14,27,Chennai,Low,No,30-08-2023,,70780,No
3160,SaiMehta,Legal,Consultant,1316266,5,51,Pune,Average,Yes,13-10-2018,04-09-2022,230219,Yes
3161,AaravSingh,Operations,Manager,1454234,16,38,Chennai,Average,No,13-02-2023,,343666,No
3162,KrishnaGupta,Finance,Specialist,1962876,18,47,Pune,Average,Yes,12-02-2022,09-08-2023,403955,No
3163,AnikaSingh,HR,Executive,1338964,10,41,Chennai,Low,No,09-09-2020,,245085,Yes
3164,KrishnaNair,HR,Analyst,1555757,8,53,Hyderabad,High,No,03-11-2016,,101234,Yes
3165,IshaanMehta,Admin,Lead,1663595,10,51,Chennai,Average,No,23-03-2020,,290549,Yes
3166,KiaraSharma,Legal,Consultant,1444235,16,35,Hyderabad,Low,No,03-07-2023,,131499,No
3167,AadhyaPatel,Legal,Specialist,1317699,7,54,Mumbai,High,No,10-08-2021,,211616,Yes
3168,SaanviKapoor,Finance,Analyst,1402203,8,22,Pune,Average,Yes,30-09-2015,21-07-2018,145359,No
3169,NavyaSingh,HR,Executive,756552,1,44,Mumbai,Average,No,12-04-2024,,156397,Yes
3170,AnikaVerma,HR,Lead,1300906,16,30,Bangalore,Average,Yes,16-06-2021,17-02-2023,319621,No
3171,MyraNair,HR,Analyst,374811,17,21,Mumbai,Average,No,04-11-2018,,48367,No
3172,VivaanReddy,HR,Manager,1872115,9,41-,Pune,Low,No,03-01-2020,,167217,No
3173,AadhyaSingh,Sales,Manager,1648653,14,30-,Delhi,Average,No,07-12-2020,,382029,No
3174,ReyanshSharma,Legal,Specialist,1336422,4,45-,Pune,Low,Yes,22-01-2020,30-03-2021,284155,Yes
3175,SaiNair,Legal,Specialist,959103,7,42-,Chennai,High,No,18-04-2018,,153983,Yes
3176,RiyaSharma,Admin,Lead,1754507,8,30,Pune,High,No,18-12-2021,,128621,No
3177,ReyanshKapoor,Operations,Consultant,1403545,2,47,Chennai,Low,No,29-07-2023,,175690,No
3178,ReyanshSingh,Legal,Manager,1494885,5,35,Bangalore,High,Yes,29-05-2018,29-04-2020,287498,No
3179,SaanviSharma,Operations,Consultant,812404,1,43,Bangalore,Low,No,13-02-2015,,98848,Yes
3180,ArjunVerma,Admin,Executive,659410,19,47,Bangalore,High,No,07-11-2022,,138567,Yes
3181,MyraNair,Admin,Executive,745965,17,48,Hyderabad,Average,Yes,27-09-2018,23-08-2023,120555,Yes
3182,VivaanVerma,Legal,Manager,1954055,5,48,Chennai,High,Yes,01-12-2023,17-10-2028,409209,No
3183,ReyanshSingh,IT,Lead,350424,5,35,Kolkata,High,Yes,27-08-2022,04-05-2023,54519,Yes
3184,IraVerma,IT,Specialist,652219,12,33,Pune,Average,Yes,11-04-2020,24-07-2022,111313,Yes
3185,KiaraVerma,Admin,Consultant,508293,5,52,Delhi,High,No,16-06-2016,,57120,No
3186,RiyaPatel,IT,Specialist,1827376,6,46,Chennai,Average,Yes,03-06-2019,22-12-2023,356664,Yes
3187,ReyanshSingh,Sales,Executive,1846998,19,58,Pune,Low,No,16-10-2018,,259479,No
3188,RiyaSharma,Finance,Analyst,1428391,15,52,Bangalore,High,No,09-08-2018,,128401,No
3189,AaravNair,IT,Executive,1155181,1,43,Chennai,Average,No,18-06-2019,,188932,Yes
3190,AaravReddy,Marketing,Lead,1497325,6,21,Chennai,Low,No,30-12-2022,,352234,Yes
3191,MyraKapoor,Marketing,Consultant,485069,15,48,Kolkata,Low,Yes,27-06-2020,04-07-2021,94110,Yes
3192,AdityaIyer,Finance,Specialist,1097525,0,41,Hyderabad,High,Yes,09-09-2022,01-10-2026,91842,No
3193,SaanviPatel,Sales,Consultant,1560669,1,39,Delhi,Average,Yes,19-06-2023,06-08-2024,107143,Yes
3194,SaanviPatel,IT,Consultant,338621,14,58,Chennai,Low,No,10-07-2024,,80921,Yes
3195,ReyanshIyer,HR,Executive,1356536,14,55,Hyderabad,Low,Yes,04-10-2019,04-05-2020,208474,No
3196,IshaanSharma,Admin,Executive,1217853,13,55,Mumbai,Low,Yes,02-02-2015,19-08-2019,288609,Yes
3197,KiaraGupta,Legal,Manager,370002,9,24,Chennai,Low,No,21-03-2022,,54186,Yes
3198,IshaanPatel,Operations,Executive,1480136,6,36,Pune,Low,No,23-01-2017,,307770,Yes
3199,NavyaKapoor,Operations,Lead,307721,15,23,Mumbai,High,No,14-09-2024,,25290,No
3200,AdityaVerma,Legal,Lead,609991,8,35,Delhi,Average,Yes,21-11-2017,06-12-2018,133788,No
3201,VihaanGupta,Admin,Specialist,981085,12,41,Hyderabad,Low,Yes,13-02-2022,25-05-2024,198875,Yes
3202,NavyaGupta,HR,Manager,1253414,15,42,Chennai,Low,No,01-08-2023,,124468,Yes
3203,SaiNair,Sales,Consultant,801380,9,38,Bangalore,Average,No,24-11-2020,,129816,Yes
3204,AnanyaSingh,Legal,Consultant,380499,17,31,Pune,Low,No,10-06-2019,,51943,No
3205,NavyaIyer,HR,Executive,919935,1,43,Mumbai,Low,No,27-02-2022,,102100,Yes
3206,IshaanGupta,Operations,Manager,1068480,5,59,Hyderabad,High,Yes,08-10-2024,29-06-2028,62476,Yes
3207,ArjunMehta,Admin,Analyst,699600,2,57,Mumbai,Low,Yes,02-01-2021,11-06-2024,111550,No
3208,AnikaIyer,Legal,Consultant,1568906,19,29,Delhi,Low,No,22-11-2024,,341903,No
3209,AaravGupta,Marketing,Manager,1142980,11,21,Hyderabad,Average,Yes,18-07-2018,19-02-2022,185282,No
3210,VivaanReddy,Operations,Manager,1794537,13,46,Pune,Average,No,05-03-2022,,235922,Yes
3211,MyraIyer,Operations,Analyst,1530042,2,42,Pune,Low,Yes,15-11-2017,13-06-2021,256053,No
3212,KrishnaKapoor,IT,Executive,881326,6,56,Bangalore,High,No,07-10-2022,,92667,No
3213,AyaanKapoor,Operations,Analyst,895087,12,56,Pune,Average,No,04-06-2022,,219105,Yes
3214,ReyanshGupta,Sales,Specialist,1562393,17,35,Delhi,Average,No,03-03-2018,,253255,No
3215,RiyaSingh,Legal,Analyst,822619,7,49,Chennai,Low,Yes,18-09-2021,07-12-2024,128259,No
3216,AnikaPatel,Admin,Consultant,1446448,17,56,Mumbai,Low,Yes,23-05-2016,27-07-2020,308662,No
3217,SaiSingh,Legal,Manager,1232553,2,50,Mumbai,Average,Yes,07-02-2020,17-04-2024,149475,Yes
3218,SaanviNair,Legal,Executive,1750585,18,46,Hyderabad,High,No,14-12-2015,,396559,Yes
3219,ReyanshReddy,Legal,Lead,361101,15,34,Chennai,High,Yes,18-12-2020,07-11-2025,88026,Yes
3220,ReyanshReddy,Admin,Specialist,815221,5,43,Chennai,High,No,11-08-2022,,82011,No
3221,KiaraSingh,IT,Analyst,360787,12,47,Kolkata,Average,Yes,23-03-2023,27-09-2024,83467,No
3222,VihaanMehta,Marketing,Lead,594039,1,44,Mumbai,Low,No,02-05-2020,,84550,Yes
3223,VihaanReddy,Sales,Lead,1193859,17,22,Chennai,High,Yes,08-06-2019,31-07-2022,242645,Yes
3224,ArjunGupta,Legal,Executive,954207,9,21,Delhi,Low,Yes,10-01-2019,02-04-2021,221192,No
3225,IshaanSharma,Admin,Specialist,1463814,12,33,Mumbai,High,Yes,04-01-2016,01-11-2018,86535,No
3226,AyaanSharma,Marketing,Consultant,1384249,2,44,Chennai,Low,Yes,20-05-2019,30-11-2023,270955,No
3227,VihaanSharma,Sales,Lead,220195,8,34,Kolkata,High,No,13-04-2022,,39846,No
3228,ArjunKapoor,Admin,Manager,1420502,2,27,Delhi,High,No,05-03-2023,,267718,No
3229,SaanviPatel,IT,Consultant,1464462,8,37,Kolkata,High,Yes,01-04-2020,25-03-2024,123234,No
3230,AaravReddy,IT,Executive,576526,17,44,Chennai,Low,Yes,20-12-2019,23-11-2020,52173,No
3231,AyaanSharma,Admin,Specialist,1448509,7,50,Hyderabad,High,Yes,11-06-2015,05-05-2016,148681,No
3232,MyraSingh,Legal,Manager,1539616,3,26,Chennai,High,Yes,19-04-2023,05-08-2026,325969,No
3233,SaanviKapoor,IT,Executive,563116,7,59,Delhi,Average,No,10-03-2018,,59895,Yes
3234,AaravIyer,Legal,Specialist,1054214,15,47,Delhi,High,No,27-10-2020,,166396,No
3235,IraGupta,Marketing,Executive,1321761,15,44,Bangalore,Low,No,11-04-2023,,281922,No
3236,KrishnaVerma,IT,Analyst,615915,4,37,Mumbai,Low,Yes,25-10-2019,20-12-2023,60540,No
3237,RiyaReddy,Legal,Executive,1514289,9,26,Delhi,Low,No,14-04-2021,,155677,No
3238,IraMehta,IT,Executive,1078606,3,27,Hyderabad,Average,Yes,06-05-2019,24-02-2022,171336,Yes
3239,AadhyaVerma,IT,Executive,551679,12,46,Mumbai,High,No,03-08-2018,,34038,Yes
3240,AnikaMehta,Admin,Manager,1196497,10,33,Mumbai,Average,Yes,02-12-2020,10-11-2022,261241,Yes
3241,IshaanGupta,Marketing,Analyst,757437,4,55,Bangalore,Average,No,02-10-2015,,121714,Yes
3242,KrishnaIyer,Legal,Executive,914564,11,34,Hyderabad,High,No,30-11-2024,,109981,Yes
3243,AyaanReddy,Finance,Executive,205704,16,46,Pune,Average,No,03-04-2021,,31027,No
3244,AdityaSingh,Finance,Specialist,266780,16,23,Pune,Low,No,05-01-2024,,64289,Yes
3245,IraMehta,IT,Lead,1954542,13,31,Chennai,Average,Yes,20-04-2017,27-01-2019,252888,No
3246,DiyaNair,Sales,Analyst,1279420,5,21,Delhi,High,Yes,03-03-2017,11-11-2019,318829,No
3247,NavyaSharma,Operations,Analyst,1680929,16,23,Chennai,High,Yes,20-10-2015,27-04-2018,85660,Yes
3248,AnanyaIyer,Marketing,Analyst,1594288,19,58,Pune,High,No,17-09-2022,,239418,No
3249,AyaanSingh,Finance,Specialist,1296686,6,39,Delhi,High,No,11-12-2017,,121826,No
3250,AaravSharma,Marketing,Executive,1051306,13,33,Chennai,Low,Yes,25-09-2018,04-12-2020,98111,No
3251,AnanyaPatel,Finance,Lead,993480,8,32,Bangalore,Low,Yes,07-03-2018,18-07-2021,146309,Yes
3252,SaiVerma,HR,Consultant,1427770,19,39,Mumbai,High,No,01-06-2016,,311148,No
3253,SaiSharma,Sales,Lead,314064,15,48,Bangalore,High,No,26-03-2015,,77380,No
3254,AaravIyer,HR,Manager,1166793,17,30,Hyderabad,Average,Yes,13-12-2016,03-12-2017,148905,No
3255,AdityaNair,Marketing,Consultant,1354272,3,23,Hyderabad,High,Yes,07-07-2016,22-02-2018,152004,Yes
3256,AyaanReddy,Legal,Manager,1270213,1,22,Mumbai,Low,Yes,02-02-2022,18-06-2025,116214,No
3257,IshaanPatel,HR,Lead,1865313,7,44,Chennai,Low,No,08-10-2024,,194712,No
3258,VivaanKapoor,Admin,Executive,1564707,17,32,Chennai,Low,Yes,14-08-2022,08-11-2027,151754,Yes
3259,RiyaSingh,Finance,Lead,1202450,13,37,Kolkata,High,No,21-05-2019,,234660,Yes
3260,AdityaVerma,Sales,Consultant,1954234,6,36,Kolkata,Low,No,15-08-2016,,204268,No
3261,VihaanVerma,Operations,Lead,1590982,19,28,Bangalore,High,No,03-07-2021,,394908,Yes
3262,AnanyaGupta,Legal,Manager,1398826,14,38,Mumbai,High,Yes,24-10-2022,10-08-2025,144287,Yes
3263,RiyaNair,HR,Analyst,646171,5,51,Hyderabad,High,Yes,07-01-2016,03-02-2020,128816,Yes
3264,AaravReddy,Sales,Lead,1375442,18,28,Hyderabad,High,Yes,14-08-2015,01-09-2016,147947,No
3265,IraPatel,Operations,Consultant,1740709,2,55,Bangalore,Average,No,24-09-2018,,152060,Yes
3266,MyraGupta,Sales,Executive,842313,11,50,Hyderabad,Low,No,14-05-2024,,70399,No
3267,AdityaSingh,Operations,Consultant,887831,8,44,Mumbai,High,No,22-12-2017,,170852,No
3268,IraNair,Legal,Manager,969814,10,30,Kolkata,Average,Yes,05-11-2022,10-12-2025,76308,Yes
3269,AnanyaSingh,Legal,Executive,648381,5,33,Bangalore,Low,Yes,04-05-2022,31-10-2023,90422,Yes
3270,SaanviVerma,Marketing,Executive,744403,13,34,Mumbai,Average,No,16-05-2015,,168095,No
3271,AaravMehta,Legal,Lead,1142871,14,21,Hyderabad,Low,No,08-09-2017,,158773,Yes
3272,SaanviMehta,HR,Specialist,680306,7,23,Hyderabad,Low,No,28-08-2021,,120843,Yes
3273,DiyaSharma,IT,Consultant,1975821,8,28,Chennai,High,Yes,07-01-2023,21-03-2027,386171,No
3274,KrishnaSharma,Finance,Executive,389007,9,41,Kolkata,Low,Yes,13-01-2022,02-11-2024,69898,Yes
3275,SaiSharma,Sales,Consultant,1319525,16,24,Delhi,Low,No,20-03-2019,,112738,Yes
3276,AaravSingh,Marketing,Analyst,1931804,10,56,Mumbai,High,Yes,10-03-2021,05-06-2022,358869,No
3277,DiyaSingh,Admin,Consultant,1880596,15,41,Chennai,Average,Yes,20-03-2019,28-09-2022,282124,Yes
3278,AnikaGupta,Legal,Executive,1373111,18,22,Delhi,High,No,06-03-2018,,200373,Yes
3279,ArjunIyer,Operations,Specialist,1840492,17,31,Bangalore,High,No,17-01-2018,,433513,No
3280,KrishnaSingh,IT,Executive,1730809,3,55,Bangalore,Average,No,25-07-2024,,257302,No
3281,AnanyaMehta,Finance,Executive,604520,2,42,Chennai,Low,Yes,19-01-2019,07-01-2024,112381,No
3282,DiyaReddy,Sales,Analyst,328658,7,37,Kolkata,Average,No,01-10-2017,,75166,No
3283,SaanviGupta,IT,Lead,1984908,15,49,Kolkata,High,No,27-10-2022,,255159,Yes
3284,VihaanIyer,Admin,Executive,676356,1,31,Bangalore,High,No,18-08-2015,,41303,No
3285,AaravMehta,Legal,Executive,1494088,7,23,Kolkata,Average,Yes,23-02-2024,19-07-2027,162939,No
3286,MyraNair,HR,Specialist,425743,3,38,Delhi,Average,No,31-08-2017,,98022,Yes
3287,AadhyaNair,HR,Manager,599308,19,37,Mumbai,Average,Yes,21-02-2017,07-01-2018,111020,No
3288,NavyaReddy,HR,Executive,1486916,6,38,Bangalore,Low,Yes,18-12-2024,09-10-2025,142693,Yes
3289,KiaraMehta,Finance,Specialist,935193,4,48,Hyderabad,Low,No,11-08-2020,,52775,No
3290,VivaanReddy,Admin,Lead,1643455,12,44,Delhi,Average,Yes,01-06-2024,29-12-2026,83029,Yes
3291,KrishnaPatel,Finance,Manager,1530351,12,49,Mumbai,High,No,14-08-2024,,152161,No
3292,KiaraSingh,Marketing,Executive,1089192,17,28,Pune,Average,No,02-12-2023,,178009,No
3293,ReyanshVerma,Operations,Consultant,1976528,1,26,Hyderabad,High,Yes,04-10-2018,05-04-2023,231528,No
3294,KiaraVerma,Finance,Consultant,634465,17,30,Chennai,High,No,08-03-2020,,94418,No
3295,IshaanNair,Sales,Specialist,1202512,12,47,Bangalore,Average,Yes,22-06-2018,01-04-2020,75475,Yes
3296,ReyanshReddy,Admin,Analyst,1400726,6,58,Pune,High,No,06-06-2020,,319083,No
3297,MyraSharma,Operations,Consultant,1342252,11,39,Hyderabad,Low,Yes,28-01-2016,04-12-2018,273930,Yes
3298,IraIyer,Finance,Lead,1423399,6,30,Bangalore,Low,Yes,01-11-2017,06-02-2022,150783,Yes
3299,AnikaGupta,IT,Executive,1699163,3,56,Chennai,Average,No,12-04-2017,,175540,No
3300,AyaanMehta,Sales,Manager,832312,1,37,Pune,High,No,28-11-2017,,190694,Yes
3301,ArjunMehta,Legal,Analyst,423410,0,41,Bangalore,Low,Yes,29-07-2018,04-03-2021,87874,Yes
3302,AnanyaMehta,IT,Specialist,466336,0,26,Kolkata,Average,No,29-05-2021,,66167,Yes
3303,KrishnaGupta,Admin,Specialist,325172,4,46,Mumbai,High,Yes,23-12-2021,27-05-2024,34794,Yes
3304,MyraReddy,IT,Executive,472196,1,24,Mumbai,Low,Yes,28-02-2015,15-09-2017,59870,Yes
3305,AnikaVerma,Marketing,Consultant,1877577,12,22,Delhi,Low,No,06-08-2015,,192435,Yes
3306,AyaanGupta,Marketing,Analyst,941001,7,45,Mumbai,Low,No,11-04-2023,,101816,No
3307,AdityaSingh,IT,Lead,692436,13,53,Delhi,High,No,11-01-2020,,81021,No
3308,AnanyaVerma,Operations,Analyst,1168561,8,55,Pune,Average,Yes,01-08-2022,30-09-2026,106823,No
3309,VivaanIyer,Operations,Specialist,553784,5,52,Chennai,High,Yes,09-10-2016,26-05-2019,97010,Yes
3310,MyraMehta,Finance,Executive,447117,14,46,Delhi,High,No,06-08-2017,,80264,No
3311,AyaanMehta,IT,Manager,1037350,6,52,Kolkata,Average,Yes,02-12-2022,01-11-2026,65475,Yes
3312,IraIyer,Admin,Specialist,207749,10,52,Mumbai,Low,Yes,29-03-2021,25-05-2026,22521,No
3313,NavyaSharma,Legal,Specialist,614599,18,55,Bangalore,High,No,16-04-2017,,38682,Yes
3314,KiaraSharma,Sales,Lead,689620,14,44,Bangalore,Low,Yes,17-01-2015,03-02-2018,107566,No
3315,VivaanReddy,Operations,Manager,967631,3,45,Chennai,High,No,14-06-2022,,134011,Yes
3316,IshaanVerma,HR,Consultant,968173,10,33,Hyderabad,High,No,28-09-2021,,96922,Yes
3317,ArjunIyer,Marketing,Executive,1685926,9,44,Pune,High,No,03-08-2023,,93322,No
3318,DiyaKapoor,IT,Specialist,805848,3,38,Hyderabad,Average,Yes,09-01-2022,22-07-2025,168171,No
3319,AnikaSharma,Legal,Manager,854942,15,39,Delhi,Low,Yes,16-05-2023,12-08-2027,58772,No
3320,ReyanshKapoor,Operations,Consultant,936431,0,50,Kolkata,Average,No,02-07-2018,,99155,No
3321,AdityaPatel,Admin,Analyst,1527506,18,29,Bangalore,High,No,12-03-2015,,212070,Yes
3322,VihaanKapoor,Sales,Lead,1913214,8,27,Pune,High,No,28-01-2016,,108602,No
3323,RiyaVerma,Marketing,Lead,342512,11,26,Pune,High,No,06-06-2019,,72945,Yes
3324,AnikaSingh,Operations,Analyst,571598,2,22,Delhi,Average,Yes,09-02-2021,01-05-2022,86387,Yes
3325,AadhyaNair,Marketing,Manager,709946,3,52,Mumbai,Low,Yes,06-12-2016,07-03-2019,167545,No
3326,SaanviVerma,IT,Executive,1337723,6,58,Mumbai,High,Yes,05-02-2015,04-02-2017,118878,Yes
3327,AnanyaSingh,Marketing,Lead,517332,1,28,Bangalore,Low,No,14-06-2016,,125841,Yes
3328,AaravVerma,IT,Consultant,926043,3,51,Hyderabad,Average,Yes,21-03-2015,21-04-2017,231031,Yes
3329,ReyanshSingh,Marketing,Specialist,398831,9,29,Bangalore,Low,Yes,27-02-2016,12-10-2019,29693,No
3330,SaanviIyer,Admin,Executive,1375267,18,39,Kolkata,High,Yes,28-11-2015,16-02-2020,320506,Yes
3331,ReyanshIyer,Admin,Executive,1474968,9,59,Bangalore,High,No,03-05-2020,,148015,Yes
3332,SaanviKapoor,HR,Specialist,1662673,10,41,Pune,Low,Yes,22-05-2018,09-10-2023,184284,No
3333,AnikaReddy,Legal,Analyst,1335736,5,36,Hyderabad,High,No,26-10-2018,,304319,No
3334,AaravReddy,Legal,Consultant,1884409,10,57,Hyderabad,High,No,07-12-2017,,302613,No
3335,ReyanshKapoor,Sales,Executive,241410,1,57,Kolkata,High,No,30-08-2023,,51241,Yes
3336,ReyanshNair,Finance,Executive,777614,8,47,Kolkata,High,Yes,27-08-2018,05-12-2021,68261,Yes
3337,AadhyaVerma,Legal,Specialist,1047724,18,48,Mumbai,Low,Yes,25-03-2018,16-03-2021,135561,No
3338,AnanyaReddy,Operations,Consultant,961752,13,42,Hyderabad,High,No,27-04-2015,,155056,No
3339,AnanyaIyer,Legal,Analyst,1739914,6,37,Bangalore,Average,No,10-04-2016,,167141,No
3340,VihaanGupta,Marketing,Specialist,683263,19,58,Hyderabad,Average,Yes,23-10-2020,17-03-2026,54009,Yes
3341,VivaanNair,Admin,Analyst,1998938,18,31,Chennai,Average,Yes,27-05-2022,09-09-2026,362034,No
3342,VivaanReddy,Finance,Specialist,878731,7,23,Hyderabad,Average,No,27-02-2018,,214175,No
3343,VihaanGupta,IT,Analyst,1375471,19,44,Kolkata,Average,No,28-02-2020,,105423,Yes
3344,NavyaSingh,Admin,Analyst,900897,19,38,Delhi,Low,Yes,16-08-2023,05-11-2026,109717,Yes
3345,NavyaNair,Legal,Executive,1603169,8,31,Chennai,Low,No,16-09-2024,,156190,No
3346,VivaanVerma,Admin,Executive,910827,2,32,Mumbai,Average,Yes,16-10-2022,18-01-2026,205698,Yes
3347,RiyaPatel,Marketing,Manager,1710056,19,26,Mumbai,High,No,22-04-2017,,292765,Yes
3348,SaiSharma,Operations,Consultant,1465161,18,49,Delhi,High,Yes,21-10-2015,07-02-2018,131395,Yes
3349,RiyaPatel,Finance,Manager,1455672,5,37,Bangalore,High,Yes,13-07-2022,08-01-2027,115858,No
3350,AdityaSingh,Admin,Lead,1166942,2,22,Hyderabad,High,No,27-05-2021,,157073,Yes
3351,KrishnaReddy,IT,Lead,1128399,12,41,Bangalore,Low,Yes,22-02-2024,28-12-2025,176815,No
3352,SaanviSingh,Marketing,Lead,1848928,19,41,Delhi,Average,No,12-11-2015,,185783,Yes
3353,KiaraMehta,Operations,Specialist,385576,16,56,Kolkata,High,No,11-03-2021,,86655,No
3354,NavyaSharma,Operations,Specialist,1886150,7,46,Pune,High,Yes,22-08-2016,10-05-2019,112542,No
3355,AaravReddy,HR,Manager,1079947,14,28,Pune,Average,Yes,01-07-2015,07-10-2016,79998,Yes
3356,RiyaPatel,Marketing,Manager,297812,15,44,Pune,Low,Yes,04-05-2018,02-09-2023,49276,Yes
3357,DiyaKapoor,IT,Analyst,399530,4,31,Chennai,Average,Yes,30-10-2016,12-07-2021,57983,No
3358,ReyanshPatel,IT,Executive,534639,14,40,Mumbai,Low,No,31-12-2019,,46542,No
3359,IraPatel,Legal,Specialist,1642237,1,36,Bangalore,High,No,19-01-2015,,252819,Yes
3360,IshaanVerma,Legal,Consultant,870797,15,52,Bangalore,High,Yes,11-11-2023,29-08-2025,93032,Yes
3361,AaravKapoor,IT,Lead,475631,8,44,Bangalore,High,No,17-05-2017,,76761,No
3362,VihaanSingh,Legal,Manager,1119483,15,43,Mumbai,High,Yes,19-05-2021,15-01-2026,229002,Yes
3363,AadhyaSharma,Operations,Consultant,927344,12,24,Chennai,Average,No,14-05-2018,,85422,Yes
3364,KiaraNair,Admin,Analyst,1812986,11,54,Chennai,Low,Yes,10-07-2017,26-12-2021,116855,No
3365,ReyanshSharma,Legal,Specialist,251044,7,34,Mumbai,High,Yes,07-05-2018,18-12-2019,57741,Yes
3366,DiyaVerma,Finance,Specialist,1406093,16,42,Chennai,High,Yes,18-02-2022,10-01-2025,175272,No
3367,ArjunNair,Operations,Analyst,389932,13,29,Chennai,Average,No,09-07-2019,,44080,Yes
3368,AadhyaGupta,Sales,Manager,1495178,16,54,Hyderabad,High,Yes,10-08-2019,16-12-2020,227950,Yes
3369,IraVerma,Admin,Lead,1814468,17,43,Chennai,High,Yes,11-06-2024,27-10-2028,90955,Yes
3370,SaiMehta,Admin,Consultant,1713071,14,28,Kolkata,High,Yes,31-10-2023,12-06-2028,253698,Yes
3371,AadhyaReddy,Marketing,Consultant,1294811,16,34,Chennai,High,No,16-04-2015,,187129,Yes
3372,MyraPatel,Admin,Specialist,1618910,5,25,Chennai,Average,No,28-12-2019,,206948,Yes
3373,KiaraNair,Admin,Analyst,260046,19,25,Bangalore,Low,Yes,28-11-2021,15-11-2025,35376,Yes
3374,KiaraMehta,Admin,Lead,1223429,7,22,Delhi,Average,Yes,07-04-2016,25-02-2019,300773,No
3375,IraSingh,HR,Lead,774382,7,50,Chennai,Average,No,08-05-2021,,38893,No
3376,SaiNair,Sales,Lead,1036910,19,50,Bangalore,High,No,22-04-2022,,116444,No
3377,ReyanshKapoor,HR,Manager,464250,5,28,Delhi,High,No,05-02-2024,,96290,No
3378,AdityaGupta,Sales,Lead,1703377,17,52,Hyderabad,High,Yes,20-12-2024,16-03-2030,340031,Yes
3379,VihaanSingh,HR,Consultant,251500,3,56,Kolkata,Average,Yes,04-08-2022,13-05-2025,33533,Yes
3380,ArjunSingh,Legal,Consultant,1967588,15,34,Kolkata,Low,Yes,28-09-2023,11-07-2024,462535,Yes
3381,IraSharma,Legal,Specialist,1765485,18,55,Pune,High,Yes,25-03-2022,12-07-2025,136277,Yes
3382,VivaanIyer,IT,Manager,1578677,3,31,Hyderabad,Low,Yes,16-02-2015,09-12-2016,130601,No
3383,MyraSingh,Sales,Manager,528897,10,54,Bangalore,High,No,13-11-2015,,84573,No
3384,RiyaIyer,HR,Manager,1786444,0,27,Pune,Average,Yes,26-10-2019,30-01-2021,203244,No
3385,IraReddy,Admin,Lead,795635,11,33,Chennai,Average,Yes,24-05-2018,12-02-2021,73662,Yes
3386,AnanyaReddy,Admin,Executive,924945,1,54,Kolkata,Average,No,10-10-2024,,187486,Yes
3387,VihaanGupta,Sales,Executive,1641834,17,51,Bangalore,Average,No,23-05-2020,,189829,Yes
3388,AnanyaIyer,HR,Analyst,339648,18,36,Mumbai,High,Yes,17-10-2024,07-08-2028,72635,No
3389,RiyaSingh,Sales,Lead,586720,8,54,Bangalore,High,No,08-08-2019,,73425,No
3390,VivaanPatel,Operations,Lead,1934505,5,51,Chennai,Low,Yes,29-09-2019,16-02-2025,325942,Yes
3391,IshaanVerma,Marketing,Specialist,1435078,12,33,Delhi,High,Yes,15-05-2023,04-12-2023,328284,Yes
3392,AyaanReddy,HR,Manager,1875522,11,21,Hyderabad,High,No,24-12-2019,,192500,Yes
3393,AnanyaNair,Finance,Consultant,1133580,16,28,Delhi,High,No,04-02-2022,,214749,No
3394,RiyaIyer,HR,Manager,1778256,1,55,Mumbai,High,No,05-12-2021,,165621,No
3395,DiyaNair,Marketing,Analyst,1363671,17,59,Hyderabad,Average,No,18-04-2019,,291644,Yes
3396,AyaanNair,Legal,Analyst,997784,4,47,Kolkata,Low,Yes,15-06-2017,06-04-2020,60248,No
3397,ReyanshGupta,Operations,Specialist,1777182,11,45,Mumbai,Average,Yes,12-04-2016,20-05-2018,359762,Yes
3398,DiyaSingh,Admin,Analyst,289199,14,48,Hyderabad,High,Yes,05-05-2021,08-08-2023,29643,Yes
3399,KiaraMehta,Finance,Lead,752561,1,54,Hyderabad,High,Yes,07-03-2020,31-12-2024,38965,Yes
3400,ArjunSingh,Finance,Analyst,245310,14,32,Chennai,Average,No,13-12-2020,,31349,Yes
3401,AyaanMehta,IT,Analyst,669790,13,49,Delhi,Average,No,18-07-2016,,91366,Yes
3402,MyraReddy,Marketing,Lead,531429,9,28,Mumbai,High,No,26-12-2017,,75944,No
3403,AaravIyer,Sales,Analyst,1606546,8,36,Bangalore,Average,No,14-10-2015,,162020,No
3404,SaanviGupta,Finance,Analyst,1099355,3,30,Pune,High,No,01-07-2022,,198475,No
3405,AdityaIyer,Marketing,Consultant,1106030,3,29,Chennai,Low,No,24-02-2016,,270700,Yes
3406,KiaraSharma,Operations,Executive,972443,14,22,Mumbai,Low,Yes,15-01-2016,01-07-2018,63037,Yes
3407,SaanviSingh,Finance,Consultant,518581,3,51,Kolkata,Average,Yes,24-08-2019,07-03-2022,97244,Yes
3408,IshaanPatel,Admin,Specialist,1178000,13,21,Pune,Low,No,20-03-2017,,86138,Yes
3409,IraIyer,Marketing,Executive,1407578,18,44,Pune,Low,Yes,28-09-2023,05-02-2027,106450,No
3410,IshaanMehta,Sales,Executive,1853986,14,37,Kolkata,Low,No,17-04-2019,,102163,No
3411,AaravSingh,Legal,Consultant,1118598,4,41,Kolkata,Low,Yes,25-04-2022,28-12-2022,239877,Yes
3412,AadhyaNair,Admin,Specialist,339118,6,57,Delhi,High,No,17-10-2019,,30571,No
3413,AadhyaNair,Finance,Executive,1868216,8,53,Mumbai,Average,No,11-02-2023,,120414,Yes
3414,KrishnaGupta,HR,Manager,1906978,1,56,Kolkata,Low,Yes,23-04-2023,03-01-2026,213459,Yes
3415,KrishnaSingh,HR,Executive,1240062,9,33,Mumbai,High,No,06-01-2024,,260102,No
3416,MyraMehta,Legal,Specialist,1397113,11,33,Bangalore,High,Yes,03-11-2020,02-09-2021,156268,Yes
3417,IraIyer,Finance,Analyst,681920,5,21,Mumbai,High,No,20-08-2020,,81281,No
3418,SaanviVerma,Marketing,Analyst,1704895,7,42,Delhi,High,Yes,11-07-2020,09-09-2023,132790,Yes
3419,AyaanReddy,Finance,Specialist,1436635,7,25,Bangalore,Average,No,26-05-2024,,335879,No
3420,IshaanGupta,Legal,Executive,289067,16,58,Delhi,High,No,01-05-2021,,26283,Yes
3421,IraGupta,Legal,Manager,1145229,13,46,Delhi,High,No,29-05-2018,,249627,No
3422,RiyaReddy,Operations,Lead,992922,15,56,Kolkata,Low,Yes,18-05-2024,12-09-2029,187967,No
3423,KiaraNair,Marketing,Executive,454166,10,38,Bangalore,High,Yes,02-05-2019,18-01-2021,31583,Yes
3424,ReyanshKapoor,Operations,Executive,914967,7,23,Mumbai,High,No,15-09-2015,,140233,No
3425,AdityaMehta,Marketing,Analyst,904914,7,22,Pune,Average,No,06-03-2015,,198852,No
3426,ArjunGupta,Sales,Lead,356597,12,55,Delhi,Average,No,07-05-2023,,71074,Yes
3427,AyaanVerma,Marketing,Analyst,992976,15,51,Bangalore,Average,Yes,21-01-2017,01-06-2019,59143,No
3428,IraPatel,Sales,Manager,1772464,14,30,Bangalore,Low,Yes,30-04-2016,04-08-2019,430621,No
3429,AnikaIyer,Admin,Lead,771934,4,48,Kolkata,Average,Yes,11-06-2022,13-04-2025,42307,Yes
3430,ArjunSharma,Marketing,Executive,994895,6,22,Chennai,Average,No,16-03-2017,,111384,Yes
3431,KiaraIyer,Legal,Specialist,1740978,7,45,Delhi,High,Yes,07-09-2023,15-08-2024,406421,Yes
3432,NavyaReddy,HR,Executive,1206156,4,47,Delhi,High,No,04-03-2020,,82861,Yes
3433,AdityaPatel,Sales,Lead,240733,4,38,Delhi,Average,Yes,12-08-2016,12-12-2018,15797,Yes
3434,KrishnaMehta,Legal,Specialist,925959,17,27,Chennai,Average,Yes,16-08-2021,11-03-2025,231063,Yes
3435,AaravIyer,Finance,Lead,1563610,0,49,Hyderabad,Low,Yes,21-02-2016,07-06-2018,103124,No
3436,NavyaReddy,Legal,Analyst,477972,8,41,Mumbai,Average,No,11-02-2015,,72316,Yes
3437,AadhyaKapoor,HR,Manager,756490,0,40,Kolkata,Average,Yes,05-06-2022,08-01-2026,43117,Yes
3438,AdityaReddy,Marketing,Manager,1008459,0,30,Pune,High,Yes,28-09-2019,18-05-2021,238139,Yes
3439,SaanviSharma,HR,Manager,309658,4,25,Mumbai,Low,Yes,07-09-2024,31-10-2025,71166,No
3440,AnanyaReddy,HR,Consultant,1127445,1,24,Bangalore,Low,Yes,15-03-2018,21-05-2019,203065,No
3441,VihaanVerma,Marketing,Manager,1639977,14,53,Delhi,Average,No,16-05-2019,,85018,No
3442,VivaanVerma,Operations,Executive,310078,9,44,Bangalore,Average,Yes,25-12-2016,24-06-2019,33159,Yes
3443,VihaanNair,Legal,Manager,359574,6,39,Mumbai,High,Yes,26-01-2016,19-07-2019,27512,Yes
3444,ArjunGupta,Marketing,Executive,458432,12,23,Delhi,Average,Yes,05-04-2022,12-05-2025,40282,Yes
3445,SaiGupta,HR,Analyst,1930659,2,24,Hyderabad,Low,Yes,09-05-2024,04-12-2024,207353,Yes
3446,RiyaSharma,Finance,Executive,1554559,2,47,Kolkata,Low,No,22-02-2022,,229123,No
3447,ReyanshMehta,Finance,Manager,1815737,0,34,Mumbai,High,Yes,27-01-2017,09-11-2017,307371,No
3448,SaiKapoor,Legal,Executive,1094840,11,55,Kolkata,Low,Yes,23-10-2023,01-03-2026,258738,Yes
3449,RiyaPatel,Operations,Specialist,615721,0,58,Pune,Average,No,22-03-2024,,63477,Yes
3450,ReyanshPatel,IT,Lead,1258440,13,31,Hyderabad,Average,No,05-08-2016,,302588,No
3451,AadhyaSharma,IT,Analyst,1007449,1,58,Chennai,High,No,07-08-2023,,85987,No
3452,ReyanshPatel,IT,Consultant,1348626,18,58,Delhi,High,No,05-03-2022,,205914,Yes
3453,AadhyaIyer,Admin,Consultant,1977069,16,50,Kolkata,Low,No,04-07-2020,,138260,No
3454,SaiSingh,Admin,Manager,407746,4,39,Bangalore,Average,Yes,19-06-2015,13-04-2018,40351,No
3455,SaiNair,Legal,Analyst,848431,0,58,Kolkata,Average,Yes,26-02-2021,01-12-2022,188919,No
3456,IraNair,IT,Analyst,407977,1,57,Kolkata,Low,Yes,25-01-2018,28-03-2023,55656,No
3457,AadhyaPatel,Finance,Analyst,815929,8,23,Hyderabad,Average,Yes,18-04-2020,03-04-2022,53503,Yes
3458,SaanviSingh,Operations,Manager,1458515,16,43,Bangalore,Average,No,25-02-2016,,78555,No
3459,AadhyaReddy,Sales,Analyst,679367,4,53,Mumbai,High,No,02-02-2015,,61086,Yes
3460,AnikaKapoor,Operations,Consultant,1449557,4,35,Mumbai,Low,No,13-12-2020,,262871,Yes
3461,SaanviIyer,IT,Analyst,1128567,17,27,Delhi,Average,No,01-05-2022,,89432,Yes
3462,SaiIyer,Legal,Manager,1189243,18,27,Pune,High,Yes,03-03-2023,03-08-2025,268838,No
3463,KrishnaMehta,Marketing,Specialist,1396631,10,21,Chennai,Average,No,02-03-2020,,222224,Yes
3464,AnikaSharma,Legal,Executive,889963,1,35,Hyderabad,High,Yes,29-05-2015,18-01-2020,70501,No
3465,AnikaIyer,Sales,Lead,529326,19,29,Chennai,High,Yes,10-10-2018,13-09-2022,93189,No
3466,VihaanReddy,Sales,Consultant,913757,7,21,Chennai,Low,Yes,23-06-2023,18-09-2026,223350,No
3467,NavyaMehta,Admin,Executive,1934877,9,58,Delhi,Low,Yes,20-02-2023,06-02-2028,205716,No
3468,ReyanshIyer,IT,Specialist,1697488,0,25,Delhi,Average,Yes,16-06-2019,27-05-2021,217711,Yes
3469,VihaanPatel,Legal,Specialist,1113457,6,31,Chennai,High,Yes,22-02-2024,30-07-2028,272709,Yes
3470,SaanviPatel,Sales,Executive,1874688,8,48,Mumbai,Low,No,24-01-2023,,355957,No
3471,ReyanshSingh,Marketing,Specialist,1284655,1,24,Hyderabad,Low,No,18-06-2020,,142205,No
3472,ArjunSingh,IT,Specialist,1358786,3,26,Kolkata,High,No,28-09-2018,,220876,No
3473,SaanviMehta,Sales,Lead,1612482,9,39,Delhi,Average,Yes,27-09-2015,09-09-2016,348117,No
3474,AaravMehta,Legal,Lead,1019227,3,44,Bangalore,High,Yes,20-04-2018,20-04-2019,108547,Yes
3475,SaiNair,Legal,Consultant,1166994,12,30,Bangalore,High,No,08-07-2015,,167415,Yes
3476,RiyaNair,Admin,Consultant,708197,1,53,Delhi,Average,Yes,15-08-2018,20-04-2020,87990,Yes
3477,AnanyaMehta,Finance,Executive,260964,14,56,Delhi,Average,Yes,22-06-2023,21-12-2027,51109,Yes
3478,DiyaSingh,HR,Executive,728089,16,35,Hyderabad,High,Yes,10-05-2020,03-10-2025,77175,No
3479,AnikaSharma,Finance,Manager,654933,16,34,Mumbai,Low,No,08-02-2023,,93940,No
3480,ReyanshIyer,Legal,Specialist,1206425,12,50,Pune,Low,No,11-07-2021,,96871,Yes
3481,IshaanSharma,Marketing,Executive,901477,3,55,Pune,Low,Yes,11-10-2023,05-04-2026,172216,No
3482,IraSingh,Sales,Executive,1266777,4,47,Delhi,Average,Yes,08-10-2021,03-12-2023,195294,Yes
3483,SaanviSharma,Marketing,Lead,507919,18,35,Pune,High,Yes,18-04-2016,25-05-2018,41307,Yes
3484,VivaanPatel,IT,Executive,1191006,18,44,Mumbai,High,No,17-12-2017,,99930,No
3485,VihaanNair,HR,Consultant,1294531,9,29,Delhi,High,Yes,19-11-2021,22-12-2025,221838,Yes
3486,IshaanGupta,Finance,Manager,1819177,18,41,Bangalore,High,No,04-11-2016,,339395,No
3487,MyraPatel,IT,Executive,1362320,1,21,Mumbai,Average,Yes,02-12-2017,15-02-2022,305270,Yes
3488,AadhyaSharma,Admin,Lead,298991,4,32,Pune,Low,No,24-02-2016,,69866,Yes
3489,ReyanshKapoor,Legal,Executive,1980261,18,29,Delhi,Average,No,27-08-2022,,184690,Yes
3490,AdityaIyer,Finance,Manager,951247,12,45,Mumbai,High,Yes,10-02-2019,10-11-2020,55141,No
3491,AaravGupta,Marketing,Specialist,1038147,10,58,Pune,Low,Yes,10-06-2024,28-07-2028,147006,Yes
3492,IshaanVerma,Finance,Manager,1953702,6,56,Kolkata,High,No,22-07-2024,,188740,No
3493,AnanyaGupta,Admin,Consultant,687843,12,40,Delhi,High,Yes,04-05-2019,19-07-2021,92179,No
3494,IraKapoor,Operations,Specialist,676848,3,55,Hyderabad,Average,No,21-03-2017,,43263,Yes
3495,RiyaVerma,Sales,Lead,1536608,3,34,Kolkata,Low,Yes,19-01-2017,15-11-2020,250472,No
3496,IshaanSingh,Finance,Consultant,810832,11,42,Hyderabad,Low,No,24-10-2016,,78964,Yes
3497,AyaanGupta,Finance,Analyst,1727629,11,24,Bangalore,Low,Yes,11-03-2019,17-07-2023,226040,Yes
3498,AdityaReddy,Sales,Analyst,1039052,17,48,Delhi,Average,No,28-07-2017,,237813,Yes
3499,SaanviVerma,Legal,Lead,522670,10,58,Bangalore,Average,No,23-01-2024,,85210,Yes
3500,AnanyaGupta,Admin,Consultant,1119955,10,37,Bangalore,Low,Yes,02-03-2015,27-11-2019,243767,Yes
3501,DiyaPatel,Admin,Consultant,709090,13,59,Kolkata,Low,No,11-01-2018,,108879,No
3502,NavyaKapoor,Operations,Specialist,968112,8,42,Hyderabad,High,No,27-03-2021,,110560,Yes
3503,VivaanSharma,Operations,Executive,1518824,4,22,Chennai,High,No,28-11-2023,,358019,No
3504,KiaraReddy,Legal,Manager,1520274,9,56,Bangalore,Average,No,02-05-2021,,330701,Yes
3505,SaiIyer,Finance,Specialist,1496181,12,59,Mumbai,Average,No,26-01-2016,,137321,Yes
3506,DiyaNair,Operations,Executive,1664011,15,26,Bangalore,Average,Yes,02-02-2017,04-05-2021,335688,No
3507,AaravSharma,Finance,Analyst,1966086,3,33,Kolkata,High,No,22-01-2022,,167270,Yes
3508,AyaanSharma,Legal,Lead,324809,11,55,Pune,Average,Yes,10-05-2022,11-11-2025,47421,No
3509,VivaanKapoor,Admin,Executive,207543,11,32,Delhi,Low,No,04-03-2019,,43567,No
3510,MyraSingh,HR,Consultant,1038537,1,45,Bangalore,Low,No,21-07-2022,,75036,Yes
3511,MyraGupta,HR,Specialist,1387978,3,43,Hyderabad,Low,Yes,28-06-2018,20-01-2019,86271,Yes
3512,VihaanReddy,IT,Manager,1619442,16,52,Mumbai,Low,Yes,06-06-2022,09-02-2026,205954,Yes
3513,SaiKapoor,IT,Analyst,1996492,11,27,Delhi,High,No,10-08-2020,,176863,No
3514,AnanyaGupta,Sales,Analyst,1373366,13,37,Chennai,High,No,04-03-2019,,243510,Yes
3515,AaravPatel,Finance,Executive,1811776,8,44,Pune,High,No,26-04-2016,,357947,No
3516,RiyaVerma,Sales,Analyst,1460282,14,37,Kolkata,Low,Yes,10-03-2018,30-04-2020,278578,Yes
3517,DiyaSharma,Operations,Manager,1643774,2,43,Bangalore,Average,Yes,17-03-2023,19-08-2025,153609,Yes
3518,NavyaSingh,IT,Executive,1041113,0,34,Kolkata,Average,No,26-10-2019,,209445,Yes
3519,DiyaIyer,HR,Lead,884873,0,25,Kolkata,Average,Yes,05-08-2023,28-04-2025,181225,Yes
3520,ArjunKapoor,HR,Executive,748442,18,42,Delhi,Average,Yes,03-04-2019,22-07-2021,108643,No
3521,AnanyaMehta,Marketing,Executive,1251564,15,28,Chennai,Average,Yes,24-03-2024,04-06-2027,221957,Yes
3522,KrishnaPatel,Admin,Lead,858934,0,51,Hyderabad,Average,No,20-05-2022,,110828,Yes
3523,MyraSharma,IT,Executive,1556817,7,43,Pune,High,Yes,27-09-2022,23-04-2027,117236,Yes
3524,SaanviMehta,Operations,Specialist,257955,19,46,Chennai,High,Yes,15-03-2015,15-04-2019,20550,Yes
3525,KiaraKapoor,Finance,Consultant,889837,1,49,Mumbai,Low,Yes,10-11-2023,20-10-2028,220128,No
3526,KrishnaMehta,Legal,Lead,1117629,16,33,Chennai,Low,No,04-06-2022,,122235,No
3527,MyraReddy,Operations,Specialist,471326,17,41,Kolkata,Average,No,14-03-2020,,34323,Yes
3528,MyraPatel,IT,Lead,1392568,0,35,Pune,Low,No,03-11-2021,,337441,No
3529,AnikaSharma,Marketing,Analyst,1695734,5,53,Mumbai,High,No,26-04-2015,,211107,Yes
3530,SaanviVerma,HR,Specialist,659993,14,34,Bangalore,Average,No,18-03-2020,,57140,Yes
3531,AyaanIyer,Marketing,Analyst,622191,18,53,Hyderabad,Low,Yes,19-08-2022,02-06-2023,104157,No
3532,AnanyaGupta,Admin,Specialist,991329,3,56,Delhi,Low,No,27-05-2022,,75161,Yes
3533,IshaanSingh,HR,Manager,229870,10,39,Bangalore,Low,Yes,14-04-2021,28-02-2025,23418,No
3534,ReyanshIyer,Legal,Lead,1143883,11,41,Chennai,Low,No,30-09-2023,,250098,No
3535,KrishnaPatel,Admin,Specialist,1910526,8,56,Kolkata,Low,No,01-04-2017,,161674,Yes
3536,MyraPatel,IT,Manager,880050,2,51,Pune,Low,No,27-09-2016,,115268,Yes
3537,ReyanshPatel,HR,Executive,1466335,4,52,Bangalore,Low,No,24-11-2020,,296346,Yes
3538,IshaanVerma,Operations,Analyst,1182630,5,50,Mumbai,Average,Yes,28-11-2016,17-07-2017,81710,No
3539,MyraReddy,Operations,Specialist,1622514,10,40,Bangalore,High,Yes,02-07-2016,06-08-2017,141603,No
3540,SaiIyer,Legal,Executive,1275986,7,27,Mumbai,Average,Yes,02-03-2018,27-08-2019,216121,No
3541,KiaraSharma,Sales,Manager,490182,10,29,Mumbai,High,Yes,02-08-2017,31-08-2020,60391,No
3542,RiyaPatel,Operations,Manager,1743381,7,40,Mumbai,Low,No,24-11-2024,,286180,Yes
3543,NavyaNair,Sales,Executive,1291323,6,40,Bangalore,Low,Yes,26-11-2020,18-01-2025,94749,No
3544,SaanviGupta,Finance,Specialist,870247,12,59,Mumbai,Low,No,05-12-2023,,50152,No
3545,SaiSingh,IT,Manager,759168,16,22,Delhi,Average,Yes,28-07-2019,12-11-2022,118363,No
3546,KiaraKapoor,IT,Executive,1188660,10,38,Bangalore,High,Yes,06-11-2020,21-01-2026,251071,Yes
3547,SaanviNair,Sales,Specialist,1486479,11,49,Kolkata,Low,No,01-03-2017,,206117,Yes
3548,ArjunReddy,HR,Manager,1838388,18,46,Delhi,Low,Yes,17-08-2015,31-07-2016,324276,Yes
3549,IshaanKapoor,Operations,Executive,1604038,8,45,Mumbai,Low,Yes,05-10-2024,01-10-2026,295770,No
3550,VihaanSingh,HR,Executive,1662445,11,48,Chennai,Low,Yes,20-12-2017,03-10-2020,243671,Yes
3551,DiyaSingh,Sales,Specialist,1709591,12,22,Chennai,Average,Yes,04-07-2022,17-03-2024,92687,Yes
3552,AaravSharma,HR,Manager,1278642,13,50,Pune,High,No,12-09-2023,,154344,No
3553,VihaanNair,IT,Manager,1331183,18,51,Kolkata,Average,No,16-01-2017,,241006,No
3554,IraVerma,Operations,Analyst,413699,17,33,Chennai,Average,Yes,28-04-2016,23-11-2020,89887,No
3555,AnikaSingh,IT,Manager,1461737,4,23,Delhi,Average,No,27-04-2017,,314215,Yes
3556,ArjunMehta,Finance,Specialist,684023,6,39,Pune,High,No,01-02-2015,,103065,No
3557,MyraVerma,Marketing,Analyst,502789,14,51,Hyderabad,Average,No,04-05-2021,,62504,No
3558,AyaanIyer,HR,Consultant,1084801,4,29,Delhi,High,No,04-07-2017,,214856,No
3559,ReyanshSingh,Finance,Executive,246972,7,54,Pune,Average,No,07-08-2016,,24368,No
3560,AadhyaNair,Operations,Executive,532924,17,47,Bangalore,Low,No,15-10-2019,,117443,No
3561,AdityaGupta,HR,Lead,1031022,4,42,Mumbai,High,Yes,31-08-2017,03-11-2019,256386,No
3562,IraKapoor,HR,Specialist,1285673,5,23,Pune,Low,Yes,08-11-2023,22-03-2025,299514,Yes
3563,ArjunMehta,Finance,Consultant,1207886,4,35,Delhi,Average,No,10-07-2022,,111814,No
3564,AaravNair,Admin,Consultant,1378593,17,43,Hyderabad,Low,No,24-12-2022,,340938,Yes
3565,ArjunGupta,Sales,Consultant,952936,4,53,Hyderabad,Low,No,17-05-2021,,87620,Yes
3566,AdityaGupta,Legal,Consultant,989031,13,58,Chennai,High,No,20-02-2019,,97803,No
3567,AadhyaMehta,Admin,Executive,331930,8,25,Delhi,Average,Yes,08-07-2018,04-10-2021,67453,No
3568,ReyanshSharma,HR,Executive,1464099,15,36,Pune,Low,No,06-02-2017,,292397,No
3569,AyaanSingh,IT,Manager,1766903,0,23,Pune,High,Yes,01-12-2021,04-05-2027,253871,Yes
3570,ArjunPatel,Legal,Analyst,324221,6,27,Chennai,High,No,05-03-2018,,76675,No
3571,RiyaMehta,IT,Specialist,1219530,14,31,Kolkata,High,No,14-07-2020,,86204,Yes
3572,IraKapoor,Sales,Consultant,1034673,19,22,Hyderabad,Average,No,21-02-2021,,86934,Yes
3573,AnanyaMehta,IT,Executive,1414176,10,23,Delhi,Low,No,02-12-2019,,336103,Yes
3574,SaanviReddy,IT,Consultant,1665300,4,31,Hyderabad,Average,No,13-02-2015,,152763,Yes
3575,AadhyaIyer,Sales,Analyst,342412,19,23,Delhi,Low,No,29-03-2019,,49005,Yes
3576,KrishnaReddy,Operations,Manager,1882186,10,41,Kolkata,Low,No,21-06-2018,,259876,No
3577,SaanviReddy,Legal,Lead,1803344,15,34,Hyderabad,Average,No,13-07-2022,,368948,No
3578,NavyaPatel,Legal,Manager,1979018,12,21,Mumbai,Average,No,12-12-2018,,189752,No
3579,VihaanSharma,Marketing,Specialist,704703,4,50,Pune,Low,No,28-07-2024,,164838,Yes
3580,AadhyaSingh,IT,Lead,1917038,6,34,Hyderabad,Average,No,08-02-2024,,205080,No
3581,VihaanGupta,HR,Specialist,749509,1,36,Kolkata,Low,No,03-03-2019,,116155,No
3582,IraGupta,Sales,Consultant,332141,5,28,Bangalore,High,Yes,02-03-2017,19-04-2019,37050,No
3583,AnikaMehta,Marketing,Consultant,621153,12,29,Bangalore,Low,Yes,25-12-2024,15-10-2026,62985,Yes
3584,AnikaVerma,Marketing,Specialist,1719025,11,43,Kolkata,High,No,28-04-2021,,224063,Yes
3585,SaiGupta,Sales,Analyst,1906135,9,51,Hyderabad,Average,Yes,14-09-2016,28-03-2018,227698,No
3586,DiyaIyer,Admin,Manager,298231,1,38,Bangalore,Low,No,29-06-2024,,55459,Yes
3587,KiaraSharma,Sales,Manager,1670952,7,45,Pune,High,Yes,12-02-2017,25-01-2020,339400,Yes
3588,IshaanIyer,IT,Manager,734979,5,48,Mumbai,Average,Yes,13-09-2015,17-06-2019,57820,Yes
3589,AnikaPatel,Operations,Executive,752766,0,33,Pune,Average,No,18-02-2023,,70711,No
3590,KiaraSharma,Legal,Manager,245900,13,31,Hyderabad,High,Yes,13-04-2015,17-04-2019,61002,Yes
3591,NavyaNair,Sales,Executive,1404707,16,52,Delhi,Low,Yes,17-07-2018,04-04-2022,95435,Yes
3592,AaravSharma,Marketing,Lead,1984458,12,30,Bangalore,Low,No,19-08-2021,,319776,No
3593,MyraMehta,Sales,Manager,1773474,14,28,Hyderabad,Average,No,09-09-2024,,420658,Yes
3594,NavyaGupta,Legal,Specialist,1721984,7,55,Pune,High,Yes,22-03-2021,06-02-2024,382449,Yes
3595,SaanviSharma,Operations,Consultant,450440,16,51,Pune,Average,No,05-03-2015,,68518,No
3596,RiyaGupta,HR,Lead,1086469,6,31,Bangalore,Average,No,26-01-2018,,236344,Yes
3597,VihaanMehta,IT,Analyst,1944891,19,47,Chennai,Average,Yes,24-05-2023,15-02-2027,123170,Yes
3598,DiyaSharma,HR,Executive,1367823,2,49,Delhi,Average,No,30-06-2023,,106917,No
3599,VihaanIyer,Operations,Lead,1918002,1,53,Pune,High,Yes,09-07-2015,16-03-2020,202030,Yes
3600,ReyanshKapoor,HR,Analyst,1003111,16,52,Bangalore,High,Yes,16-03-2017,08-02-2020,183987,Yes
3601,IshaanSharma,Marketing,Manager,1569943,12,41,Delhi,Average,No,14-09-2019,,239560,No
3602,NavyaReddy,Finance,Consultant,815692,6,43,Mumbai,Average,Yes,13-11-2019,20-03-2024,154857,Yes
3603,KrishnaKapoor,Sales,Specialist,421325,16,44,Bangalore,Average,No,02-09-2015,,85816,No
3604,NavyaSharma,Sales,Executive,737889,18,42,Chennai,High,Yes,24-03-2020,27-04-2021,142630,Yes
3605,SaanviKapoor,Operations,Specialist,1678662,12,36,Bangalore,Average,Yes,22-05-2021,09-10-2023,184258,No
3606,KiaraKapoor,Marketing,Executive,219215,14,29,Delhi,High,Yes,27-10-2023,22-02-2027,50379,Yes
3607,KiaraVerma,Legal,Lead,952932,13,36,Chennai,High,Yes,12-07-2023,27-02-2028,146086,No
3608,VihaanNair,Finance,Executive,1773390,11,46,Bangalore,High,No,31-07-2019,,368512,No
3609,NavyaNair,Finance,Executive,788843,19,26,Chennai,High,No,15-01-2017,,124396,No
3610,KiaraReddy,Sales,Consultant,1838266,0,36,Mumbai,Low,No,17-05-2017,,330417,Yes
3611,IraSharma,Operations,Executive,454494,1,38,Bangalore,High,Yes,19-01-2024,27-01-2026,41739,No
3612,ReyanshPatel,Operations,Consultant,549948,0,36,Chennai,Low,No,10-11-2015,,88535,No
3613,AnanyaIyer,IT,Lead,1980915,3,21,Bangalore,Low,No,22-10-2015,,259293,Yes
3614,AyaanSingh,IT,Analyst,1392697,9,21,Mumbai,Average,No,03-01-2018,,100339,Yes
3615,VihaanIyer,Admin,Analyst,1562061,13,27,Chennai,Low,Yes,26-04-2020,19-02-2024,93294,No
3616,MyraPatel,Legal,Specialist,1637923,1,59,Chennai,Average,Yes,21-11-2016,03-11-2019,144396,Yes
3617,ReyanshSharma,IT,Lead,418438,11,23,Bangalore,Low,Yes,28-05-2017,12-02-2021,46237,No
3618,SaiIyer,Legal,Specialist,1676963,6,27,Chennai,High,Yes,02-11-2015,28-11-2017,299840,No
3619,AnanyaVerma,Operations,Consultant,1765433,11,30,Pune,Low,Yes,22-10-2024,28-09-2025,218774,No
3620,ArjunKapoor,Operations,Analyst,828292,0,21,Hyderabad,Low,Yes,20-03-2023,25-09-2026,83676,Yes
3621,MyraIyer,Sales,Executive,1084426,11,23,Chennai,High,No,29-03-2016,,142853,Yes
3622,AaravIyer,Sales,Lead,1683388,12,31,Kolkata,High,Yes,19-01-2019,21-04-2022,294533,No
3623,IraIyer,Admin,Consultant,1461399,13,37,Kolkata,Low,Yes,10-09-2020,23-04-2024,304865,No
3624,ArjunReddy,IT,Consultant,1751108,15,54,Pune,Average,No,19-07-2018,,301096,Yes
3625,AaravSingh,HR,Executive,1614323,13,45,Hyderabad,Low,Yes,25-08-2022,22-01-2026,381214,Yes
3626,VivaanGupta,Marketing,Manager,1483677,17,54,Mumbai,Average,No,29-03-2018,,360289,No
3627,ReyanshSharma,Operations,Consultant,390984,1,59,Pune,Average,No,08-10-2016,,20993,No
3628,VihaanSingh,Legal,Executive,1412511,17,58,Pune,High,No,04-01-2023,,192320,Yes
3629,SaanviReddy,Legal,Analyst,253096,12,36,Kolkata,Average,No,24-07-2018,,59490,No
3630,AadhyaPatel,HR,Lead,937411,11,28,Chennai,High,No,22-10-2018,,132606,Yes
3631,ReyanshPatel,Marketing,Executive,899830,18,29,Delhi,High,No,27-03-2018,,133478,Yes
3632,SaiPatel,IT,Consultant,430119,11,35,Hyderabad,High,No,01-07-2021,,33619,Yes
3633,KiaraSingh,Sales,Consultant,1636476,15,46,Mumbai,Low,Yes,12-01-2016,03-02-2019,171787,Yes
3634,KrishnaMehta,HR,Specialist,1776592,19,42,Delhi,Average,No,26-09-2024,,436281,No
3635,AyaanNair,HR,Executive,1213730,12,34,Bangalore,Average,Yes,14-05-2023,17-05-2028,109071,Yes
3636,AnanyaSharma,Finance,Executive,1547693,19,59,Delhi,Average,Yes,14-04-2022,04-06-2027,369672,No
3637,AaravSharma,HR,Manager,1243774,6,48,Hyderabad,Average,Yes,22-07-2020,05-02-2023,245908,No
3638,KiaraReddy,Admin,Lead,252763,1,37,Kolkata,Low,Yes,11-11-2015,27-05-2020,56058,No
3639,IshaanKapoor,Sales,Analyst,1603857,2,57,Hyderabad,Low,Yes,29-06-2019,27-11-2022,122904,Yes
3640,IshaanSingh,Legal,Specialist,1463105,0,32,Chennai,Low,No,03-05-2017,,333528,No
3641,AyaanKapoor,Legal,Consultant,1154192,10,25,Hyderabad,Average,Yes,27-03-2020,23-02-2025,162627,Yes
3642,AaravMehta,Finance,Specialist,599547,19,43,Pune,Low,No,15-04-2019,,55240,No
3643,DiyaGupta,IT,Analyst,306435,10,29,Hyderabad,High,No,04-03-2018,,39244,No
3644,AnikaGupta,Admin,Consultant,592278,4,26,Mumbai,Average,Yes,09-01-2023,14-03-2026,121935,Yes
3645,VivaanGupta,HR,Lead,1738971,17,44,Hyderabad,High,Yes,27-04-2024,08-03-2026,187912,Yes
3646,IshaanNair,HR,Analyst,1996388,12,42,Delhi,High,Yes,05-11-2017,20-05-2020,201552,No
3647,KrishnaMehta,IT,Specialist,1481418,18,43,Delhi,Average,Yes,11-06-2015,26-11-2017,248905,Yes
3648,ReyanshMehta,Operations,Specialist,1981926,11,48,Kolkata,High,Yes,27-07-2024,27-08-2026,105806,No
3649,RiyaMehta,HR,Executive,726491,3,48,Delhi,Low,Yes,18-02-2018,18-06-2020,81068,Yes
3650,NavyaSingh,Sales,Executive,1522933,16,56,Chennai,Average,Yes,31-07-2023,10-11-2027,223023,Yes
3651,IshaanKapoor,HR,Manager,235191,8,25,Chennai,High,Yes,03-09-2017,14-09-2018,32964,No
3652,KrishnaVerma,Operations,Lead,1717876,6,56,Chennai,Low,Yes,30-08-2017,18-09-2020,235212,Yes
3653,VivaanPatel,Sales,Consultant,1298314,2,22,Hyderabad,Average,No,10-05-2016,,295150,Yes
3654,AyaanNair,Legal,Manager,324750,16,27,Chennai,High,Yes,01-06-2024,29-04-2025,68078,Yes
3655,ArjunGupta,Legal,Lead,1016700,12,36,Delhi,Average,No,31-10-2019,,94651,No
3656,KrishnaIyer,HR,Analyst,1499503,10,41,Pune,Low,Yes,10-02-2015,16-09-2019,215425,Yes
3657,VivaanReddy,Sales,Consultant,250357,4,37,Kolkata,High,Yes,12-08-2016,16-10-2017,41956,Yes
3658,RiyaNair,Admin,Manager,507678,16,55,Chennai,Average,No,14-05-2021,,57679,Yes
3659,VihaanKapoor,Finance,Consultant,1193332,9,38,Bangalore,Low,No,29-10-2019,,69890,Yes
3660,IraNair,Operations,Consultant,241713,16,27,Delhi,High,Yes,14-01-2021,20-08-2021,48987,No
3661,IraNair,Admin,Consultant,918550,7,37,Kolkata,Low,No,20-06-2023,,91916,No
3662,SaanviGupta,Sales,Specialist,475995,6,53,Mumbai,Average,No,26-10-2022,,81588,Yes
3663,AdityaNair,IT,Specialist,1170259,19,30,Hyderabad,Low,Yes,28-05-2023,02-11-2027,66516,Yes
3664,AadhyaNair,Legal,Specialist,504280,3,24,Chennai,High,Yes,06-09-2021,03-06-2025,67557,Yes
3665,KiaraNair,Finance,Specialist,480398,6,52,Kolkata,Average,Yes,14-08-2023,01-11-2025,43581,Yes
3666,MyraSingh,HR,Specialist,954719,8,34,Bangalore,High,Yes,05-11-2024,26-05-2029,65466,No
3667,AnikaKapoor,Finance,Manager,1148192,18,50,Bangalore,Average,No,24-11-2018,,133463,No
3668,KiaraGupta,Legal,Analyst,740609,17,33,Chennai,Average,No,31-08-2023,,173192,No
3669,AaravKapoor,Sales,Lead,234187,3,21,Bangalore,High,Yes,28-04-2019,19-09-2020,45220,No
3670,AaravVerma,Marketing,Executive,1632609,1,53,Kolkata,Average,Yes,08-12-2016,19-09-2020,261542,No
3671,AnanyaIyer,Sales,Lead,1245843,14,27,Delhi,Low,No,02-07-2021,,292274,No
3672,DiyaVerma,Admin,Executive,852182,1,40,Pune,Low,No,20-10-2023,,84568,No
3673,VivaanSharma,Operations,Executive,1640144,19,33,Delhi,High,Yes,19-10-2018,27-09-2022,275177,No
3674,KrishnaSingh,IT,Lead,666935,4,27,Hyderabad,High,No,03-06-2016,,66570,No
3675,KiaraSharma,Sales,Consultant,466051,13,30,Delhi,Low,Yes,02-08-2015,15-10-2017,35195,Yes
3676,VihaanVerma,IT,Analyst,576783,10,42,Pune,Low,Yes,09-06-2022,20-10-2024,133698,No
3677,VivaanIyer,Marketing,Manager,1440653,1,33,Chennai,Low,No,17-07-2022,,343884,No
3678,ArjunGupta,IT,Manager,1934709,3,41,Kolkata,Low,No,19-01-2020,,238692,Yes
3679,VihaanKapoor,HR,Specialist,581595,3,35,Mumbai,Low,Yes,08-03-2022,05-10-2026,140580,No
3680,ReyanshSharma,IT,Analyst,1153487,19,53,Kolkata,Low,No,05-06-2019,,175689,No
3681,ArjunPatel,Admin,Analyst,859012,6,33,Mumbai,Average,No,24-02-2019,,141110,Yes
3682,AnanyaIyer,Finance,Consultant,520760,3,43,Kolkata,Average,No,10-11-2017,,60663,No
3683,RiyaReddy,Legal,Consultant,346004,5,44,Kolkata,Average,No,28-11-2020,,78822,Yes
3684,SaanviKapoor,Admin,Manager,1652626,5,32,Bangalore,High,No,16-08-2023,,162558,No
3685,DiyaMehta,Marketing,Analyst,1567691,14,39,Pune,Low,No,14-09-2017,,268806,No
3686,AadhyaKapoor,Legal,Analyst,999428,4,26,Kolkata,High,Yes,06-08-2022,13-07-2027,116378,No
3687,NavyaMehta,Marketing,Lead,1015530,19,21,Pune,Low,No,21-04-2015,,204245,No
3688,SaiNair,Admin,Manager,1909959,1,46,Hyderabad,Average,No,27-06-2017,,420893,No
3689,AyaanGupta,HR,Consultant,765260,5,45,Kolkata,Average,No,27-08-2015,,89127,No
3690,NavyaIyer,HR,Lead,999829,10,24,Chennai,Average,Yes,13-02-2019,15-11-2019,84005,Yes
3691,AadhyaSingh,Sales,Consultant,772618,4,44,Kolkata,High,No,13-03-2015,,170714,No
3692,AyaanNair,Operations,Lead,1289408,2,48,Delhi,Average,Yes,21-03-2017,07-06-2019,167269,No
3693,AnanyaSharma,Operations,Consultant,221157,5,55,Delhi,High,Yes,21-01-2019,28-02-2020,46285,No
3694,SaanviIyer,IT,Consultant,640087,12,36,Kolkata,Low,Yes,05-11-2024,14-05-2026,42668,No
3695,ReyanshPatel,IT,Lead,343274,13,52,Kolkata,Low,Yes,26-12-2017,18-11-2020,55981,No
3696,KiaraMehta,Admin,Manager,455672,0,25,Kolkata,High,No,05-08-2024,,28940,No
3697,DiyaSharma,Sales,Lead,395346,3,26,Delhi,Low,No,15-01-2016,,24696,Yes
3698,AnanyaKapoor,Operations,Executive,1886135,0,44,Bangalore,Low,Yes,22-06-2016,10-08-2019,360888,Yes
3699,IshaanReddy,HR,Consultant,1785686,0,49,Mumbai,High,Yes,19-02-2016,28-11-2017,419510,No
3700,ReyanshReddy,Sales,Executive,550161,5,21,Mumbai,Average,No,05-04-2021,,57372,Yes
3701,AyaanIyer,Operations,Manager,1604611,9,25,Delhi,High,Yes,19-02-2024,27-01-2029,384311,Yes
3702,ArjunMehta,Operations,Lead,1291426,3,30,Delhi,Average,Yes,27-06-2019,14-06-2023,273088,No
3703,DiyaGupta,Admin,Analyst,568903,16,44,Mumbai,High,No,10-06-2015,,128326,No
3704,SaiReddy,Finance,Consultant,812114,1,31,Delhi,High,No,15-08-2015,,66365,No
3705,AyaanKapoor,Sales,Lead,564860,2,42,Pune,High,No,27-05-2021,,94060,No
3706,IshaanReddy,Finance,Analyst,1246374,1,21,Pune,Average,Yes,07-07-2024,12-01-2029,185874,Yes
3707,AnikaMehta,Operations,Executive,1109878,3,41,Delhi,Average,No,12-06-2021,,253120,No
3708,DiyaReddy,Sales,Consultant,575651,7,24,Hyderabad,High,Yes,14-09-2023,23-02-2028,106002,No
3709,ArjunIyer,IT,Lead,1886272,0,58,Kolkata,Low,No,12-02-2018,,231505,No
3710,ReyanshMehta,Admin,Analyst,602628,17,44,Hyderabad,Low,Yes,14-10-2017,28-07-2021,33631,Yes
3711,AnanyaIyer,Operations,Specialist,477961,8,53,Pune,High,Yes,03-12-2021,18-09-2023,113094,No
3712,KrishnaVerma,IT,Specialist,1941398,11,36,Delhi,High,No,26-02-2019,,458864,Yes
3713,NavyaIyer,Legal,Manager,363597,6,56,Delhi,High,Yes,23-11-2017,26-06-2021,83741,No
3714,AnikaMehta,Finance,Lead,596008,4,45,Kolkata,Average,Yes,23-02-2018,08-07-2021,75540,Yes
3715,AyaanSingh,Operations,Executive,270511,19,38,Hyderabad,High,No,03-02-2020,,57213,Yes
3716,IshaanReddy,HR,Consultant,880849,14,38,Bangalore,High,Yes,04-10-2020,27-10-2023,156697,Yes
3717,AadhyaIyer,Sales,Consultant,426073,14,47,Kolkata,Low,Yes,21-11-2017,02-12-2020,68943,Yes
3718,KrishnaMehta,HR,Analyst,479103,6,42,Chennai,Average,Yes,21-06-2020,14-06-2024,62319,No
3719,ArjunSharma,IT,Analyst,351074,12,46,Chennai,Low,No,20-06-2024,,54498,No
3720,DiyaSharma,IT,Lead,571007,3,26,Mumbai,High,Yes,12-10-2016,14-04-2021,36485,Yes
3721,AyaanPatel,IT,Specialist,525328,2,54,Bangalore,Average,No,01-08-2018,,113175,No
3722,KiaraGupta,Finance,Executive,929692,4,30,Pune,Average,No,30-08-2024,,57116,Yes
3723,IshaanPatel,Sales,Executive,1420989,12,30,Chennai,High,Yes,13-10-2018,19-11-2019,216991,No
3724,AyaanNair,Operations,Manager,824109,16,54,Kolkata,Low,Yes,30-06-2016,05-06-2019,182624,Yes
3725,AnikaIyer,Admin,Executive,614919,0,28,Pune,High,Yes,19-05-2020,06-01-2022,149596,No
3726,AaravNair,IT,Consultant,1148329,6,33,Chennai,Low,No,13-12-2017,,63728,Yes
3727,SaanviReddy,Finance,Specialist,1308191,10,34,Mumbai,Low,Yes,18-09-2022,30-07-2024,95357,No
3728,ArjunSingh,Finance,Consultant,1295918,16,34,Delhi,High,No,21-04-2023,,85895,Yes
3729,RiyaGupta,IT,Executive,1040720,4,32,Chennai,High,Yes,12-11-2023,22-10-2024,129782,No
3730,AnikaVerma,Operations,Specialist,1035141,8,35,Mumbai,High,No,26-01-2021,,249340,No
3731,IraVerma,HR,Analyst,336537,18,32,Mumbai,High,No,22-03-2024,,62633,No
3732,AaravIyer,Marketing,Analyst,1906880,16,53,Kolkata,High,Yes,22-07-2023,03-06-2024,355216,No
3733,ReyanshSharma,Marketing,Analyst,1352957,7,50,Bangalore,Low,Yes,05-01-2018,31-01-2020,148443,Yes
3734,AaravGupta,Legal,Consultant,1375468,18,33,Kolkata,High,Yes,13-05-2016,18-10-2017,307877,No
3735,MyraSingh,HR,Manager,1204824,5,51,Pune,Average,No,20-01-2021,,176499,Yes
3736,SaiSingh,Operations,Lead,395110,6,36,Hyderabad,Average,No,11-11-2015,,42635,Yes
3737,AyaanSharma,Marketing,Executive,1320494,3,52,Chennai,High,Yes,26-08-2023,20-06-2028,112468,No
3738,AadhyaIyer,Operations,Analyst,1529426,6,37,Pune,Low,Yes,25-12-2017,14-12-2022,206071,Yes
3739,AadhyaKapoor,Finance,Executive,673212,17,59,Delhi,Low,Yes,29-08-2021,06-06-2023,39831,No
3740,SaiVerma,HR,Analyst,883284,10,42,Delhi,Low,Yes,18-09-2023,08-02-2028,182837,No
3741,SaanviSharma,Finance,Lead,1225181,12,56,Bangalore,Low,Yes,15-02-2018,27-07-2019,217322,Yes
3742,VihaanMehta,IT,Analyst,1673603,17,59,Kolkata,Low,Yes,09-05-2023,15-07-2028,160022,Yes
3743,MyraMehta,Finance,Consultant,677347,12,29,Hyderabad,High,Yes,26-09-2023,13-08-2026,57947,No
3744,AyaanNair,HR,Manager,349080,11,49,Chennai,High,Yes,20-10-2017,03-01-2019,21513,No
3745,AyaanNair,HR,Specialist,837492,13,36,Pune,High,No,01-08-2020,,90916,No
3746,AadhyaIyer,IT,Executive,597534,3,30,Delhi,Low,No,29-07-2018,,129648,Yes
3747,AdityaPatel,Finance,Executive,1748843,8,35,Hyderabad,Low,No,12-01-2022,,422937,Yes
3748,AadhyaMehta,Marketing,Lead,553815,11,40,Bangalore,Low,No,12-08-2016,,66331,Yes
3749,SaiMehta,Admin,Executive,1609564,18,55,Chennai,Average,Yes,21-09-2020,20-03-2024,205712,Yes
3750,AnikaVerma,Marketing,Consultant,848423,19,28,Bangalore,Average,No,16-07-2019,,205614,No
3751,AadhyaSingh,Admin,Manager,548492,8,26,Chennai,Average,No,05-11-2017,,29327,No
3752,SaanviVerma,IT,Specialist,1683436,18,54,Hyderabad,Average,Yes,03-12-2019,22-04-2024,391253,Yes
3753,KiaraIyer,Finance,Consultant,1075022,13,59,Kolkata,High,No,04-03-2015,,67896,Yes
3754,AadhyaMehta,Operations,Specialist,743864,15,37,Delhi,Low,No,04-02-2018,,77589,No
3755,KiaraKapoor,Sales,Executive,1625762,5,43,Bangalore,Average,No,11-08-2016,,327703,Yes
3756,KiaraVerma,Sales,Lead,570868,13,54,Kolkata,High,No,20-12-2015,,117939,No
3757,VivaanGupta,IT,Manager,680570,17,29,Pune,High,No,18-05-2021,,121377,No
3758,AdityaPatel,Marketing,Specialist,227182,4,40,Hyderabad,Low,No,18-08-2016,,49446,No
3759,ReyanshMehta,HR,Analyst,1963390,11,45,Pune,Low,Yes,03-05-2017,22-07-2022,189996,No
3760,AadhyaVerma,Marketing,Manager,1597010,5,40,Pune,High,Yes,27-04-2016,14-06-2017,195521,No
3761,SaiPatel,Sales,Executive,1736949,1,44,Chennai,Average,No,23-02-2021,,303167,Yes
3762,AadhyaPatel,Admin,Executive,1978737,3,29,Kolkata,Average,No,13-01-2022,,215744,No
3763,SaanviKapoor,Legal,Lead,486881,10,31,Chennai,Average,Yes,11-03-2017,31-03-2018,32837,Yes
3764,SaanviKapoor,Sales,Executive,319229,0,41,Delhi,Average,Yes,09-04-2017,05-11-2021,61696,No
3765,RiyaMehta,Legal,Consultant,1600648,0,41,Mumbai,High,Yes,19-12-2019,16-09-2021,303365,No
3766,AnikaGupta,IT,Consultant,528905,14,56,Chennai,Low,Yes,15-10-2022,18-08-2026,49563,No
3767,VivaanNair,Operations,Lead,236764,14,47,Mumbai,Average,Yes,16-08-2019,06-04-2021,41801,Yes
3768,KrishnaSharma,Legal,Consultant,1026152,0,25,Pune,Low,Yes,27-09-2017,12-03-2022,66923,Yes
3769,MyraIyer,IT,Manager,570652,15,54,Chennai,Low,No,24-04-2018,,125584,No
3770,VihaanKapoor,Sales,Executive,1448641,15,49,Delhi,High,Yes,02-06-2018,28-02-2022,128049,No
3771,AnikaNair,HR,Specialist,1428605,10,37,Bangalore,High,No,19-12-2020,,310914,No
3772,AnikaIyer,Marketing,Lead,865522,0,34,Chennai,Average,Yes,27-04-2020,16-11-2023,144734,No
3773,SaiGupta,Finance,Specialist,289606,16,56,Delhi,Low,No,26-09-2022,,17411,No
3774,AnanyaNair,Operations,Lead,660498,17,26,Pune,Low,Yes,26-01-2016,22-11-2016,55300,Yes
3775,AadhyaVerma,Admin,Manager,874472,17,54,Pune,High,No,17-11-2024,,207645,No
3776,AyaanVerma,Legal,Manager,1618784,8,26,Kolkata,Low,Yes,25-03-2023,21-04-2024,351191,No
3777,DiyaReddy,Admin,Manager,1997954,15,45,Pune,Average,Yes,13-03-2021,02-07-2025,130507,No
3778,RiyaPatel,Legal,Manager,1661415,5,55,Hyderabad,High,Yes,15-04-2016,26-01-2018,84193,Yes
3779,AnikaMehta,HR,Specialist,645581,14,59,Chennai,Low,Yes,01-10-2019,17-01-2025,158060,Yes
3780,ReyanshSharma,Admin,Executive,1604050,1,21,Hyderabad,Average,No,23-03-2024,,236964,Yes
3781,SaiVerma,Legal,Manager,897996,9,44,Kolkata,High,Yes,27-07-2021,03-01-2023,140441,No
3782,VihaanMehta,Finance,Specialist,1133995,9,35,Chennai,High,No,06-02-2024,,165133,No
3783,AnikaSharma,HR,Analyst,1921123,0,28,Pune,High,Yes,25-04-2021,01-01-2024,197759,Yes
3784,IraGupta,Operations,Consultant,932654,5,25,Bangalore,Average,No,23-01-2024,,192564,Yes
3785,AnanyaNair,Sales,Consultant,615335,2,38,Chennai,High,Yes,23-08-2022,28-10-2026,65239,Yes
3786,IraPatel,Sales,Lead,1080756,14,36,Pune,Low,Yes,13-02-2019,11-06-2021,145559,No
3787,AnanyaVerma,Admin,Analyst,1103153,2,56,Delhi,High,Yes,07-04-2020,22-03-2025,251273,No
3788,MyraVerma,Marketing,Specialist,1987163,15,29,Kolkata,Average,Yes,15-12-2016,16-07-2018,428882,Yes
3789,SaiMehta,Legal,Executive,1400971,7,57,Delhi,High,No,29-11-2018,,111964,Yes
3790,AnikaSingh,Marketing,Analyst,1445879,7,30,Bangalore,Low,Yes,13-04-2018,19-04-2022,195914,No
3791,AnanyaMehta,Finance,Analyst,1508093,9,52,Hyderabad,Low,Yes,11-03-2020,18-03-2021,222550,Yes
3792,AaravIyer,Legal,Lead,988634,2,53,Pune,High,No,15-09-2015,,216469,Yes
3793,AnikaNair,Marketing,Analyst,858166,0,27,Kolkata,High,No,23-05-2015,,91764,Yes
3794,KrishnaSharma,IT,Consultant,1929151,5,47,Delhi,Average,No,31-01-2024,,385016,Yes
3795,AnanyaVerma,Legal,Specialist,949440,9,41,Chennai,Low,Yes,03-06-2019,19-10-2021,51411,Yes
3796,ReyanshSingh,Admin,Manager,1998615,18,23,Hyderabad,Average,Yes,03-10-2020,18-10-2023,260055,No
3797,ArjunVerma,Admin,Consultant,1899192,9,38,Mumbai,High,No,18-08-2015,,355688,Yes
3798,SaiPatel,IT,Consultant,397937,12,59,Mumbai,High,Yes,15-04-2020,14-06-2021,32926,No
3799,VihaanSingh,Sales,Executive,1980139,3,56,Hyderabad,High,Yes,12-05-2016,21-02-2019,281414,Yes
3800,AyaanNair,Operations,Analyst,664962,5,43,Delhi,Low,Yes,29-11-2015,19-03-2017,92472,No
3801,IshaanPatel,IT,Analyst,1519632,15,36,Kolkata,High,No,28-06-2018,,86618,Yes
3802,AaravGupta,Marketing,Manager,1501583,13,34,Kolkata,Average,Yes,19-01-2017,06-05-2020,283337,No
3803,KiaraNair,Operations,Consultant,1170220,15,54,Delhi,Low,No,07-06-2024,,283036,Yes
3804,AnanyaNair,Marketing,Executive,704898,9,40,Chennai,High,No,19-02-2021,,63643,Yes
3805,IshaanIyer,Operations,Manager,705527,9,37,Chennai,High,Yes,11-02-2021,01-02-2024,58759,Yes
3806,KiaraSharma,Operations,Analyst,1456870,14,38,Kolkata,High,Yes,01-04-2016,27-09-2017,139312,No
3807,AnanyaVerma,HR,Lead,1007932,3,40,Kolkata,Low,No,25-12-2019,,205335,Yes
3808,AdityaSharma,Sales,Analyst,557479,11,43,Hyderabad,Average,No,10-08-2017,,120206,Yes
3809,AnikaSingh,IT,Executive,1666511,17,21,Pune,Low,Yes,17-11-2021,14-06-2023,346930,No
3810,SaanviNair,Legal,Lead,1877940,9,58,Pune,Average,Yes,09-07-2016,06-06-2019,291664,Yes
3811,AnikaReddy,Sales,Manager,622768,1,26,Chennai,Average,Yes,23-07-2021,29-05-2023,149909,No
3812,AdityaVerma,Sales,Lead,328424,11,22,Pune,Low,Yes,16-04-2015,10-05-2016,72486,No
3813,ArjunPatel,IT,Analyst,729527,17,28,Delhi,Average,No,24-01-2017,,115312,Yes
3814,NavyaMehta,Marketing,Specialist,359500,8,51,Mumbai,Low,No,21-02-2015,,47269,Yes
3815,AyaanPatel,Sales,Specialist,1874358,12,28,Bangalore,Low,No,16-06-2018,,246514,No
3816,RiyaPatel,HR,Lead,575038,12,51,Hyderabad,Average,No,06-10-2024,,107924,Yes
3817,IshaanMehta,IT,Specialist,674514,2,50,Chennai,Low,No,01-08-2019,,82930,No
3818,AaravIyer,Marketing,Manager,1275431,17,32,Bangalore,Low,No,04-05-2019,,206230,Yes
3819,MyraKapoor,Operations,Lead,934474,8,44,Bangalore,Average,Yes,24-07-2023,30-04-2027,166269,Yes
3820,AnikaNair,Legal,Analyst,435787,10,58,Bangalore,Low,No,08-06-2022,,26752,Yes
3821,IraNair,Operations,Executive,1497624,14,56,Bangalore,Average,Yes,11-06-2017,05-12-2020,371834,Yes
3822,AaravSharma,Operations,Analyst,927362,17,55,Mumbai,High,No,25-05-2015,,70561,Yes
3823,KrishnaPatel,Legal,Consultant,1068763,17,35,Hyderabad,High,No,29-02-2024,,263859,No
3824,KiaraSingh,Marketing,Specialist,1026949,14,27,Delhi,Average,Yes,14-03-2020,01-05-2023,238507,No
3825,AaravNair,HR,Executive,1729546,1,42,Kolkata,Average,No,14-03-2017,,275568,Yes
3826,AdityaSharma,Sales,Lead,391750,5,42,Bangalore,High,No,24-07-2022,,52164,Yes
3827,AnanyaNair,Admin,Analyst,1002236,13,40,Hyderabad,Average,No,23-06-2016,,183563,Yes
3828,AnanyaVerma,Legal,Executive,1356480,8,29,Pune,Low,No,21-06-2023,,133943,No
3829,IshaanPatel,IT,Manager,1798913,15,26,Bangalore,High,Yes,21-04-2018,08-12-2019,365781,No
3830,RiyaNair,Operations,Executive,1571598,0,30,Bangalore,Average,Yes,24-12-2017,21-02-2021,331524,No
3831,AadhyaNair,Sales,Specialist,1345564,16,24,Bangalore,Average,Yes,15-10-2022,21-08-2026,282084,Yes
3832,KrishnaGupta,Legal,Executive,1076492,4,26,Hyderabad,High,Yes,26-04-2016,21-05-2020,99836,No
3833,KiaraVerma,Marketing,Executive,704373,13,30,Kolkata,Low,No,10-02-2017,,61143,Yes
3834,AyaanKapoor,Operations,Consultant,1290006,13,58,Hyderabad,Average,Yes,02-11-2016,07-08-2020,211703,No
3835,IshaanKapoor,Finance,Consultant,1943396,2,55,Hyderabad,Low,No,12-06-2023,,162069,Yes
3836,AadhyaKapoor,HR,Consultant,1839872,11,28,Hyderabad,Low,No,31-10-2020,,334920,No
3837,AyaanSharma,Finance,Executive,1029773,17,26,Kolkata,Low,Yes,13-06-2022,08-01-2025,182037,No
3838,MyraSingh,Legal,Lead,1881717,3,53,Bangalore,Low,Yes,15-10-2019,20-04-2021,243329,Yes
3839,IshaanKapoor,Operations,Manager,1818064,9,43,Kolkata,High,No,03-12-2017,,329721,No
3840,DiyaKapoor,Legal,Specialist,1856546,13,22,Delhi,Low,No,14-06-2016,,200907,No
3841,AadhyaGupta,HR,Manager,767275,0,22,Pune,Average,Yes,04-10-2017,01-08-2022,69289,No
3842,IshaanPatel,Sales,Consultant,202781,18,30,Chennai,Average,No,22-07-2018,,34235,No
3843,AyaanMehta,Finance,Lead,1807820,15,28,Delhi,High,Yes,29-05-2020,21-02-2022,338377,Yes
3844,AyaanReddy,Admin,Consultant,1548056,6,41,Hyderabad,Low,No,22-10-2021,,305182,Yes
3845,KiaraMehta,Finance,Specialist,789413,8,49,Bangalore,Average,No,25-05-2019,,194268,No
3846,KiaraNair,IT,Consultant,325355,2,47,Hyderabad,Low,No,28-10-2024,,46338,Yes
3847,SaanviIyer,Operations,Consultant,714249,18,48,Delhi,High,No,13-04-2020,,150778,No
3848,KrishnaIyer,Operations,Lead,710452,2,57,Bangalore,High,No,22-04-2015,,81551,Yes
3849,IshaanKapoor,Operations,Manager,1626122,12,39,Chennai,Average,Yes,12-05-2024,09-09-2028,116592,No
3850,KiaraPatel,HR,Manager,748155,3,57,Hyderabad,Average,No,03-01-2020,,66491,No
3851,MyraIyer,Marketing,Executive,1124510,3,58,Bangalore,Low,Yes,20-03-2017,26-07-2020,225468,No
3852,AadhyaIyer,Operations,Executive,457471,15,24,Bangalore,High,No,29-02-2016,,41585,No
3853,ReyanshPatel,Finance,Executive,1152254,16,59,Bangalore,Average,Yes,18-05-2018,05-11-2023,102595,Yes
3854,VivaanSingh,HR,Executive,1186059,2,21,Pune,High,Yes,13-05-2015,19-02-2017,242950,No
3855,VivaanNair,Operations,Specialist,1455534,10,38,Bangalore,High,Yes,15-06-2018,20-01-2023,187849,Yes
3856,IshaanPatel,Operations,Manager,1282883,11,49,Chennai,Average,No,23-01-2023,,160712,No
3857,AyaanReddy,IT,Manager,1513964,0,23,Kolkata,High,Yes,08-10-2022,18-12-2025,292894,No
3858,AadhyaSharma,HR,Executive,641752,15,40,Bangalore,Average,Yes,08-03-2017,12-12-2017,36220,Yes
3859,AdityaSharma,Sales,Analyst,1359689,6,29,Chennai,High,No,09-05-2019,,244954,No
3860,AdityaVerma,Legal,Analyst,761544,8,57,Delhi,Low,Yes,27-04-2020,28-01-2023,84548,No
3861,NavyaMehta,Admin,Analyst,1133016,13,22,Hyderabad,Average,Yes,23-09-2015,05-02-2020,57415,No
3862,IshaanIyer,Admin,Specialist,549135,18,51,Delhi,High,No,02-02-2023,,110893,No
3863,AaravPatel,Admin,Consultant,1132511,6,33,Chennai,Average,No,09-04-2024,,92950,No
3864,MyraGupta,HR,Consultant,1555511,8,55,Bangalore,High,Yes,11-05-2020,15-04-2022,321792,No
3865,SaanviReddy,Operations,Executive,1016929,11,44,Chennai,High,Yes,14-01-2022,28-12-2024,156682,No
3866,SaiMehta,Sales,Executive,1485655,17,47,Pune,Low,Yes,02-10-2020,02-04-2024,77829,No
3867,AadhyaPatel,HR,Analyst,1205844,18,54,Bangalore,Average,Yes,03-05-2022,20-04-2026,286679,No
3868,SaiGupta,Finance,Analyst,1314287,17,23,Delhi,Average,Yes,15-08-2019,09-01-2024,315403,Yes
3869,AdityaKapoor,Legal,Specialist,1533077,18,28,Delhi,Average,No,05-05-2018,,148005,No
3870,KiaraMehta,Sales,Lead,702574,13,24,Chennai,Low,No,27-09-2023,,107342,No
3871,NavyaReddy,IT,Analyst,903091,16,54,Hyderabad,Average,No,15-06-2016,,110482,Yes
3872,AaravMehta,Operations,Lead,973418,9,50,Bangalore,Average,Yes,08-12-2018,30-06-2020,198091,Yes
3873,SaiMehta,Admin,Consultant,779437,10,27,Mumbai,Average,Yes,25-03-2015,06-05-2016,128539,No
3874,AadhyaPatel,Admin,Specialist,541293,7,56,Bangalore,Low,Yes,18-05-2021,01-01-2023,111971,Yes
3875,ReyanshReddy,Finance,Lead,1624647,9,35,Pune,Low,Yes,07-03-2020,19-06-2024,93901,Yes
3876,DiyaKapoor,Operations,Manager,1063039,1,51,Bangalore,Average,No,10-10-2020,,91367,Yes
3877,DiyaMehta,Operations,Consultant,1553571,14,35,Mumbai,High,Yes,20-02-2017,29-04-2022,319788,No
3878,MyraSingh,Operations,Analyst,1687444,8,40,Chennai,High,Yes,24-03-2021,13-04-2022,159115,No
3879,AdityaGupta,Legal,Analyst,1611504,15,56,Bangalore,High,Yes,30-11-2022,13-07-2024,204390,No
3880,KiaraReddy,IT,Manager,1477421,8,23,Chennai,Low,Yes,03-10-2021,08-01-2027,152707,Yes
3881,IshaanKapoor,Finance,Lead,1670002,15,37,Pune,Low,Yes,29-10-2021,02-11-2022,267798,Yes
3882,MyraVerma,Marketing,Specialist,351343,19,42,Mumbai,Average,Yes,30-10-2024,17-03-2028,63726,Yes
3883,IshaanGupta,Finance,Consultant,458180,4,40,Chennai,Average,No,16-12-2024,,56916,Yes
3884,VivaanSingh,Finance,Manager,243086,0,50,Delhi,High,No,13-11-2017,,29022,Yes
3885,IraMehta,Marketing,Executive,247234,3,27,Delhi,Average,No,30-05-2015,,58973,Yes
3886,ReyanshMehta,Finance,Analyst,525148,17,36,Pune,Average,No,25-01-2024,,92193,Yes
3887,VivaanVerma,Operations,Manager,1830168,14,52,Delhi,Low,Yes,29-10-2016,14-12-2021,183216,No
3888,IshaanSharma,Admin,Specialist,1281679,2,37,Chennai,Low,Yes,04-11-2020,26-04-2026,204677,Yes
3889,RiyaNair,Operations,Lead,200184,19,52,Chennai,Average,No,27-08-2016,,18435,No
3890,KiaraNair,Legal,Manager,1448698,1,51,Pune,Average,No,04-06-2020,,110618,No
3891,VihaanKapoor,IT,Lead,903844,19,49,Chennai,Low,Yes,28-05-2022,01-09-2023,126834,No
3892,RiyaSingh,Marketing,Analyst,1869857,11,32,Mumbai,Low,No,29-04-2018,,158709,No
3893,AdityaSingh,Finance,Executive,1336533,11,38,Hyderabad,Low,No,06-06-2021,,229428,No
3894,RiyaVerma,HR,Executive,290947,11,53,Kolkata,High,Yes,30-12-2023,26-07-2028,56033,Yes
3895,KrishnaGupta,Finance,Specialist,1418415,0,47,Chennai,Low,No,15-01-2017,,125470,Yes
3896,ArjunVerma,Admin,Analyst,915597,1,44,Pune,Average,Yes,27-09-2024,21-04-2029,151007,No
3897,RiyaSingh,Legal,Manager,918596,11,56,Delhi,High,Yes,16-12-2024,04-02-2026,148949,No
3898,IraSingh,Finance,Consultant,1193830,5,56,Delhi,Low,No,22-01-2024,,265698,Yes
3899,ArjunReddy,Admin,Manager,636211,0,41,Kolkata,Low,No,10-11-2016,,119446,Yes
3900,ReyanshGupta,IT,Executive,1375106,14,51,Delhi,High,No,07-08-2015,,164282,No
3901,MyraReddy,Admin,Consultant,1607062,12,47,Mumbai,Average,Yes,21-11-2016,17-03-2020,229033,No
3902,VihaanGupta,Operations,Executive,1218155,8,23,Bangalore,Average,Yes,29-09-2016,20-02-2022,249361,Yes
3903,AnanyaKapoor,HR,Consultant,1927536,12,34,Mumbai,High,No,13-02-2019,,351631,Yes
3904,SaanviSharma,Marketing,Lead,1194406,8,51,Delhi,Low,Yes,14-02-2019,13-06-2024,87253,No
3905,AaravNair,Operations,Analyst,795144,12,50,Hyderabad,Average,No,11-01-2018,,188680,No
3906,RiyaReddy,HR,Consultant,940018,9,34,Chennai,Low,No,09-02-2015,,95229,Yes
3907,NavyaSingh,Operations,Specialist,1235603,3,58,Hyderabad,High,No,25-11-2020,,259449,Yes
3908,VivaanVerma,Legal,Analyst,350694,4,52,Pune,Average,No,16-02-2024,,81167,Yes
3909,AyaanKapoor,Admin,Lead,1566725,13,32,Chennai,High,No,31-07-2023,,245945,No
3910,DiyaNair,Sales,Executive,1754777,11,28,Mumbai,Average,Yes,05-07-2021,02-04-2025,327257,No
3911,ArjunGupta,HR,Executive,1793479,8,49,Delhi,High,Yes,01-05-2017,27-08-2022,375688,No
3912,AaravPatel,Admin,Lead,1331366,0,49,Bangalore,High,No,17-07-2018,,121008,Yes
3913,AnikaSingh,HR,Manager,651420,1,47,Chennai,Low,Yes,13-04-2024,13-04-2028,53866,No
3914,VihaanPatel,Operations,Consultant,870756,6,39,Mumbai,High,Yes,24-12-2018,10-09-2021,192336,No
3915,IshaanVerma,Finance,Analyst,559140,4,44,Hyderabad,High,Yes,31-05-2017,15-08-2019,127574,No
3916,AyaanPatel,Admin,Manager,417975,8,47,Chennai,Low,No,12-07-2017,,102973,Yes
3917,AadhyaIyer,Sales,Consultant,743249,3,28,Delhi,High,No,09-08-2019,,110020,Yes
3918,ArjunNair,Admin,Executive,1274428,16,38,Kolkata,High,No,18-04-2017,,115820,No
3919,NavyaNair,Operations,Specialist,938592,17,24,Pune,High,Yes,13-07-2019,29-05-2022,52453,Yes
3920,DiyaKapoor,IT,Manager,1342776,5,48,Chennai,Low,Yes,06-04-2020,30-04-2024,137721,Yes
3921,NavyaMehta,IT,Manager,485574,3,21,Bangalore,Low,Yes,07-10-2016,18-05-2017,27945,No
3922,NavyaKapoor,Operations,Specialist,796658,3,44,Chennai,High,No,19-05-2017,,127507,No
3923,IraNair,Admin,Lead,908636,4,52,Delhi,High,No,13-02-2016,,201985,No
3924,AnanyaKapoor,Sales,Specialist,1427318,12,52,Bangalore,High,No,01-11-2017,,212296,No
3925,AnikaIyer,Operations,Manager,1196185,2,37,Delhi,Low,No,26-08-2017,,121128,Yes
3926,AdityaIyer,Operations,Analyst,1757585,8,40,Pune,High,No,24-10-2021,,176538,Yes
3927,NavyaSingh,Admin,Analyst,874162,15,55,Chennai,High,No,16-01-2015,,102614,No
3928,AdityaVerma,Marketing,Lead,1916706,9,52,Hyderabad,High,Yes,01-12-2020,26-07-2021,148076,No
3929,KiaraReddy,Finance,Consultant,555045,5,33,Pune,Low,No,27-05-2017,,33348,No
3930,KrishnaReddy,Sales,Analyst,1200780,14,32,Chennai,Average,No,08-11-2022,,127576,No
3931,AdityaReddy,Legal,Analyst,1505720,2,38,Delhi,High,No,14-02-2016,,304118,No
3932,NavyaSingh,Legal,Manager,416769,3,48,Pune,Low,Yes,17-03-2021,07-11-2025,67142,Yes
3933,DiyaKapoor,IT,Executive,1599726,1,54,Kolkata,Low,No,07-02-2024,,293565,Yes
3934,VivaanVerma,Operations,Lead,888484,11,43,Hyderabad,High,Yes,04-11-2018,19-04-2024,112157,Yes
3935,KrishnaGupta,IT,Lead,749690,1,36,Bangalore,High,Yes,11-02-2023,25-06-2025,177469,No
3936,RiyaGupta,Admin,Specialist,1422636,11,43,Hyderabad,High,Yes,07-07-2016,14-05-2021,154530,No
3937,AadhyaSharma,Finance,Consultant,537060,19,42,Kolkata,High,Yes,29-10-2024,06-04-2028,118071,No
3938,AaravMehta,Sales,Analyst,1848528,4,43,Chennai,Low,Yes,29-06-2022,28-08-2025,330420,No
3939,AyaanIyer,Sales,Analyst,623500,6,42,Kolkata,High,No,26-03-2015,,123975,No
3940,IraVerma,Operations,Analyst,1245901,15,23,Bangalore,Average,No,17-11-2018,,160342,Yes
3941,DiyaMehta,IT,Specialist,1889053,9,52,Delhi,High,No,09-10-2022,,310813,No
3942,KrishnaNair,IT,Specialist,1875074,4,27,Mumbai,Low,No,11-05-2015,,455741,Yes
3943,SaanviPatel,Finance,Executive,507522,3,51,Chennai,High,Yes,14-10-2020,19-04-2023,79226,No
3944,AadhyaIyer,IT,Lead,1258846,1,51,Bangalore,High,Yes,13-01-2020,16-08-2022,194378,Yes
3945,AdityaReddy,Operations,Consultant,514867,0,39,Kolkata,High,Yes,05-12-2017,09-07-2021,66050,Yes
3946,AaravIyer,Admin,Analyst,953340,13,21,Kolkata,Average,Yes,16-05-2024,16-04-2029,206400,Yes
3947,SaiNair,IT,Specialist,260941,12,33,Bangalore,Low,No,15-03-2019,,55837,No
3948,IraKapoor,Marketing,Analyst,546689,7,26,Pune,Average,Yes,19-10-2019,01-05-2023,82586,No
3949,MyraSingh,HR,Specialist,467637,5,23,Kolkata,Average,Yes,19-09-2023,17-02-2028,46518,Yes
3950,RiyaKapoor,Finance,Specialist,655457,14,59,Hyderabad,Average,No,22-04-2015,,87545,Yes
3951,ArjunSingh,Marketing,Analyst,1541915,15,54,Delhi,Average,Yes,05-03-2021,05-02-2024,326847,No
3952,ReyanshVerma,Legal,Analyst,564913,6,54,Chennai,High,Yes,06-11-2022,07-05-2024,32253,Yes
3953,NavyaReddy,Admin,Analyst,1893837,4,45,Hyderabad,Average,No,20-05-2017,,336852,No
3954,SaanviReddy,HR,Specialist,1594682,18,31,Delhi,Average,No,31-05-2022,,312162,No
3955,RiyaPatel,Sales,Consultant,1309841,13,58,Kolkata,Average,Yes,24-02-2020,25-01-2024,301418,No
3956,MyraIyer,Admin,Executive,1911463,0,21,Bangalore,Average,Yes,07-09-2017,10-04-2019,162304,Yes
3957,AaravSingh,Marketing,Lead,1407130,9,32,Kolkata,Low,No,12-11-2019,,176197,No
3958,AyaanPatel,Finance,Analyst,993287,9,46,Mumbai,Average,No,04-12-2024,,136186,No
3959,VihaanSharma,HR,Executive,1347432,1,55,Delhi,Average,No,09-10-2018,,122155,No
3960,KiaraMehta,Marketing,Lead,742358,11,48,Bangalore,Low,Yes,03-01-2021,26-04-2026,180346,No
3961,MyraIyer,IT,Manager,493633,10,57,Bangalore,Average,No,09-07-2022,,79244,No
3962,SaanviPatel,Finance,Manager,388791,5,45,Bangalore,Average,No,24-05-2017,,89682,No
3963,VihaanNair,Operations,Consultant,436424,11,30,Bangalore,Average,Yes,25-04-2018,12-08-2021,99579,No
3964,ArjunMehta,IT,Lead,1123716,15,57,Bangalore,Average,No,17-02-2019,,184735,Yes
3965,AnikaReddy,Admin,Consultant,1955868,5,38,Chennai,Average,No,09-06-2015,,469841,No
3966,NavyaVerma,Legal,Specialist,1896814,10,46,Delhi,Low,No,11-08-2022,,361053,Yes
3967,ReyanshNair,IT,Manager,578808,12,47,Mumbai,High,No,19-09-2019,,46567,No
3968,AaravPatel,HR,Specialist,381122,15,59,Delhi,Average,No,30-10-2022,,62411,No
3969,VihaanPatel,Admin,Consultant,1649245,7,21,Chennai,Average,Yes,07-09-2020,02-01-2024,190755,No
3970,VihaanKapoor,Operations,Consultant,1607847,13,52,Bangalore,High,No,15-10-2023,,95328,Yes
3971,NavyaMehta,Admin,Analyst,1653447,18,56,Bangalore,High,No,11-06-2018,,158706,Yes
3972,VihaanIyer,HR,Manager,246371,15,56,Chennai,Average,Yes,27-08-2023,01-08-2027,55872,Yes
3973,AdityaIyer,Operations,Lead,384307,12,37,Pune,Low,Yes,25-08-2023,12-02-2028,37205,Yes
3974,KiaraSharma,Legal,Specialist,366587,16,51,Chennai,High,No,29-12-2017,,84762,Yes
3975,IraKapoor,Legal,Consultant,564211,3,40,Chennai,Low,No,21-08-2015,,71154,No
3976,VihaanNair,IT,Executive,1578284,1,30,Pune,Average,Yes,29-12-2018,20-01-2024,365396,No
3977,KiaraNair,Sales,Analyst,1541084,13,47,Mumbai,Average,No,26-07-2021,,288433,Yes
3978,DiyaReddy,Legal,Executive,229854,6,30,Hyderabad,Low,No,10-09-2017,,30930,Yes
3979,ArjunKapoor,Sales,Analyst,1725090,12,54,Kolkata,Low,Yes,14-09-2021,28-02-2026,394737,Yes
3980,DiyaVerma,Sales,Lead,1165177,14,28,Delhi,Low,No,18-12-2015,,82496,Yes
3981,VivaanSingh,Admin,Analyst,794495,8,52,Mumbai,Average,No,06-06-2016,,180732,Yes
3982,AadhyaNair,Sales,Analyst,1256360,17,39,Hyderabad,High,No,28-11-2023,,204969,No
3983,AdityaPatel,HR,Manager,845201,11,24,Pune,High,Yes,17-12-2021,30-10-2026,108776,Yes
3984,KiaraMehta,Operations,Consultant,705092,5,33,Hyderabad,Average,Yes,11-06-2019,13-10-2023,63155,No
3985,AaravKapoor,IT,Analyst,413869,3,52,Mumbai,High,No,06-12-2024,,52824,Yes
3986,IraSingh,Marketing,Consultant,1622889,10,29,Kolkata,Low,Yes,27-09-2022,14-08-2026,155577,No
3987,AadhyaSingh,Finance,Executive,904825,7,41,Kolkata,Low,Yes,13-05-2021,28-11-2024,199319,Yes
3988,SaiVerma,Marketing,Consultant,522233,12,29,Pune,Low,No,05-01-2024,,55584,Yes
3989,SaanviVerma,Finance,Lead,950550,15,56,Hyderabad,High,Yes,05-08-2020,09-03-2021,77460,No
3990,RiyaPatel,Legal,Analyst,1026965,18,32,Hyderabad,Average,No,06-03-2019,,108946,No
3991,DiyaMehta,IT,Analyst,1095176,19,57,Pune,Average,No,20-09-2016,,123148,No
3992,AdityaVerma,Finance,Consultant,1741383,9,29,Chennai,High,No,24-02-2024,,411635,Yes
3993,ReyanshNair,Admin,Manager,233512,3,22,Chennai,Low,No,25-04-2015,,47863,Yes
3994,VivaanMehta,Finance,Consultant,864576,11,31,Chennai,Low,No,20-05-2019,,103514,No
3995,NavyaPatel,Finance,Lead,1248522,6,22,Kolkata,Average,No,30-12-2020,,92696,Yes
3996,KrishnaNair,IT,Manager,1224627,14,46,Delhi,Low,No,26-10-2022,,290590,Yes
3997,ReyanshMehta,Operations,Analyst,1860850,2,41,Delhi,Low,Yes,04-05-2015,15-01-2016,184125,Yes
3998,KiaraGupta,Sales,Specialist,214570,7,30,Delhi,Low,Yes,29-01-2020,13-05-2024,16352,No
3999,SaanviPatel,Admin,Specialist,1719667,5,50,Delhi,High,Yes,11-12-2021,03-07-2022,381771,No
4000,IraNair,Finance,Lead,1324165,16,37,Mumbai,Average,No,14-03-2021,,203139,Yes
4001,RiyaReddy,HR,Specialist,1559189,12,37,Hyderabad,High,No,03-09-2024,,122797,Yes
4002,AadhyaGupta,Finance,Specialist,977426,2,22,Mumbai,Low,No,22-10-2017,,237419,No
4003,MyraSharma,Marketing,Executive,1278768,5,59,Chennai,Average,Yes,12-04-2016,06-01-2017,138479,Yes
4004,AyaanGupta,Legal,Analyst,1153595,3,46,Pune,Average,No,19-02-2023,,227130,No
4005,RiyaNair,Admin,Analyst,389001,17,35,Delhi,High,Yes,17-09-2019,25-08-2021,71149,No
4006,VivaanReddy,Sales,Lead,476772,7,42,Pune,Low,No,02-08-2015,,59564,No
4007,AnikaSharma,Admin,Consultant,1075792,18,48,Delhi,Low,No,25-04-2018,,142384,Yes
4008,AnanyaVerma,Admin,Consultant,1112553,16,25,Delhi,Low,Yes,16-08-2016,26-01-2021,209844,No
4009,MyraSingh,Finance,Manager,922822,4,29,Hyderabad,High,Yes,28-06-2015,02-02-2020,163030,No
4010,KiaraSharma,Admin,Analyst,405471,19,51,Mumbai,Low,No,17-01-2015,,69197,Yes
4011,AdityaSingh,Sales,Consultant,383097,2,50,Hyderabad,High,Yes,30-04-2018,26-01-2020,24035,No
4012,SaiNair,HR,Manager,1624036,5,54,Mumbai,Low,No,08-11-2015,,265308,Yes
4013,MyraKapoor,Admin,Analyst,624306,12,58,Kolkata,Average,Yes,09-09-2023,08-04-2028,41545,Yes
4014,RiyaMehta,Sales,Analyst,1473034,10,44,Chennai,Low,No,06-04-2016,,260725,Yes
4015,RiyaVerma,HR,Specialist,841127,14,55,Bangalore,Average,Yes,13-04-2016,10-08-2019,120077,No
4016,AdityaIyer,Marketing,Analyst,829505,7,57,Bangalore,Average,Yes,04-06-2017,04-07-2019,203930,No
4017,VihaanSharma,IT,Consultant,1932938,3,31,Delhi,Average,Yes,20-07-2015,03-05-2017,220494,Yes
4018,ArjunKapoor,Sales,Manager,863662,4,52,Delhi,High,No,26-06-2017,,87854,No
4019,NavyaSingh,Admin,Lead,687043,9,53,Chennai,Low,Yes,08-07-2016,10-05-2017,126926,No
4020,RiyaIyer,Finance,Specialist,1644326,18,50,Hyderabad,Low,No,25-10-2018,,209793,Yes
4021,ReyanshSharma,Operations,Specialist,953830,8,55,Chennai,Average,Yes,20-09-2021,11-06-2026,69230,No
4022,AdityaGupta,Marketing,Consultant,507942,4,43,Hyderabad,Low,No,12-05-2020,,118302,Yes
4023,SaanviPatel,Sales,Consultant,423293,18,50,Pune,High,No,10-09-2024,,48423,Yes
4024,AyaanIyer,Legal,Lead,559449,18,56,Bangalore,Low,No,04-12-2018,,129868,No
4025,KiaraIyer,Legal,Executive,1439139,3,29,Delhi,Average,No,06-12-2016,,179474,Yes
4026,IshaanReddy,Admin,Consultant,332933,10,56,Pune,High,Yes,18-10-2017,23-08-2018,63507,Yes
4027,IraMehta,HR,Manager,1969121,0,56,Mumbai,Low,No,18-04-2015,,138637,No
4028,KiaraReddy,Admin,Analyst,579326,3,22,Kolkata,Average,Yes,27-05-2022,19-04-2027,71801,Yes
4029,IshaanKapoor,Marketing,Lead,676663,10,21,Kolkata,Low,No,29-07-2022,,135564,No
4030,ReyanshVerma,Finance,Analyst,1886083,17,37,Hyderabad,Low,No,06-02-2020,,230092,No
4031,SaiIyer,HR,Specialist,1966963,19,30,Chennai,High,No,02-04-2020,,262614,No
4032,IraNair,Finance,Executive,790512,2,37,Delhi,Low,No,17-09-2018,,120988,No
4033,SaanviPatel,Admin,Analyst,656427,19,27,Bangalore,High,No,03-02-2018,,78682,No
4034,AnanyaIyer,IT,Lead,1148213,5,27,Chennai,Average,Yes,19-03-2016,25-01-2017,65057,Yes
4035,SaanviSingh,Sales,Analyst,1261552,17,22,Chennai,Average,No,26-01-2017,,228220,Yes
4036,ReyanshSingh,HR,Lead,911759,2,53,Chennai,Average,No,27-11-2022,,114603,No
4037,AadhyaSharma,Legal,Specialist,1459744,4,50,Pune,High,Yes,05-04-2015,23-03-2019,295901,No
4038,AdityaMehta,IT,Specialist,638824,4,22,Kolkata,High,No,30-06-2024,,86751,Yes
4039,RiyaIyer,Admin,Specialist,381721,11,34,Hyderabad,High,No,24-11-2022,,58497,No
4040,VivaanMehta,Legal,Manager,682793,19,22,Hyderabad,Low,No,04-11-2024,,67626,No
4041,AnikaGupta,Admin,Executive,1404138,8,30,Pune,Low,Yes,07-02-2019,14-11-2023,140799,No
4042,AyaanReddy,Finance,Manager,1251166,5,53,Chennai,High,No,02-05-2020,,165918,Yes
4043,SaiSharma,Legal,Lead,430069,19,50,Pune,Low,No,27-11-2019,,25417,Yes
4044,SaiMehta,Sales,Consultant,1422329,13,40,Kolkata,Low,Yes,07-04-2019,03-01-2024,167291,Yes
4045,ReyanshSingh,Sales,Analyst,1916327,10,51,Bangalore,Average,Yes,07-10-2017,25-02-2023,235543,No
4046,AaravNair,Marketing,Consultant,807415,16,58,Mumbai,High,Yes,06-03-2024,25-04-2028,80128,No
4047,RiyaReddy,IT,Manager,866297,17,31,Bangalore,Average,No,19-02-2017,,141020,No
4048,ArjunSingh,Marketing,Executive,678564,5,21,Mumbai,High,No,05-01-2020,,116893,Yes
4049,IraSharma,HR,Specialist,412991,8,35,Kolkata,Average,No,03-02-2022,,99092,No
4050,IshaanKapoor,Admin,Analyst,1733784,16,38,Mumbai,Low,Yes,06-01-2021,24-08-2021,396124,Yes
4051,KrishnaGupta,Operations,Analyst,1662573,2,53,Bangalore,Low,Yes,13-09-2022,11-02-2025,364402,No
4052,AyaanIyer,Legal,Analyst,1853816,8,25,Mumbai,Average,No,04-12-2022,,402795,Yes
4053,IraKapoor,Legal,Lead,1497068,12,44,Chennai,High,No,15-12-2021,,272811,No
4054,AaravGupta,HR,Manager,1371113,6,42,Pune,High,Yes,05-02-2017,11-06-2020,153629,Yes
4055,VihaanMehta,Finance,Specialist,684006,19,30,Delhi,Low,No,21-07-2015,,153754,No
4056,AadhyaMehta,IT,Lead,1001204,12,35,Kolkata,Average,No,20-09-2019,,139668,Yes
4057,NavyaIyer,Sales,Consultant,1998795,18,52,Delhi,Average,Yes,09-08-2016,12-10-2017,253466,No
4058,AnikaReddy,Legal,Manager,232822,14,56,Chennai,Low,No,07-08-2023,,15123,No
4059,IshaanPatel,Finance,Specialist,1245449,16,54,Delhi,Low,Yes,21-03-2018,01-09-2019,123499,Yes
4060,MyraKapoor,HR,Specialist,360066,18,57,Delhi,Low,No,26-12-2015,,30218,Yes
4061,VivaanGupta,Admin,Analyst,597053,11,34,Bangalore,High,Yes,08-06-2018,12-11-2022,134308,Yes
4062,AaravGupta,IT,Consultant,1090567,11,35,Pune,High,Yes,18-02-2020,24-04-2024,106344,Yes
4063,IraReddy,Marketing,Analyst,1004891,6,27,Bangalore,Low,No,20-08-2023,,126211,No
4064,NavyaIyer,IT,Consultant,1025017,18,24,Kolkata,High,Yes,03-11-2021,28-07-2023,118565,Yes
4065,KrishnaNair,Legal,Manager,459258,14,26,Kolkata,Average,No,15-03-2021,,55475,Yes
4066,VihaanReddy,IT,Specialist,1921893,10,49,Pune,High,No,26-02-2017,,243025,No
4067,KrishnaGupta,HR,Manager,704879,17,34,Kolkata,High,No,24-06-2019,,106408,Yes
4068,IraKapoor,Operations,Analyst,1949875,7,59,Pune,High,Yes,16-07-2019,29-09-2021,323931,Yes
4069,AaravSingh,Operations,Lead,384348,2,41,Hyderabad,Low,Yes,18-06-2021,10-08-2023,41979,Yes
4070,SaanviKapoor,HR,Specialist,1082982,15,38,Delhi,Low,No,11-08-2015,,208789,No
4071,KiaraSingh,IT,Manager,1190739,13,24,Mumbai,Average,No,20-09-2024,,200545,Yes
4072,KrishnaKapoor,Operations,Lead,918449,0,38,Pune,Low,No,16-06-2015,,147478,Yes
4073,VihaanReddy,HR,Consultant,437685,3,38,Delhi,High,No,21-11-2023,,64813,No
4074,RiyaIyer,IT,Executive,234018,6,58,Chennai,Low,No,07-04-2016,,34203,Yes
4075,AnikaGupta,HR,Executive,1422279,7,42,Kolkata,High,Yes,09-12-2023,02-03-2025,106018,No
4076,ArjunMehta,Sales,Consultant,1021079,12,24,Mumbai,High,No,12-03-2015,,134156,Yes
4077,KrishnaSingh,Sales,Specialist,494458,12,36,Chennai,Average,Yes,09-04-2020,29-08-2023,35450,Yes
4078,AnanyaKapoor,Operations,Analyst,1667770,3,57,Kolkata,Low,Yes,18-06-2015,09-06-2018,352933,No
4079,ReyanshSingh,Admin,Executive,738889,16,50,Bangalore,High,Yes,25-03-2024,22-06-2028,106724,Yes
4080,KiaraReddy,Admin,Analyst,376974,6,42,Pune,Low,No,24-11-2019,,52823,Yes
4081,IshaanKapoor,Admin,Manager,1292856,19,52,Chennai,Average,Yes,14-06-2024,10-02-2025,78766,No
4082,ArjunReddy,Finance,Lead,1583684,17,50,Chennai,Low,Yes,17-06-2018,11-11-2020,200506,Yes
4083,IshaanSingh,Admin,Consultant,1345272,9,57,Hyderabad,Low,No,21-06-2017,,322001,No
4084,IraGupta,Marketing,Analyst,939378,9,28,Mumbai,High,No,06-07-2022,,147248,Yes
4085,AnanyaPatel,Admin,Lead,875581,1,55,Hyderabad,Low,No,09-04-2023,,177423,No
4086,IraVerma,Operations,Specialist,1342879,9,35,Kolkata,High,No,08-11-2016,,108889,Yes
4087,NavyaSharma,IT,Lead,1030705,10,42,Chennai,Low,Yes,29-05-2016,19-07-2021,113134,No
4088,MyraSharma,Marketing,Manager,1911519,15,58,Bangalore,Average,No,16-08-2022,,438069,Yes
4089,AaravSharma,Marketing,Executive,1693637,8,59,Chennai,Low,No,03-12-2018,,417233,No
4090,IraMehta,Admin,Specialist,220077,4,27,Mumbai,Average,Yes,26-07-2023,09-09-2026,33229,No
4091,SaanviGupta,IT,Analyst,1729429,15,59,Bangalore,High,Yes,25-12-2020,09-10-2022,295815,Yes
4092,AyaanNair,Sales,Executive,332321,13,56,Chennai,Low,No,05-09-2020,,34620,Yes
4093,VihaanReddy,IT,Specialist,1818629,16,56,Mumbai,Low,Yes,19-08-2016,08-08-2017,249778,No
4094,SaiGupta,Legal,Analyst,1310287,2,56,Delhi,Average,No,22-04-2018,,112755,No
4095,AadhyaSingh,HR,Executive,1288952,0,43,Pune,Low,No,30-10-2018,,250715,Yes
4096,RiyaMehta,Sales,Analyst,1860383,2,55,Chennai,High,No,04-06-2019,,172958,No
4097,IshaanGupta,IT,Lead,419288,16,59,Chennai,High,Yes,24-04-2017,12-08-2021,37835,No
4098,RiyaNair,Legal,Consultant,1354470,5,44,Hyderabad,Average,Yes,29-04-2023,12-12-2027,130605,No
4099,AyaanSingh,HR,Manager,1269859,2,26,Mumbai,Average,Yes,13-01-2016,21-09-2019,117801,No
4100,KiaraMehta,Legal,Analyst,340251,8,52,Delhi,Low,Yes,03-06-2015,13-06-2018,81690,Yes
4101,RiyaSingh,HR,Lead,600414,12,23,Delhi,High,Yes,28-11-2015,12-02-2017,88058,No
4102,IshaanIyer,Legal,Executive,1122805,8,45,Kolkata,High,No,20-08-2021,,220805,No
4103,ArjunIyer,Admin,Manager,1272995,3,39,Kolkata,High,No,31-07-2024,,100703,No
4104,KrishnaSharma,Marketing,Manager,918800,14,30,Pune,Low,Yes,12-01-2024,05-11-2026,118638,No
4105,RiyaIyer,IT,Consultant,749667,0,21,Pune,High,Yes,14-04-2023,03-11-2023,89734,No
4106,KiaraReddy,Marketing,Lead,1877166,9,45,Mumbai,High,Yes,01-05-2024,10-06-2026,460501,No
4107,AyaanSingh,Legal,Lead,1656683,19,32,Delhi,Average,No,19-01-2023,,190739,Yes
4108,AnikaGupta,Operations,Manager,1101174,14,33,Chennai,Average,Yes,01-06-2021,13-05-2025,188385,No
4109,KiaraMehta,Sales,Lead,615367,9,27,Delhi,Low,Yes,20-02-2024,23-02-2027,86440,Yes
4110,IraMehta,Marketing,Analyst,1454627,2,23,Mumbai,High,Yes,10-09-2022,25-07-2025,325559,Yes
4111,SaiMehta,Legal,Analyst,1307693,10,44,Delhi,Low,Yes,28-04-2023,17-12-2023,229532,No
4112,IraPatel,HR,Consultant,1790665,14,32,Chennai,High,No,08-11-2018,,312087,Yes
4113,KiaraGupta,HR,Manager,913297,13,37,Mumbai,Average,Yes,23-12-2023,29-01-2025,157887,No
4114,AdityaNair,HR,Manager,1950559,5,54,Mumbai,Low,No,22-06-2019,,391154,Yes
4115,AaravIyer,Finance,Analyst,1244583,6,53,Bangalore,Average,No,29-06-2021,,218125,Yes
4116,AnikaPatel,HR,Analyst,496518,17,24,Mumbai,Low,No,07-01-2023,,64046,No
4117,SaanviPatel,Finance,Executive,996988,10,40,Chennai,High,Yes,25-06-2017,05-02-2022,123498,No
4118,DiyaVerma,IT,Analyst,682640,1,32,Mumbai,High,Yes,28-12-2015,18-09-2018,58068,No
4119,NavyaVerma,Finance,Manager,1893191,1,51,Kolkata,High,No,30-12-2023,,204064,Yes
4120,DiyaMehta,Marketing,Lead,1409212,13,45,Bangalore,Low,No,12-07-2020,,204447,Yes
4121,AnanyaIyer,Operations,Analyst,551362,4,21,Hyderabad,Low,No,13-03-2016,,94676,No
4122,AyaanGupta,IT,Analyst,1676201,11,30,Hyderabad,Low,Yes,11-01-2024,26-01-2027,245142,No
4123,VihaanNair,IT,Executive,990428,14,31,Pune,High,No,30-09-2017,,178037,No
4124,AyaanReddy,IT,Executive,911069,2,29,Kolkata,Low,No,12-10-2019,,128526,No
4125,AdityaReddy,HR,Analyst,1288707,5,53,Mumbai,Low,No,07-10-2018,,178179,No
4126,NavyaReddy,Legal,Lead,1070037,3,43,Hyderabad,Average,Yes,04-03-2015,16-07-2017,216687,No
4127,ReyanshMehta,Legal,Executive,1087518,4,58,Chennai,Low,Yes,18-08-2024,30-03-2025,228272,Yes
4128,VivaanVerma,Marketing,Specialist,930379,8,40,Pune,Low,Yes,01-08-2018,31-12-2020,94026,Yes
4129,RiyaGupta,Admin,Lead,933210,16,25,Chennai,High,Yes,21-07-2023,01-04-2028,191847,Yes
4130,VivaanPatel,Legal,Consultant,379598,14,38,Delhi,Average,Yes,05-11-2022,20-04-2028,94523,Yes
4131,AadhyaKapoor,Admin,Consultant,525516,10,24,Chennai,High,No,19-02-2022,,34204,Yes
4132,NavyaReddy,Legal,Lead,1386737,15,32,Delhi,Average,Yes,02-11-2017,28-02-2020,312548,No
4133,AnanyaNair,IT,Specialist,1335276,5,26,Hyderabad,Low,Yes,19-07-2020,04-10-2021,118368,Yes
4134,IraGupta,Admin,Manager,1100425,14,43,Kolkata,Low,Yes,03-11-2019,23-01-2022,269073,No
4135,KiaraGupta,Sales,Specialist,776446,12,52,Mumbai,Average,No,01-03-2023,,182017,No
4136,AaravIyer,Sales,Consultant,1740845,4,37,Pune,High,Yes,10-06-2019,12-03-2022,349686,Yes
4137,VivaanNair,Admin,Lead,1863441,12,21,Kolkata,High,No,27-04-2015,,303495,Yes
4138,KrishnaReddy,Marketing,Lead,280865,3,23,Chennai,Low,No,08-10-2021,,54790,No
4139,AdityaPatel,Legal,Specialist,1883489,6,39,Bangalore,High,Yes,19-04-2022,07-11-2026,251137,No
4140,SaanviKapoor,Legal,Specialist,1954744,10,23,Bangalore,Low,No,01-09-2020,,372802,No
4141,VihaanVerma,Legal,Analyst,287193,10,38,Bangalore,Average,Yes,09-09-2015,22-01-2017,48910,No
4142,RiyaReddy,Legal,Manager,866716,8,55,Bangalore,Low,Yes,19-08-2023,03-08-2028,144501,Yes
4143,KiaraMehta,IT,Executive,674547,15,44,Pune,Low,Yes,15-03-2015,03-01-2018,79052,No
4144,NavyaReddy,Legal,Analyst,994780,6,30,Kolkata,Low,Yes,13-09-2015,26-02-2019,65012,No
4145,IraIyer,Sales,Executive,969937,8,37,Pune,Low,Yes,19-03-2022,21-02-2027,209139,No
4146,IraKapoor,Admin,Executive,359331,13,29,Chennai,Low,No,27-10-2021,,49520,Yes
4147,DiyaPatel,Admin,Consultant,801952,2,28,Mumbai,Low,Yes,06-05-2018,10-08-2023,123158,Yes
4148,KrishnaSharma,IT,Analyst,1785721,5,49,Kolkata,Average,No,20-08-2022,,274404,No
4149,AaravSharma,Operations,Analyst,603048,16,39,Chennai,Low,Yes,12-06-2016,20-02-2017,37659,Yes
4150,AnikaIyer,Legal,Consultant,1869023,2,34,Hyderabad,Low,No,10-06-2021,,170620,Yes
4151,IshaanNair,Finance,Specialist,617876,11,44,Mumbai,Low,Yes,06-05-2015,23-07-2017,94040,No
4152,AyaanKapoor,Sales,Consultant,402132,15,28,Delhi,Low,Yes,27-06-2023,09-05-2026,82301,Yes
4153,IshaanMehta,Operations,Manager,1808334,3,46,Chennai,Average,Yes,02-01-2022,12-02-2023,100900,Yes
4154,IraPatel,Finance,Specialist,778109,10,58,Chennai,High,No,26-07-2019,,72214,No
4155,KrishnaNair,Legal,Manager,1013878,4,29,Chennai,High,No,10-05-2015,,200912,Yes
4156,DiyaVerma,Legal,Manager,1489844,11,25,Mumbai,Average,Yes,30-08-2024,08-09-2026,186674,No
4157,AnanyaNair,HR,Executive,350061,12,36,Mumbai,Low,Yes,06-07-2020,09-02-2025,40447,Yes
4158,ArjunMehta,Marketing,Executive,1190544,2,21,Bangalore,Average,No,26-01-2024,,167703,No
4159,VihaanGupta,Operations,Executive,1914991,16,45,Pune,Average,Yes,03-11-2017,04-03-2022,359078,No
4160,VihaanKapoor,IT,Lead,987424,16,51,Delhi,Average,Yes,29-01-2016,09-02-2021,125731,No
4161,SaanviNair,HR,Consultant,1629412,1,38,Chennai,Low,Yes,07-08-2022,05-09-2024,247558,Yes
4162,AnikaGupta,Admin,Lead,1137017,6,41,Chennai,Average,No,04-04-2019,,72805,No
4163,RiyaSharma,Legal,Manager,471718,15,35,Hyderabad,Low,No,02-11-2021,,72739,Yes
4164,IraNair,Operations,Lead,1094803,14,36,Kolkata,Average,No,04-09-2023,,110405,No
4165,ArjunSharma,IT,Manager,1011147,6,59,Kolkata,Average,Yes,04-05-2024,02-06-2027,170074,No
4166,MyraKapoor,Legal,Manager,1727682,15,25,Pune,Low,Yes,01-09-2018,24-11-2022,312485,No
4167,AyaanIyer,Finance,Analyst,1288985,6,30,Bangalore,Low,Yes,28-03-2016,29-11-2016,199232,Yes
4168,VihaanKapoor,HR,Consultant,1804521,16,40,Mumbai,Average,No,11-08-2019,,329083,Yes
4169,KrishnaVerma,Sales,Consultant,544417,16,43,Chennai,Average,Yes,23-04-2019,15-03-2024,121142,No
4170,AdityaSharma,Marketing,Specialist,1860828,7,31,Kolkata,Low,Yes,03-08-2024,04-01-2027,225469,Yes
4171,AnikaSingh,IT,Consultant,618648,16,42,Bangalore,Average,Yes,06-06-2021,12-03-2023,139488,No
4172,IraNair,Sales,Analyst,857428,6,32,Delhi,Low,Yes,23-07-2024,09-07-2025,197707,No
4173,AdityaPatel,Finance,Manager,776991,10,38,Kolkata,Low,Yes,01-10-2016,30-01-2021,157857,Yes
4174,MyraVerma,Marketing,Executive,903626,2,31,Bangalore,Low,Yes,08-04-2018,04-04-2023,177892,Yes
4175,AnanyaVerma,Admin,Lead,367248,9,38,Pune,Low,No,13-06-2018,,68912,No
4176,KiaraSharma,Operations,Specialist,309337,2,44,Delhi,High,No,08-10-2023,,36626,Yes
4177,SaanviIyer,Finance,Analyst,1645346,16,29,Pune,High,No,19-10-2015,,326760,Yes
4178,AdityaSharma,Sales,Executive,1237921,8,22,Bangalore,Average,No,01-02-2019,,216545,No
4179,AnanyaIyer,IT,Manager,1265414,3,34,Hyderabad,Average,No,15-11-2020,,303183,No
4180,VivaanIyer,Marketing,Executive,1838889,0,35,Mumbai,Low,No,02-03-2020,,312860,No
4181,KrishnaSingh,Admin,Executive,1857428,14,27,Chennai,Low,Yes,09-01-2017,03-01-2022,358328,Yes
4182,AyaanNair,Marketing,Executive,1535179,14,35,Mumbai,High,No,20-04-2020,,339118,No
4183,AdityaSharma,Legal,Executive,670306,6,58,Mumbai,Low,No,28-07-2022,,44136,No
4184,DiyaMehta,Finance,Consultant,1406916,3,35,Pune,High,Yes,06-09-2016,06-03-2021,256571,No
4185,IraNair,Sales,Executive,751990,1,44,Pune,Low,Yes,21-06-2023,09-03-2025,149478,Yes
4186,MyraSingh,Legal,Consultant,1459858,18,41,Bangalore,Average,No,19-03-2019,,307138,Yes
4187,SaiReddy,Sales,Specialist,1162433,12,47,Delhi,Average,No,13-12-2016,,114904,Yes
4188,VivaanPatel,Admin,Analyst,1328182,13,31,Chennai,Average,No,26-10-2020,,295230,No
4189,MyraNair,Marketing,Lead,1322939,1,36,Bangalore,High,Yes,28-07-2022,30-08-2024,68142,No
4190,AaravMehta,Legal,Executive,1361625,5,27,Delhi,Low,No,15-11-2020,,236700,No
4191,AaravVerma,Admin,Specialist,747526,0,55,Kolkata,Low,No,21-09-2023,,42215,No
4192,AnikaPatel,Sales,Manager,441819,11,36,Kolkata,Low,No,06-04-2024,,106720,Yes
4193,VihaanVerma,Admin,Executive,1742063,19,35,Chennai,High,No,30-05-2023,,370344,Yes
4194,VivaanPatel,HR,Manager,1571697,5,53,Delhi,Average,No,03-03-2015,,80438,No
4195,AdityaReddy,Operations,Lead,1761995,19,56,Hyderabad,Average,No,09-09-2020,,272495,Yes
4196,AyaanMehta,Marketing,Consultant,1103969,8,30,Chennai,High,No,13-06-2021,,235249,No
4197,DiyaGupta,Sales,Lead,1052301,2,53,Delhi,Average,Yes,04-09-2021,20-02-2027,160357,Yes
4198,AyaanReddy,Sales,Executive,560701,9,35,Kolkata,Low,No,24-11-2018,,68676,Yes
4199,SaanviNair,Operations,Manager,345271,3,47,Pune,Average,Yes,14-04-2016,02-12-2020,37819,No
4200,KiaraMehta,Finance,Specialist,814113,19,26,Mumbai,High,No,24-11-2016,,58420,No
4201,ArjunPatel,Admin,Consultant,877233,3,25,Pune,Low,Yes,05-05-2018,06-01-2019,100859,No
4202,NavyaNair,Operations,Consultant,1073081,6,32,Mumbai,High,Yes,16-08-2019,13-06-2024,235677,No
4203,SaanviKapoor,Admin,Consultant,666606,16,42,Delhi,Average,Yes,15-06-2021,01-10-2022,105716,Yes
4204,KrishnaSingh,Sales,Executive,1626821,10,49,Kolkata,Average,No,05-08-2021,,247201,No
4205,VivaanNair,HR,Analyst,1088390,14,24,Bangalore,High,Yes,01-07-2023,28-09-2025,178663,No
4206,AyaanReddy,Admin,Lead,740853,13,28,Mumbai,Low,Yes,08-09-2020,11-11-2024,119182,No
4207,ArjunReddy,HR,Specialist,1097971,1,53,Pune,High,Yes,21-11-2018,25-06-2022,272315,No
4208,KrishnaNair,Marketing,Specialist,1898534,11,30,Mumbai,High,No,28-07-2023,,98939,Yes
4209,VihaanPatel,Operations,Analyst,1209131,10,45,Hyderabad,Low,Yes,16-03-2019,23-12-2021,121923,Yes
4210,KrishnaGupta,Admin,Consultant,907923,6,53,Kolkata,Low,No,06-03-2022,,103790,No
4211,AnikaGupta,Operations,Analyst,790940,19,32,Mumbai,High,Yes,02-03-2018,08-01-2021,98704,No
4212,AaravSingh,IT,Specialist,336659,4,21,Delhi,Low,Yes,08-09-2020,18-01-2022,23770,Yes
4213,VihaanSharma,Finance,Analyst,916748,15,40,Hyderabad,Low,No,31-10-2021,,191497,Yes
4214,AnikaIyer,Sales,Lead,770669,16,48,Bangalore,Average,Yes,07-12-2021,09-09-2022,45395,Yes
4215,AdityaMehta,HR,Executive,676708,15,39,Pune,High,Yes,02-04-2015,26-01-2017,150425,Yes
4216,NavyaPatel,Legal,Lead,474006,7,29,Chennai,Low,No,01-08-2018,,71092,No
4217,ArjunMehta,Sales,Executive,1973340,1,37,Delhi,Average,No,02-08-2020,,433981,Yes
4218,IraIyer,Sales,Consultant,1858270,10,59,Hyderabad,Average,No,25-07-2016,,262346,No
4219,AdityaSingh,IT,Manager,1221167,18,40,Delhi,High,Yes,24-11-2018,01-12-2023,263453,Yes
4220,AaravNair,Sales,Executive,1699603,9,44,Chennai,High,No,01-01-2023,,207579,No
4221,VihaanIyer,Legal,Executive,1340394,8,39,Pune,High,Yes,04-05-2024,02-10-2025,89396,Yes
4222,ArjunMehta,Legal,Analyst,962430,2,23,Kolkata,Low,No,08-11-2015,,192645,Yes
4223,AadhyaKapoor,Sales,Analyst,846812,5,21,Pune,High,Yes,11-03-2016,22-04-2020,175928,No
4224,KiaraNair,Marketing,Executive,1963579,6,31,Kolkata,Low,Yes,06-06-2016,06-03-2019,319494,Yes
4225,AnikaVerma,Sales,Consultant,1588623,4,44,Mumbai,Average,Yes,29-06-2023,03-03-2025,198393,Yes
4226,SaanviIyer,Finance,Manager,1408687,14,57,Hyderabad,High,Yes,19-09-2017,23-11-2019,229127,No
4227,AnikaPatel,Operations,Manager,939176,4,47,Mumbai,Average,Yes,15-04-2022,19-05-2025,68048,No
4228,KrishnaPatel,Marketing,Consultant,1697403,5,52,Chennai,Average,Yes,30-04-2024,31-12-2025,333686,No
4229,MyraNair,Finance,Executive,1411056,5,58,Delhi,Average,Yes,16-10-2022,25-05-2023,231721,Yes
4230,VivaanNair,Marketing,Executive,233043,14,39,Chennai,High,Yes,24-01-2023,13-02-2025,48307,No
4231,MyraIyer,Admin,Executive,330119,12,47,Kolkata,Average,No,20-09-2018,,64632,No
4232,RiyaSharma,Legal,Consultant,1871757,6,37,Mumbai,Average,No,06-08-2015,,253418,Yes
4233,SaiReddy,Finance,Consultant,286665,18,38,Mumbai,Low,No,31-10-2016,,50297,No
4234,AyaanIyer,IT,Executive,1716375,9,22,Hyderabad,Low,No,08-03-2020,,419452,No
4235,AaravMehta,IT,Manager,1664420,6,27,Bangalore,High,No,01-11-2023,,227470,Yes
4236,MyraSharma,IT,Lead,584938,6,26,Bangalore,Average,No,06-01-2015,,29721,No
4237,AyaanIyer,Sales,Lead,680588,1,39,Kolkata,Average,No,20-02-2015,,76576,No
4238,DiyaVerma,IT,Analyst,209201,5,22,Pune,Average,No,10-12-2017,,37322,Yes
4239,AdityaVerma,Admin,Consultant,643155,14,26,Mumbai,Average,No,17-03-2021,,59546,Yes
4240,ReyanshKapoor,Legal,Manager,241607,17,44,Bangalore,Average,No,09-08-2020,,46732,No
4241,VihaanVerma,IT,Analyst,1185926,4,49,Chennai,Average,Yes,15-06-2023,14-11-2027,126663,Yes
4242,ReyanshSharma,HR,Lead,958707,1,45,Delhi,Average,No,23-04-2016,,217821,Yes
4243,VivaanKapoor,IT,Lead,1049868,17,37,Mumbai,High,No,25-08-2015,,132596,Yes
4244,NavyaIyer,Sales,Manager,476386,6,21,Kolkata,Low,Yes,01-01-2022,31-12-2022,68418,No
4245,NavyaKapoor,Sales,Executive,1419715,0,33,Mumbai,High,No,16-11-2016,,111835,Yes
4246,AadhyaReddy,Marketing,Lead,362814,6,23,Bangalore,Low,Yes,03-02-2021,29-02-2024,81446,Yes
4247,IraGupta,HR,Executive,1225689,2,48,Chennai,Average,Yes,03-12-2017,03-02-2020,108977,No
4248,ArjunKapoor,Admin,Analyst,1943389,1,28,Kolkata,High,Yes,23-08-2020,20-12-2024,150204,No
4249,SaiIyer,Legal,Manager,1499773,10,35,Pune,Average,No,13-07-2015,,102304,Yes
4250,SaiSingh,Operations,Analyst,1773983,7,33,Bangalore,Low,Yes,17-04-2015,08-09-2018,358774,Yes
4251,DiyaVerma,HR,Lead,1337650,15,33,Delhi,High,No,18-11-2019,,98476,No
4252,ArjunGupta,Legal,Manager,371811,10,30,Mumbai,High,Yes,25-07-2021,13-09-2026,30087,Yes
4253,ReyanshNair,HR,Specialist,221485,6,30,Mumbai,Low,Yes,23-06-2019,27-08-2022,22348,No
4254,VivaanGupta,Sales,Executive,1792614,4,23,Pune,Low,No,30-03-2015,,435788,Yes
4255,KrishnaMehta,Admin,Analyst,943417,5,34,Kolkata,Low,Yes,17-02-2021,30-07-2023,153896,No
4256,AnikaGupta,HR,Lead,872298,2,28,Delhi,Average,No,06-02-2019,,184906,Yes
4257,VihaanNair,Legal,Lead,960817,0,35,Hyderabad,High,No,26-01-2023,,143946,No
4258,AaravMehta,Sales,Executive,868425,10,43,Bangalore,Average,No,08-04-2017,,74202,No
4259,AdityaSharma,Legal,Executive,1725734,6,37,Hyderabad,Average,No,07-04-2019,,196461,No
4260,AaravSharma,Marketing,Analyst,1957175,15,36,Kolkata,High,No,14-04-2015,,433065,Yes
4261,VihaanReddy,Finance,Specialist,1243822,0,22,Hyderabad,Average,Yes,17-03-2017,21-07-2020,163855,No
4262,SaiKapoor,HR,Lead,677210,14,27,Mumbai,Average,Yes,29-05-2024,25-07-2027,63875,Yes
4263,DiyaSharma,Operations,Executive,1314472,5,32,Pune,High,No,08-09-2020,,274335,No
4264,VihaanMehta,Finance,Analyst,381613,19,27,Kolkata,Low,No,03-03-2023,,94412,No
4265,SaiMehta,IT,Manager,259207,1,34,Pune,High,Yes,29-01-2016,17-06-2017,25583,No
4266,NavyaKapoor,Sales,Specialist,1761103,19,25,Pune,Average,No,01-11-2016,,181397,Yes
4267,DiyaPatel,HR,Consultant,920790,9,37,Kolkata,High,No,15-08-2017,,184745,No
4268,SaanviGupta,Operations,Consultant,1119217,12,37,Kolkata,High,Yes,27-09-2016,17-02-2020,218396,No
4269,VivaanVerma,Finance,Executive,616219,9,50,Bangalore,Low,No,24-11-2020,,51688,No
4270,NavyaNair,IT,Specialist,927498,5,53,Hyderabad,High,Yes,17-07-2015,25-10-2020,179500,No
4271,VivaanMehta,Finance,Specialist,679221,11,32,Bangalore,High,Yes,02-06-2016,30-06-2017,103160,Yes
4272,AaravPatel,Operations,Lead,1114493,17,27,Kolkata,High,Yes,26-10-2018,12-08-2021,145207,No
4273,VihaanKapoor,Legal,Executive,1743817,10,25,Kolkata,Average,Yes,22-03-2016,09-06-2018,263019,Yes
4274,RiyaMehta,Operations,Consultant,348455,5,21,Bangalore,High,No,25-02-2015,,51014,No
4275,RiyaGupta,HR,Analyst,1189130,17,44,Pune,Average,No,25-12-2020,,104727,No
4276,AnanyaIyer,Admin,Lead,1394518,15,57,Chennai,Low,Yes,27-05-2022,06-02-2023,125686,Yes
4277,KiaraSingh,Sales,Executive,1614149,4,21,Pune,Average,No,01-04-2024,,145228,No
4278,AadhyaGupta,Admin,Analyst,1580990,13,41,Bangalore,High,Yes,12-04-2022,26-06-2027,329589,Yes
4279,SaanviSharma,Operations,Lead,1707056,17,32,Chennai,Average,Yes,16-04-2017,26-03-2019,210351,Yes
4280,DiyaGupta,IT,Executive,1599347,8,55,Kolkata,Low,Yes,01-05-2018,14-09-2022,116639,No
4281,NavyaSingh,Legal,Executive,1408621,6,56,Delhi,High,Yes,31-05-2020,01-03-2023,197285,No
4282,KiaraNair,Finance,Manager,556450,16,33,Pune,High,Yes,14-11-2018,23-05-2020,53175,Yes
4283,IraPatel,Legal,Executive,981215,10,37,Pune,Low,Yes,15-02-2024,07-09-2024,195063,No
4284,AnikaSingh,IT,Specialist,1595168,9,37,Delhi,High,No,30-04-2020,,103752,No
4285,VivaanMehta,Sales,Lead,380161,16,56,Pune,Average,No,26-05-2021,,74712,Yes
4286,NavyaReddy,Legal,Lead,539136,0,24,Pune,Low,No,16-04-2022,,117056,Yes
4287,AnikaIyer,Legal,Consultant,1832913,1,21,Mumbai,Low,Yes,03-04-2024,13-05-2028,267589,Yes
4288,IraMehta,Admin,Lead,1732821,17,36,Bangalore,High,No,12-07-2017,,336601,No
4289,AnanyaIyer,Marketing,Analyst,1209237,5,45,Bangalore,Low,Yes,01-12-2017,29-12-2018,145157,No
4290,SaanviSingh,IT,Consultant,1924578,19,22,Hyderabad,Low,No,23-09-2022,,396217,No
4291,IshaanMehta,Marketing,Specialist,1455378,11,29,Kolkata,Average,Yes,30-01-2022,17-04-2025,84022,No
4292,AaravPatel,Sales,Analyst,746499,18,41,Chennai,High,Yes,06-01-2023,20-04-2027,58429,No
4293,AnikaSharma,Admin,Lead,532432,18,44,Pune,High,No,12-11-2024,,131026,No
4294,NavyaReddy,Admin,Lead,1800472,17,54,Kolkata,Low,No,29-09-2021,,284267,No
4295,AadhyaKapoor,Finance,Specialist,1535977,2,45,Hyderabad,High,No,12-05-2024,,202799,Yes
4296,IshaanSharma,Admin,Consultant,520687,11,28,Mumbai,Low,No,27-01-2023,,65490,Yes
4297,KiaraIyer,Legal,Executive,720674,8,58,Pune,High,Yes,03-01-2021,29-03-2026,100458,No
4298,AaravSharma,Admin,Lead,1329335,13,48,Chennai,Low,No,15-09-2021,,113975,Yes
4299,ArjunMehta,Sales,Consultant,811345,11,28,Pune,High,No,13-08-2015,,92087,No
4300,AaravMehta,Sales,Specialist,988005,13,22,Chennai,High,No,04-06-2016,,189135,Yes
4301,MyraReddy,HR,Consultant,277700,1,39,Mumbai,Low,Yes,09-08-2023,28-08-2025,69196,Yes
4302,SaanviReddy,Sales,Manager,1195774,13,47,Hyderabad,Low,No,17-04-2015,,120617,No
4303,VihaanPatel,Admin,Manager,602885,7,52,Bangalore,High,Yes,04-02-2022,15-10-2025,145564,Yes
4304,ArjunGupta,Sales,Analyst,1441111,16,38,Hyderabad,Average,Yes,03-08-2019,01-10-2023,210814,No
4305,AadhyaSingh,Operations,Executive,1468655,17,36,Chennai,Low,No,10-10-2019,,223994,No
4306,DiyaReddy,Admin,Executive,1825557,6,53,Mumbai,Low,Yes,23-06-2023,28-12-2026,93651,No
4307,VihaanIyer,Marketing,Executive,566675,0,51,Mumbai,Average,No,05-07-2015,,64430,No
4308,DiyaSingh,Marketing,Specialist,982409,0,41,Kolkata,Average,Yes,09-01-2021,31-10-2021,243666,Yes
4309,VihaanKapoor,Sales,Consultant,490477,13,30,Chennai,Low,Yes,15-11-2022,12-05-2026,47084,No
4310,AaravNair,Operations,Executive,1981743,8,40,Hyderabad,High,No,04-08-2024,,283279,Yes
4311,ArjunGupta,IT,Lead,571879,6,31,Pune,Low,Yes,01-11-2019,08-06-2022,141313,No
4312,SaanviPatel,Marketing,Specialist,1989070,5,30,Chennai,High,No,26-05-2016,,288421,Yes
4313,AaravPatel,Operations,Analyst,1402796,10,55,Bangalore,Average,No,22-04-2024,,126952,Yes
4314,ArjunNair,Sales,Consultant,1168513,13,49,Bangalore,Average,Yes,06-01-2022,05-08-2026,262640,No
4315,IraIyer,Marketing,Manager,1260385,17,53,Mumbai,High,Yes,08-02-2020,29-02-2024,152666,No
4316,AadhyaMehta,HR,Analyst,1832015,0,29,Pune,Average,Yes,07-04-2024,22-09-2027,233211,Yes
4317,NavyaGupta,Sales,Specialist,1320465,15,28,Chennai,Average,Yes,21-08-2016,25-02-2020,80386,No
4318,AnikaSharma,IT,Consultant,838466,14,58,Mumbai,Low,Yes,29-05-2023,25-08-2024,140359,No
4319,DiyaReddy,HR,Specialist,837462,10,23,Delhi,Average,Yes,05-09-2019,10-01-2023,189329,No
4320,KiaraSharma,Finance,Analyst,764153,13,27,Pune,Low,Yes,17-12-2018,09-07-2023,115469,Yes
4321,VivaanMehta,Sales,Analyst,1850219,11,28,Bangalore,High,Yes,21-03-2015,23-12-2017,130315,No
4322,AadhyaSingh,Admin,Manager,1504092,15,25,Delhi,Average,Yes,25-10-2017,06-06-2020,276676,Yes
4323,MyraMehta,Sales,Consultant,1504241,17,25,Kolkata,Low,Yes,28-12-2020,10-11-2022,355788,Yes
4324,AnikaNair,IT,Executive,1958769,13,46,Delhi,Average,Yes,10-01-2018,14-02-2023,229002,Yes
4325,IraVerma,IT,Manager,1264006,14,30,Hyderabad,Low,Yes,04-09-2024,08-02-2029,291726,Yes
4326,ArjunKapoor,Sales,Consultant,755476,17,24,Hyderabad,Average,No,21-06-2022,,97341,Yes
4327,KiaraSharma,Operations,Analyst,1936560,16,40,Chennai,High,No,11-10-2022,,287778,No
4328,MyraKapoor,Admin,Manager,976654,0,39,Chennai,Low,Yes,23-01-2020,24-08-2020,119395,No
4329,ReyanshGupta,IT,Consultant,593423,12,52,Pune,High,Yes,16-01-2021,04-09-2022,87895,Yes
4330,SaiNair,HR,Analyst,1476403,16,25,Bangalore,Average,No,14-06-2024,,134929,No
4331,NavyaSingh,Operations,Manager,1975322,4,57,Pune,Average,No,05-08-2016,,365870,No
4332,AaravSingh,Legal,Consultant,1113758,5,22,Kolkata,Low,No,30-09-2016,,156076,No
4333,KiaraGupta,Marketing,Analyst,1408436,19,31,Mumbai,Average,No,23-12-2019,,81972,Yes
4334,KiaraKapoor,Admin,Consultant,1127399,18,40,Bangalore,Average,No,09-04-2016,,215238,No
4335,AaravIyer,HR,Consultant,992553,4,34,Pune,High,No,16-05-2021,,157492,No
4336,AnanyaIyer,Admin,Specialist,1349363,15,44,Kolkata,Low,No,27-06-2022,,78444,Yes
4337,ArjunSingh,Admin,Manager,1094466,8,38,Chennai,Average,Yes,13-04-2022,15-06-2024,251171,No
4338,NavyaSharma,IT,Lead,1179424,0,55,Kolkata,Low,No,10-05-2018,,244754,Yes
4339,SaanviPatel,Finance,Specialist,1838861,9,30,Delhi,Low,No,01-06-2015,,448292,Yes
4340,IraVerma,Legal,Executive,1260942,7,55,Bangalore,Average,No,17-07-2020,,278189,Yes
4341,ReyanshVerma,Legal,Specialist,1763790,4,27,Bangalore,Average,No,06-07-2019,,416818,Yes
4342,ArjunIyer,Sales,Executive,1807125,15,33,Mumbai,Average,Yes,23-02-2017,15-07-2022,400523,No
4343,AyaanReddy,Marketing,Executive,541977,8,25,Kolkata,Average,Yes,12-01-2017,26-01-2019,103831,Yes
4344,AnikaSingh,Finance,Lead,293593,3,36,Chennai,High,No,13-07-2020,,63909,Yes
4345,NavyaIyer,HR,Consultant,1193381,2,45,Delhi,Average,Yes,10-08-2023,30-07-2028,94635,No
4346,IraVerma,Operations,Manager,954233,11,53,Delhi,Average,No,10-04-2017,,128188,Yes
4347,VivaanIyer,Marketing,Executive,410828,2,47,Bangalore,Low,Yes,19-10-2019,24-09-2022,80893,No
4348,MyraSingh,Operations,Consultant,1302680,12,30,Hyderabad,High,No,15-08-2016,,223691,No
4349,ArjunPatel,Legal,Executive,1838380,5,34,Pune,Low,No,25-08-2016,,441461,Yes
4350,AdityaSharma,HR,Executive,664657,12,26,Pune,Average,Yes,04-10-2019,18-08-2021,164798,Yes
4351,IraKapoor,Operations,Executive,1391974,10,45,Pune,Low,Yes,25-11-2020,04-07-2024,267226,No
,,,,,,,,,,,,,
4352,VivaanGupta,Operations,Consultant,525689,4,36,Bangalore,High,No,27-04-2023,,74754,Yes
4353,AyaanSingh,IT,Executive,1585052,8,57,Delhi,Low,Yes,12-03-2016,24-09-2018,120531,No
4354,DiyaSingh,Admin,Analyst,370386,11,22,Pune,Average,No,31-05-2020,,22155,Yes
4355,RiyaNair,Operations,Lead,1515629,17,39,Kolkata,High,No,04-01-2020,,250125,No
4356,KrishnaGupta,Operations,Manager,444734,15,34,Hyderabad,High,No,06-06-2024,,107474,Yes
4357,VivaanPatel,Finance,Specialist,980331,0,39,Bangalore,Low,No,18-01-2023,,190142,Yes
4358,KiaraPatel,HR,Consultant,1969263,6,47,Kolkata,Average,Yes,05-05-2024,01-11-2026,192490,Yes
4359,AyaanIyer,Sales,Specialist,283583,5,38,Kolkata,Average,No,13-06-2022,,46665,No
4360,SaanviKapoor,Finance,Consultant,1722968,13,58,Pune,Average,Yes,25-05-2017,12-11-2019,401186,No
4361,AnanyaIyer,Finance,Specialist,563298,2,43,Bangalore,High,Yes,14-03-2021,16-08-2022,48196,No
4362,NavyaPatel,Legal,Lead,913695,19,37,Chennai,Low,No,20-03-2023,,73406,No
4363,AnikaSingh,HR,Lead,1564952,19,45,Delhi,Low,No,01-08-2024,,331953,No
4364,SaiPatel,HR,Consultant,1603636,0,36,Bangalore,Average,No,18-12-2021,,262470,No
4365,AnanyaSharma,Legal,Manager,1580893,2,54,Mumbai,Average,No,11-09-2018,,232625,Yes
4366,AnanyaGupta,Admin,Consultant,1456706,0,31,Chennai,Low,Yes,07-12-2024,15-11-2029,175118,Yes
4367,AdityaSharma,Operations,Consultant,1567918,17,40,Kolkata,Low,No,04-11-2015,,127556,No
4368,AadhyaKapoor,Operations,Lead,1780646,16,48,Mumbai,Low,Yes,10-09-2021,08-12-2024,110316,Yes
4369,DiyaSingh,Legal,Executive,787465,13,58,Chennai,High,Yes,14-10-2019,04-07-2024,133963,Yes
4370,KiaraMehta,Marketing,Consultant,1514022,5,44,Kolkata,High,Yes,15-07-2017,19-09-2018,313353,Yes
4371,ArjunGupta,Legal,Analyst,1476664,3,30,Mumbai,Average,No,09-04-2020,,302586,Yes
4372,AaravReddy,Operations,Analyst,1700190,7,23,Chennai,Low,No,11-09-2023,,283046,Yes
4373,RiyaGupta,Finance,Analyst,1546004,0,35,Hyderabad,High,No,08-10-2016,,304405,No
4374,KiaraPatel,Legal,Executive,1155480,2,50,Bangalore,Low,Yes,19-02-2018,12-12-2019,158298,No
4375,VihaanIyer,Marketing,Consultant,374115,2,25,Hyderabad,Low,Yes,06-03-2024,02-11-2028,36880,No
4376,AadhyaVerma,Admin,Manager,1789569,15,30,Hyderabad,Average,Yes,22-02-2022,09-05-2027,136692,No
4377,DiyaGupta,IT,Specialist,942886,5,53,Hyderabad,Average,No,20-10-2024,,80340,No
4378,IraReddy,Marketing,Analyst,248555,0,53,Bangalore,High,No,18-04-2016,,36269,No
4379,IshaanVerma,Sales,Analyst,1822285,7,56,Delhi,Low,Yes,20-05-2018,18-04-2019,378295,Yes
4380,AadhyaSharma,Operations,Lead,221169,5,50,Hyderabad,Low,No,22-07-2020,,13374,No
4381,AdityaSingh,Sales,Analyst,528520,6,48,Hyderabad,Low,Yes,04-07-2024,11-03-2029,54981,Yes
4382,ArjunPatel,Marketing,Analyst,1384491,4,25,Hyderabad,High,Yes,14-11-2021,22-01-2025,152583,No
4383,DiyaNair,Finance,Executive,968180,16,29,Bangalore,Average,No,04-01-2017,,166914,Yes
4384,ArjunMehta,HR,Specialist,841992,15,56,Delhi,High,No,04-12-2021,,166723,No
4385,RiyaPatel,HR,Analyst,1263250,11,56,Mumbai,Low,No,02-05-2021,,206263,Yes
4386,ArjunGupta,Admin,Consultant,1440311,18,26,Bangalore,Low,Yes,12-11-2018,11-12-2021,126948,Yes
4387,ReyanshIyer,IT,Consultant,585453,12,41,Pune,Average,Yes,26-11-2017,30-04-2022,80687,No
4388,SaiPatel,Marketing,Specialist,935081,14,41,Kolkata,Average,No,14-09-2021,,180905,Yes
4389,AdityaVerma,IT,Consultant,448670,5,55,Delhi,Low,Yes,14-06-2015,01-11-2018,69971,No
4390,MyraGupta,Admin,Lead,1982906,0,55,Kolkata,Low,No,14-10-2017,,322727,No
4391,AdityaReddy,Marketing,Analyst,1242867,11,40,Chennai,High,No,06-05-2020,,131152,No
4392,SaanviMehta,Operations,Specialist,1442877,13,27,Bangalore,High,No,18-10-2020,,185302,Yes
4393,NavyaSharma,IT,Consultant,1223189,7,39,Kolkata,High,Yes,03-09-2020,27-11-2024,170815,No
4394,ArjunVerma,IT,Consultant,460346,1,31,Chennai,High,No,26-03-2017,,73934,No
4395,AnikaSharma,Operations,Lead,492009,1,26,Bangalore,Average,No,30-09-2016,,46872,Yes
4396,MyraKapoor,IT,Consultant,1903632,7,34,Kolkata,High,No,21-07-2015,,156620,No
4397,VivaanReddy,IT,Executive,218409,11,52,Mumbai,Low,Yes,27-09-2020,24-09-2025,53463,Yes
4398,RiyaKapoor,Admin,Executive,409074,4,52,Kolkata,High,Yes,07-05-2016,18-11-2020,57261,Yes
4399,SaiSharma,Sales,Specialist,218733,3,50,Hyderabad,High,No,07-04-2018,,46692,No
4400,ArjunIyer,Admin,Lead,384588,11,56,Hyderabad,Low,No,12-03-2021,,28050,No
4401,SaiIyer,IT,Lead,1901984,18,56,Hyderabad,High,No,03-12-2015,,457463,Yes
4402,AyaanGupta,HR,Lead,1655499,4,47,Hyderabad,Average,Yes,21-02-2018,13-03-2020,92247,No
4403,KiaraVerma,HR,Specialist,570570,5,36,Mumbai,High,Yes,07-03-2019,18-11-2019,77512,Yes
4404,KrishnaReddy,Operations,Specialist,711854,15,33,Mumbai,Average,No,14-08-2023,,158144,Yes
4405,ReyanshGupta,Admin,Specialist,1511441,13,22,Pune,High,Yes,07-08-2017,02-04-2020,335243,Yes
4406,KrishnaReddy,Sales,Analyst,1688567,7,31,Chennai,Average,No,08-04-2023,,290460,Yes
4407,VivaanGupta,Admin,Manager,1400520,16,36,Pune,High,Yes,25-01-2017,20-10-2021,241873,Yes
4408,MyraReddy,Admin,Executive,1771849,3,44,Bangalore,High,Yes,19-05-2019,11-10-2020,284038,No
4409,VivaanGupta,Operations,Analyst,1411853,13,42,Bangalore,Average,No,05-02-2021,,336508,Yes
4410,AnikaIyer,Admin,Consultant,1751126,18,47,Delhi,Average,Yes,18-01-2017,22-07-2019,365010,Yes
4411,AadhyaIyer,Finance,Analyst,344051,1,52,Kolkata,High,No,30-07-2023,,61220,No
4412,SaanviIyer,Sales,Lead,306500,11,27,Hyderabad,Average,No,21-06-2022,,44541,Yes
4413,IshaanPatel,Marketing,Consultant,1800649,5,26,Pune,Average,No,25-08-2016,,298394,Yes
4414,ReyanshGupta,IT,Lead,938761,8,40,Kolkata,Low,Yes,31-10-2019,10-01-2025,125650,No
4415,MyraSingh,Operations,Analyst,1117831,13,51,Chennai,Average,No,21-01-2023,,202293,Yes
4416,AaravNair,IT,Manager,1525674,15,48,Pune,High,No,17-07-2015,,355525,No
4417,AnikaSingh,Marketing,Manager,574154,9,43,Hyderabad,Average,Yes,19-02-2024,01-02-2028,99487,No
4418,AadhyaSharma,Operations,Manager,1797655,14,59,Delhi,Low,Yes,08-07-2019,22-04-2023,295756,Yes
4419,AyaanMehta,HR,Consultant,227134,1,30,Delhi,Low,No,06-05-2019,,13946,Yes
4420,SaanviGupta,Sales,Manager,1972283,12,50,Bangalore,Average,Yes,30-04-2015,18-11-2018,133397,No
4421,MyraVerma,HR,Lead,224698,12,45,Pune,Low,Yes,20-05-2023,01-02-2026,16644,No
4422,ReyanshMehta,Admin,Analyst,821300,6,33,Kolkata,Low,No,04-10-2024,,80785,No
4423,KiaraSharma,IT,Consultant,1948485,19,32,Pune,Average,No,10-11-2016,,241701,Yes
4424,NavyaIyer,Finance,Analyst,837723,10,52,Hyderabad,Average,No,27-11-2015,,61101,No
4425,KiaraSingh,Marketing,Analyst,365992,2,37,Hyderabad,Average,No,03-03-2017,,66521,No
4426,DiyaSharma,Operations,Analyst,259026,8,51,Pune,Low,No,07-03-2019,,46511,Yes
4427,AnikaVerma,Admin,Executive,957438,14,21,Bangalore,High,No,14-06-2024,,73506,No
4428,AdityaKapoor,Sales,Lead,1929159,9,46,Bangalore,Low,No,18-01-2021,,146574,Yes
4429,DiyaGupta,HR,Specialist,1700999,18,21,Pune,High,Yes,14-04-2018,13-12-2019,345905,Yes
4430,SaanviReddy,Finance,Executive,520595,4,23,Chennai,High,Yes,10-12-2018,02-02-2024,64741,Yes
4431,IshaanReddy,Admin,Analyst,1688196,10,58,Pune,Average,No,18-07-2022,,217521,Yes
4432,VivaanMehta,HR,Consultant,343206,13,43,Mumbai,Average,No,08-02-2023,,85189,No
4433,KiaraMehta,HR,Lead,1878849,17,56,Pune,High,Yes,09-08-2021,07-10-2022,399538,No
4434,VivaanMehta,Operations,Consultant,1346051,15,24,Kolkata,Low,Yes,26-02-2015,19-03-2020,153519,Yes
4435,SaiPatel,Marketing,Executive,1036987,1,23,Pune,High,Yes,31-03-2022,30-11-2023,102807,Yes
4436,AadhyaMehta,Marketing,Consultant,1510470,3,53,Kolkata,Low,No,20-09-2023,,224085,Yes
4437,SaiVerma,HR,Analyst,1807683,8,46,Pune,High,Yes,24-04-2023,04-10-2028,130419,No
4438,IraSingh,Operations,Lead,1622281,18,35,Chennai,Low,Yes,20-05-2023,24-02-2024,319209,No
4439,IraSingh,Marketing,Executive,318724,15,43,Mumbai,High,Yes,10-09-2023,12-09-2027,59419,Yes
4440,AnanyaPatel,Legal,Executive,443746,7,44,Delhi,High,Yes,30-06-2020,28-11-2025,35384,Yes
4441,ReyanshPatel,Sales,Analyst,1041254,19,51,Kolkata,High,No,15-10-2017,,151888,No
4442,AdityaMehta,Sales,Lead,751834,10,25,Kolkata,High,No,21-04-2022,,51094,Yes
4443,KiaraNair,Legal,Executive,1946282,14,36,Mumbai,Average,Yes,08-01-2017,20-10-2021,371771,No
4444,ArjunVerma,Finance,Manager,1234337,19,25,Delhi,Low,Yes,03-02-2019,23-08-2023,249467,Yes
4445,NavyaVerma,Sales,Executive,654887,12,52,Delhi,Average,No,11-06-2023,,117315,Yes
4446,SaiSingh,HR,Lead,521044,18,43,Chennai,High,Yes,28-06-2016,09-02-2018,126884,No
4447,AadhyaPatel,Operations,Manager,1537284,8,30,Mumbai,Low,Yes,22-12-2017,05-04-2019,228935,Yes
4448,NavyaGupta,Finance,Consultant,500106,13,23,Mumbai,Low,No,21-01-2018,,99595,No
4449,MyraMehta,Finance,Specialist,366835,16,57,Mumbai,Low,No,16-04-2021,,90761,No
4450,IraSharma,Marketing,Consultant,876819,10,45,Pune,Low,No,19-08-2017,,87264,Yes
4451,AaravMehta,Finance,Lead,1778169,4,31,Delhi,High,No,17-12-2024,,404332,No
4452,VivaanReddy,HR,Executive,1863398,5,31,Mumbai,High,Yes,21-05-2016,15-02-2020,282408,Yes
4453,AaravMehta,Marketing,Analyst,1822779,7,22,Chennai,Average,No,10-08-2017,,307180,Yes
4454,IraVerma,Marketing,Lead,1419475,6,24,Hyderabad,Average,No,12-08-2022,,227775,Yes
4455,IraIyer,Operations,Consultant,1252119,0,44,Mumbai,Average,No,20-12-2024,,152477,Yes
4456,AyaanVerma,Legal,Consultant,391506,4,24,Mumbai,Low,No,27-10-2020,,93580,Yes
4457,ReyanshIyer,Finance,Executive,1634835,9,50,Pune,High,Yes,02-03-2017,31-08-2020,356221,No
4458,KiaraSharma,Sales,Lead,304627,7,58,Chennai,Average,Yes,26-03-2016,02-11-2019,49183,Yes
4459,AadhyaNair,Admin,Executive,1575990,9,25,Delhi,Average,No,16-09-2018,,155967,No
4460,RiyaNair,Legal,Consultant,1227001,2,32,Chennai,Low,Yes,02-11-2020,13-07-2023,111085,Yes
4461,ReyanshIyer,HR,Executive,407663,3,21,Hyderabad,Low,No,09-12-2023,,88119,Yes
4462,AaravSingh,Admin,Executive,1270323,19,23,Bangalore,High,Yes,06-05-2021,11-03-2024,79705,No
4463,ReyanshMehta,IT,Manager,1311649,3,53,Bangalore,Low,Yes,25-03-2016,20-01-2021,192586,No
4464,AnanyaKapoor,Admin,Analyst,368560,17,51,Bangalore,High,Yes,15-11-2015,05-04-2021,85636,Yes
4465,AyaanIyer,Operations,Lead,1237683,2,23,Pune,Low,No,19-12-2015,,121238,Yes
4466,ArjunKapoor,Operations,Lead,1730892,4,36,Kolkata,High,Yes,02-11-2020,23-01-2022,220800,No
4467,MyraReddy,Marketing,Analyst,1798123,12,24,Bangalore,Low,Yes,23-04-2016,22-10-2018,281544,Yes
4468,AnikaNair,HR,Manager,1690852,4,44,Bangalore,High,Yes,30-09-2018,13-10-2019,90015,Yes
4469,AadhyaIyer,Sales,Lead,1368826,7,56,Pune,Average,Yes,15-11-2021,03-12-2026,172369,No
4470,AnikaMehta,IT,Manager,1070163,4,38,Chennai,Low,Yes,24-08-2021,26-08-2022,214142,No
4471,AyaanNair,Marketing,Specialist,1613206,16,49,Bangalore,High,No,11-11-2015,,108153,No
4472,AadhyaPatel,Legal,Consultant,765970,15,38,Hyderabad,High,No,26-09-2019,,52909,Yes
4473,SaanviMehta,Admin,Executive,562757,6,26,Mumbai,Low,No,26-10-2021,,109646,Yes
4474,VihaanIyer,Operations,Analyst,999848,7,50,Mumbai,High,No,03-04-2017,,244488,No
4475,SaanviSharma,Finance,Analyst,470504,11,38,Bangalore,High,No,07-05-2024,,57912,Yes
4476,NavyaVerma,Finance,Consultant,211227,3,45,Kolkata,Average,No,30-10-2024,,52593,Yes
4477,DiyaIyer,IT,Lead,515795,4,38,Delhi,High,No,19-04-2022,,76862,Yes
4478,SaanviVerma,Finance,Specialist,1457550,2,21,Chennai,Average,Yes,25-12-2024,05-06-2026,291152,Yes
4479,IshaanNair,HR,Manager,1267697,11,50,Hyderabad,Low,Yes,19-03-2024,04-04-2026,149981,Yes
4480,SaanviSharma,Operations,Analyst,1169095,5,24,Bangalore,High,No,09-08-2018,,129698,No
4481,DiyaPatel,IT,Consultant,1196552,12,49,Hyderabad,High,Yes,02-06-2021,12-02-2022,229798,No
4482,NavyaPatel,Sales,Specialist,1422283,1,39,Hyderabad,Low,No,13-09-2024,,326308,Yes
4483,ReyanshPatel,Marketing,Consultant,589821,5,51,Pune,Average,No,31-03-2017,,80471,No
4484,AnikaReddy,Legal,Specialist,304319,16,23,Delhi,Low,Yes,12-06-2023,22-05-2026,40904,Yes
4485,AdityaVerma,Legal,Consultant,1878676,12,59,Mumbai,Low,No,09-12-2016,,348023,Yes
4486,AyaanKapoor,Legal,Lead,1262467,0,59,Hyderabad,Average,Yes,17-09-2021,09-04-2025,206810,Yes
4487,KiaraMehta,Legal,Lead,769027,2,28,Mumbai,High,No,15-01-2023,,180681,Yes
4488,AnikaReddy,Admin,Executive,239459,5,42,Kolkata,High,Yes,18-10-2020,21-05-2023,25209,No
4489,AaravSingh,Finance,Specialist,1628495,6,58,Pune,Average,Yes,10-05-2021,03-05-2023,116463,Yes
4490,AdityaMehta,Legal,Consultant,1851711,14,21,Kolkata,Average,Yes,02-07-2024,26-02-2028,314508,Yes
4491,KrishnaKapoor,Marketing,Lead,1891412,0,49,Bangalore,Low,No,26-03-2016,,308484,No
4492,VivaanSharma,Legal,Manager,536795,6,57,Kolkata,Average,No,01-12-2021,,76690,No
4493,VihaanPatel,IT,Lead,1646585,0,53,Bangalore,Average,No,16-09-2022,,402968,No
4494,AadhyaSingh,Operations,Analyst,1654986,13,49,Mumbai,Low,No,30-03-2015,,225400,No
4495,AadhyaGupta,Admin,Analyst,1360754,11,39,Mumbai,High,Yes,10-11-2015,26-11-2017,98417,Yes
4496,VihaanNair,Finance,Consultant,1009858,5,57,Hyderabad,Low,No,17-04-2015,,59442,No
4497,KiaraSingh,Marketing,Consultant,1408610,8,49,Kolkata,Average,Yes,20-03-2022,09-03-2026,225472,Yes
4498,AnanyaVerma,Legal,Consultant,1053579,17,56,Mumbai,High,Yes,06-04-2023,13-10-2025,173485,Yes
4499,AadhyaPatel,Admin,Consultant,728104,18,33,Delhi,High,Yes,14-08-2022,23-11-2024,69619,Yes
4500,AdityaIyer,HR,Specialist,939835,5,48,Chennai,Low,Yes,14-07-2022,25-07-2026,64582,No
4501,AnanyaIyer,Legal,Executive,1456919,12,49,Pune,High,Yes,12-05-2020,19-06-2022,301487,Yes
4502,KrishnaSingh,Marketing,Lead,801252,15,42,Bangalore,Low,No,06-12-2021,,158821,Yes
4503,AyaanReddy,Operations,Manager,1453526,0,24,Kolkata,High,Yes,20-06-2024,18-09-2025,91981,Yes
4504,IraGupta,Admin,Consultant,1020995,0,32,Bangalore,Average,No,21-11-2018,,123255,Yes
4505,ReyanshSharma,IT,Specialist,1932026,8,51,Bangalore,Average,No,19-10-2020,,396893,No
4506,IraVerma,Finance,Analyst,1156417,0,27,Chennai,High,Yes,26-05-2015,07-06-2016,135231,Yes
4507,NavyaIyer,HR,Consultant,359947,10,50,Chennai,High,No,07-10-2020,,30393,Yes
4508,AaravIyer,Finance,Executive,1634947,6,37,Hyderabad,Low,Yes,02-02-2023,23-06-2027,172419,No
4509,SaanviPatel,Marketing,Specialist,1184766,17,42,Pune,High,Yes,03-06-2020,05-08-2025,131854,Yes
4510,AnikaKapoor,Sales,Executive,1235016,10,25,Kolkata,High,No,18-07-2015,,307067,No
4511,IshaanGupta,Marketing,Specialist,1480407,4,58,Mumbai,High,No,14-06-2018,,307283,Yes
4512,AyaanIyer,Admin,Analyst,861311,7,40,Chennai,High,No,06-08-2018,,58513,No
4513,AaravSharma,Admin,Lead,867527,1,41,Chennai,Low,Yes,01-12-2015,04-04-2019,132287,No
4514,AyaanGupta,Operations,Executive,210485,2,36,Mumbai,Low,Yes,02-09-2016,12-02-2018,39638,Yes
4515,SaiNair,Admin,Lead,1165802,13,54,Chennai,Low,No,17-03-2017,,279942,No
4516,AadhyaSharma,IT,Lead,1727699,0,26,Hyderabad,Average,Yes,03-07-2022,23-03-2024,250713,Yes
4517,AnikaReddy,Admin,Executive,1286245,0,23,Hyderabad,Average,No,13-04-2022,,76345,Yes
4518,VihaanSharma,HR,Manager,849166,12,42,Pune,High,No,05-05-2016,,64807,Yes
4519,AnikaSharma,Admin,Executive,1965392,4,41,Kolkata,Low,No,23-01-2020,,244454,Yes
4520,NavyaKapoor,Legal,Consultant,697502,7,50,Pune,Average,Yes,16-08-2020,02-05-2025,168461,Yes
4521,VivaanIyer,HR,Lead,1588122,18,54,Chennai,Low,No,13-08-2019,,248275,No
4522,RiyaGupta,Legal,Specialist,533018,5,30,Pune,Average,No,19-04-2015,,35738,No
4523,SaiSingh,Legal,Analyst,907593,9,46,Delhi,Average,No,27-01-2023,,132371,No
4524,AnanyaNair,Operations,Specialist,1361974,1,27,Mumbai,Average,No,09-12-2017,,302106,No
4525,DiyaPatel,Finance,Lead,1322100,17,28,Chennai,Low,Yes,14-09-2017,23-05-2021,268197,No
4526,AnikaPatel,Admin,Specialist,208947,11,46,Chennai,Average,Yes,01-02-2022,01-06-2026,24610,Yes
4527,ReyanshPatel,Operations,Manager,1263789,11,49,Kolkata,Low,Yes,01-03-2019,31-12-2020,140816,Yes
4528,AadhyaGupta,Legal,Lead,1755269,11,54,Mumbai,Low,Yes,01-11-2020,31-05-2022,318703,Yes
4529,SaanviPatel,Operations,Manager,1729151,11,55,Bangalore,Average,Yes,05-10-2017,30-11-2021,235870,Yes
4530,AaravSingh,HR,Specialist,1163098,16,31,Kolkata,Average,Yes,08-03-2022,04-07-2025,106560,No
4531,AyaanReddy,Finance,Specialist,1918386,1,49,Chennai,Average,Yes,04-12-2017,23-01-2019,275550,Yes
4532,KrishnaIyer,Legal,Consultant,492254,16,29,Hyderabad,Average,Yes,30-04-2020,18-11-2024,108731,Yes
4533,AnanyaKapoor,Sales,Specialist,685197,12,45,Kolkata,High,Yes,09-04-2018,26-04-2023,126484,Yes
4534,DiyaMehta,Legal,Consultant,945632,7,46,Kolkata,Average,Yes,24-03-2015,30-03-2016,111112,Yes
4535,ArjunIyer,Legal,Manager,452697,5,23,Mumbai,Average,Yes,06-01-2015,27-09-2017,35729,Yes
4536,MyraReddy,Legal,Manager,1481036,12,21,Kolkata,High,Yes,24-11-2019,20-07-2020,260733,No
4537,ArjunMehta,Admin,Consultant,783667,16,29,Mumbai,Low,No,26-05-2017,,89782,Yes
4538,VihaanSharma,Sales,Manager,1809380,13,31,Pune,Average,Yes,22-12-2019,07-12-2023,211318,Yes
4539,MyraSingh,Marketing,Manager,261240,6,44,Pune,Low,No,26-04-2022,,50167,Yes
4540,ReyanshIyer,HR,Analyst,1315049,14,23,Mumbai,Low,Yes,24-01-2024,11-05-2027,284302,Yes
4541,VihaanKapoor,Sales,Lead,652697,0,35,Bangalore,Average,No,16-10-2023,,117332,Yes
4542,ArjunReddy,Admin,Lead,1448779,19,58,Pune,Low,No,20-04-2018,,263406,No
4543,AyaanIyer,Finance,Lead,603065,3,57,Chennai,High,No,19-08-2021,,118468,Yes
4544,IraNair,Legal,Lead,670929,0,41,Delhi,High,No,14-10-2022,,126963,No
4545,DiyaReddy,Marketing,Analyst,1475285,18,21,Pune,High,Yes,08-01-2024,26-12-2026,276669,Yes
4546,DiyaIyer,Sales,Specialist,1414817,13,26,Chennai,High,Yes,23-10-2017,01-09-2019,349770,No
4547,IshaanSharma,Operations,Manager,576875,18,44,Pune,Low,No,23-04-2020,,103733,Yes
4548,RiyaNair,Operations,Lead,686796,15,40,Mumbai,Average,Yes,10-12-2020,17-10-2021,152055,Yes
4549,AnikaSharma,Sales,Lead,862657,3,47,Hyderabad,High,No,07-04-2017,,181939,Yes
4550,ReyanshVerma,Operations,Executive,1349819,16,21,Mumbai,Low,Yes,25-11-2024,12-01-2029,75249,No
4551,AnikaNair,Operations,Analyst,1801163,5,52,Kolkata,Low,Yes,19-03-2024,24-08-2029,295845,Yes
4552,AnanyaSharma,Legal,Specialist,1085749,12,52,Hyderabad,High,No,21-03-2018,,107955,Yes
4553,SaanviIyer,Sales,Analyst,663999,18,49,Hyderabad,Average,No,01-02-2019,,82881,Yes
4554,IshaanSingh,Legal,Manager,1377416,17,54,Mumbai,High,No,30-11-2022,,69213,Yes
4555,AaravMehta,Operations,Manager,1321972,17,59,Bangalore,Low,No,02-12-2015,,163819,No
4556,SaiGupta,Finance,Analyst,1498716,0,38,Bangalore,High,No,20-06-2021,,155927,Yes
4557,KiaraPatel,Sales,Lead,1117191,6,45,Pune,Average,Yes,26-01-2018,29-03-2022,260425,No
4558,RiyaReddy,Marketing,Executive,1048755,10,35,Mumbai,High,No,26-02-2023,,158450,No
4559,IshaanNair,Operations,Specialist,1913196,12,54,Kolkata,High,No,08-11-2016,,106380,Yes
4560,AdityaIyer,HR,Lead,1145859,4,26,Hyderabad,Low,Yes,02-03-2024,11-12-2027,275063,Yes
4561,ArjunVerma,HR,Consultant,1132114,10,30,Mumbai,High,No,14-09-2017,,251315,Yes
4562,SaanviNair,Sales,Consultant,599987,7,39,Pune,Low,No,22-07-2023,,67872,No
4563,KiaraMehta,IT,Manager,1946772,17,29,Pune,Low,No,13-08-2020,,208380,No
4564,KrishnaSingh,Sales,Lead,885345,8,29,Delhi,Average,No,16-09-2022,,193600,Yes
4565,VihaanSingh,Finance,Executive,1196325,8,36,Chennai,Low,No,17-09-2015,,276435,No
4566,SaanviSharma,Admin,Manager,258126,5,31,Kolkata,High,Yes,26-10-2019,12-02-2024,44280,No
4567,IshaanPatel,Admin,Lead,1174416,3,39,Chennai,High,Yes,30-10-2024,15-05-2026,292350,No
4568,NavyaReddy,Operations,Consultant,1782457,2,34,Bangalore,Low,No,12-02-2024,,378033,No
